#include "Graphic.h"

/*
 * 64x400 map data
 */
const unsigned short MAP_64x200[MAP_64x200_w * MAP_64x200_h] = {
0x0000, 0x0000, 0x0000, 0x0000, 0x0000, 0x0000, 0x0000, 0x0000, 
0x0000, 0x0000, 0x0000, 0x0000, 0x0000, 0x0000, 0x0000, 0x0000, 
0x0000, 0x0000, 0x0000, 0x0000, 0x0000, 0x0000, 0x0000, 0x0000, 
0x0000, 0x0000, 0x0000, 0x0000, 0x0000, 0x0000, 0x0000, 0x0000, 
0x0000, 0x0000, 0x0000, 0x0000, 0x0000, 0x0000, 0x0000, 0x0000, 
0x0000, 0x0000, 0x0000, 0x0000, 0x0000, 0x0000, 0x0000, 0x0000, 
0x0000, 0x0000, 0x0000, 0x0000, 0x0000, 0x0000, 0x0000, 0x0000, 
0x0000, 0x0000, 0x0000, 0x0000, 0x0000, 0x0000, 0x0000, 0x0000, 
0x0000, 0x0000, 0x0000, 0x0000, 0x0000, 0x0000, 0x0000, 0x0000, 
0x0000, 0x0000, 0x0000, 0x0000, 0x0000, 0x0000, 0x0000, 0x0000, 
0x0000, 0x0000, 0x0000, 0x0000, 0x0000, 0x0000, 0x0000, 0x0000, 
0x0000, 0x0000, 0x0000, 0x0000, 0x0000, 0x0000, 0x0000, 0x0000, 
0x0000, 0x0000, 0x0000, 0x0000, 0x0000, 0x0000, 0x0000, 0x0000, 
0x0000, 0x0000, 0x0000, 0x0000, 0x0000, 0x0000, 0x0000, 0x0000, 
0x0000, 0x0000, 0x0000, 0x0000, 0x0000, 0x0000, 0x0000, 0x0000, 
0x0000, 0x0000, 0x0000, 0x0000, 0x0000, 0x0000, 0x0000, 0x0000, 
0x0000, 0x0000, 0x0000, 0x0000, 0x0000, 0x0000, 0x0000, 0x0000, 
0x0000, 0x0000, 0x0000, 0x0000, 0x0000, 0x0000, 0x0000, 0x0000, 
0x0000, 0x0000, 0x0000, 0x0000, 0x0000, 0x0000, 0x0000, 0x0000, 
0x0000, 0x0000, 0x0000, 0x0000, 0x0000, 0x0000, 0x0000, 0x0000, 
0x0000, 0x0000, 0x0000, 0x0000, 0x0000, 0x0000, 0x0000, 0x0000, 
0x0000, 0x0000, 0x0000, 0x0000, 0x0000, 0x0000, 0x0000, 0x0000, 
0x0000, 0x0000, 0x0000, 0x0000, 0x0000, 0x0000, 0x0000, 0x0000, 
0x0000, 0x0000, 0x0000, 0x0000, 0x0000, 0x0000, 0x0000, 0x0000, 
0x0000, 0x0000, 0x0000, 0x0000, 0x0000, 0x0000, 0x0000, 0x0000, 
0x0000, 0x0000, 0x0000, 0x0000, 0x0000, 0x0000, 0x0000, 0x0000, 
0x0000, 0x0000, 0x0000, 0x0000, 0x0000, 0x0000, 0x0000, 0x0000, 
0x0000, 0x0000, 0x0000, 0x0000, 0x0000, 0x0000, 0x0000, 0x0000, 
0x0000, 0x0000, 0x0000, 0x0000, 0x0000, 0x0000, 0x0000, 0x0000, 
0x0000, 0x0000, 0x0000, 0x0000, 0x0000, 0x0000, 0x0000, 0x0000, 
0x0000, 0x0000, 0x0000, 0x0000, 0x0000, 0x0000, 0x0000, 0x0000, 
0x0000, 0x0000, 0x0000, 0x0000, 0x0000, 0x0000, 0x0000, 0x0000, 
0x0000, 0x0000, 0x0000, 0x0000, 0x0000, 0x0000, 0x0000, 0x0000, 
0x0000, 0x0000, 0x0000, 0x0000, 0x0000, 0x0000, 0x0000, 0x0000, 
0x0000, 0x0000, 0x0000, 0x0000, 0x0000, 0x0000, 0x0000, 0x0000, 
0x0000, 0x0000, 0x0000, 0x0000, 0x0000, 0x0000, 0x0000, 0x0000, 
0x0000, 0x0000, 0x0000, 0x0000, 0x0000, 0x0000, 0x0000, 0x0000, 
0x0000, 0x0000, 0x0000, 0x0000, 0x0000, 0x0000, 0x0000, 0x0000, 
0x0000, 0x0000, 0x0000, 0x0000, 0x0000, 0x0000, 0x0000, 0x0000, 
0x0000, 0x0000, 0x0000, 0x0000, 0x0000, 0x0000, 0x0000, 0x0000, 
0x0000, 0x0000, 0x0000, 0x0000, 0x0000, 0x0000, 0x0000, 0x0000, 
0x0000, 0x0000, 0x0000, 0x0000, 0x0000, 0x0000, 0x0000, 0x0000, 
0x0000, 0x0000, 0x0000, 0x0000, 0x0000, 0x0000, 0x0000, 0x0000, 
0x0000, 0x0000, 0x0000, 0x0000, 0x0000, 0x0000, 0x0000, 0x0000, 
0x0000, 0x0000, 0x0000, 0x0000, 0x0000, 0x0000, 0x0000, 0x0000, 
0x0000, 0x0000, 0x0000, 0x0000, 0x0000, 0x0000, 0x0000, 0x0000, 
0x0000, 0x0000, 0x0000, 0x0000, 0x0000, 0x0000, 0x0000, 0x0000, 
0x0000, 0x0000, 0x0000, 0x0000, 0x0000, 0x0000, 0x0000, 0x0000, 
0x0000, 0x0000, 0x0000, 0x0000, 0x0000, 0x0000, 0x0000, 0x0000, 
0x0000, 0x0000, 0x0000, 0x0000, 0x0000, 0x0000, 0x0000, 0x0000, 
0x0000, 0x0000, 0x0000, 0x0000, 0x0000, 0x0000, 0x0000, 0x0000, 
0x0000, 0x0000, 0x0000, 0x0000, 0x0000, 0x0000, 0x0000, 0x0000, 
0x0000, 0x0000, 0x0000, 0x0000, 0x0000, 0x0000, 0x0000, 0x0000, 
0x0000, 0x0000, 0x0000, 0x0000, 0x0000, 0x0000, 0x0000, 0x0000, 
0x0000, 0x0000, 0x0000, 0x0000, 0x0000, 0x0000, 0x0000, 0x0000, 
0x0000, 0x0000, 0x0000, 0x0000, 0x0000, 0x0000, 0x0000, 0x0000, 
0x0000, 0x0000, 0x0000, 0x0000, 0x0000, 0x0000, 0x0000, 0x0000, 
0x0000, 0x0000, 0x0000, 0x0000, 0x0000, 0x0000, 0x0000, 0x0000, 
0x0000, 0x0000, 0x0000, 0x0000, 0x0000, 0x0000, 0x0000, 0x0000, 
0x0000, 0x0000, 0x0000, 0x0000, 0x0000, 0x0000, 0x0000, 0x0000, 
0x0000, 0x0000, 0x0000, 0x0000, 0x0000, 0x0000, 0x0000, 0x0000, 
0x0000, 0x0000, 0x0000, 0x0000, 0x0000, 0x0000, 0x0000, 0x0000, 
0x0000, 0x0000, 0x0000, 0x0000, 0x0000, 0x0000, 0x0000, 0x0000, 
0x0000, 0x0000, 0x0000, 0x0000, 0x0000, 0x0000, 0x0000, 0x0000, 
0x0000, 0x0000, 0x0000, 0x0000, 0x0000, 0x0000, 0x0000, 0x0000, 
0x0000, 0x0000, 0x0000, 0x0000, 0x0000, 0x0000, 0x0000, 0x0000, 
0x0000, 0x0000, 0x0000, 0x0000, 0x0000, 0x0000, 0x0000, 0x0000, 
0x0000, 0x0000, 0x0000, 0x0000, 0x0000, 0x0000, 0x0000, 0x0000, 
0x0000, 0x0000, 0x0000, 0x0000, 0x0000, 0x0000, 0x0000, 0x0000, 
0x0000, 0x0000, 0x0000, 0x0000, 0x0000, 0x0000, 0x0000, 0x0000, 
0x0000, 0x0000, 0x0000, 0x0000, 0x0000, 0x0000, 0x0000, 0x0000, 
0x0000, 0x0000, 0x0000, 0x0000, 0x0000, 0x0000, 0x0000, 0x0000, 
0x0000, 0x0000, 0x0000, 0x0000, 0x0000, 0x0000, 0x0000, 0x0000, 
0x0000, 0x0000, 0x0000, 0x0000, 0x0000, 0x0000, 0x0000, 0x0000, 
0x0000, 0x0000, 0x0000, 0x0000, 0x0000, 0x0000, 0x0000, 0x0000, 
0x0000, 0x0000, 0x0000, 0x0000, 0x0000, 0x0000, 0x0000, 0x0000, 
0x0000, 0x0000, 0x0000, 0x0000, 0x0000, 0x0000, 0x0000, 0x0000, 
0x0000, 0x0000, 0x0000, 0x0000, 0x0000, 0x0000, 0x0000, 0x0000, 
0x0000, 0x0000, 0x0000, 0x0000, 0x0000, 0x0000, 0x0000, 0x0000, 
0x0000, 0x0000, 0x0000, 0x0000, 0x0000, 0x0000, 0x0000, 0x0000, 
0x0000, 0x0000, 0x0000, 0x0000, 0x0000, 0x0000, 0x0000, 0x0000, 
0x0000, 0x0000, 0x0000, 0x0000, 0x0000, 0x0000, 0x0000, 0x0000, 
0x0000, 0x0000, 0x0000, 0x0000, 0x0000, 0x0000, 0x0000, 0x0000, 
0x0000, 0x0000, 0x0000, 0x0000, 0x0000, 0x0000, 0x0000, 0x0000, 
0x0000, 0x0000, 0x0000, 0x0000, 0x0000, 0x0000, 0x0000, 0x0000, 
0x0000, 0x0000, 0x0000, 0x0000, 0x0000, 0x0000, 0x0000, 0x0000, 
0x0000, 0x0000, 0x0000, 0x0000, 0x0000, 0x0000, 0x0000, 0x0000, 
0x0000, 0x0000, 0x0000, 0x0000, 0x0000, 0x0000, 0x0000, 0x0000, 
0x0000, 0x0000, 0x0000, 0x0000, 0x0000, 0x0000, 0x0000, 0x0000, 
0x0000, 0x0000, 0x0000, 0x0000, 0x0000, 0x0000, 0x0000, 0x0000, 
0x0000, 0x0000, 0x0000, 0x0000, 0x0000, 0x0000, 0x0000, 0x0000, 
0x0000, 0x0000, 0x0000, 0x0000, 0x0000, 0x0000, 0x0000, 0x0000, 
0x0000, 0x0000, 0x0000, 0x0000, 0x0000, 0x0000, 0x0000, 0x0000, 
0x0000, 0x0000, 0x0000, 0x0000, 0x0000, 0x0000, 0x0000, 0x0000, 
0x0000, 0x0000, 0x0000, 0x0000, 0x0000, 0x0000, 0x0000, 0x0000, 
0x0000, 0x0000, 0x0000, 0x0000, 0x0000, 0x0000, 0x0000, 0x0000, 
0x0000, 0x0000, 0x0000, 0x0000, 0x0000, 0x0000, 0x0000, 0x0000, 
0x0000, 0x0000, 0x0000, 0x0000, 0x0000, 0x0000, 0x0000, 0x0000, 
0x0000, 0x0000, 0x0000, 0x0000, 0x0000, 0x0000, 0x0000, 0x0000, 
0x0000, 0x0000, 0x0000, 0x0000, 0x0000, 0x0000, 0x0000, 0x0000, 
0x0000, 0x0000, 0x0000, 0x0000, 0x0000, 0x0000, 0x0000, 0x0000, 
0x0000, 0x0000, 0x0000, 0x0000, 0x0000, 0x0000, 0x0000, 0x0000, 
0x0000, 0x0000, 0x0000, 0x0000, 0x0000, 0x0000, 0x0000, 0x0000, 
0x0000, 0x0000, 0x0000, 0x0000, 0x0000, 0x0000, 0x0000, 0x0000, 
0x0000, 0x0000, 0x0000, 0x0000, 0x0000, 0x0000, 0x0000, 0x0000, 
0x0000, 0x0000, 0x0000, 0x0000, 0x0000, 0x0000, 0x0000, 0x0000, 
0x0000, 0x0000, 0x0000, 0x0000, 0x0000, 0x0000, 0x0000, 0x0000, 
0x0000, 0x0000, 0x0000, 0x0000, 0x0000, 0x0000, 0x0000, 0x0000, 
0x0000, 0x0000, 0x0000, 0x0000, 0x0000, 0x0000, 0x0000, 0x0000, 
0x0000, 0x0000, 0x0000, 0x0000, 0x0000, 0x0000, 0x0000, 0x0000, 
0x0000, 0x0000, 0x0000, 0x0000, 0x0000, 0x0000, 0x0000, 0x0000, 
0x0000, 0x0000, 0x0000, 0x0000, 0x0000, 0x0000, 0x0000, 0x0000, 
0x0000, 0x0000, 0x0000, 0x0000, 0x0000, 0x0000, 0x0000, 0x0000, 
0x0000, 0x0000, 0x0000, 0x0000, 0x0000, 0x0000, 0x0000, 0x0000, 
0x0000, 0x0000, 0x0000, 0x0000, 0x0000, 0x0000, 0x0000, 0x0000, 
0x0000, 0x0000, 0x0000, 0x0000, 0x0000, 0x0000, 0x0000, 0x0000, 
0x0000, 0x0000, 0x0000, 0x0000, 0x0000, 0x0000, 0x0000, 0x0000, 
0x0000, 0x0000, 0x0000, 0x0000, 0x0000, 0x0000, 0x0000, 0x0000, 
0x0000, 0x0000, 0x0000, 0x0000, 0x0000, 0x0000, 0x0000, 0x0000, 
0x0000, 0x0000, 0x0000, 0x0000, 0x0000, 0x0000, 0x0000, 0x0000, 
0x0000, 0x0000, 0x0000, 0x0000, 0x0000, 0x0000, 0x0000, 0x0000, 
0x0000, 0x0000, 0x0000, 0x0000, 0x0000, 0x0000, 0x0000, 0x0000, 
0x0000, 0x0000, 0x0000, 0x0000, 0x0000, 0x0000, 0x0000, 0x0000, 
0x0000, 0x0000, 0x0000, 0x0000, 0x0000, 0x0000, 0x0000, 0x0000, 
0x0000, 0x0000, 0x0000, 0x0000, 0x0000, 0x0000, 0x0000, 0x0000, 
0x0000, 0x0000, 0x0000, 0x0000, 0x0000, 0x0000, 0x0000, 0x0000, 
0x0000, 0x0000, 0x0000, 0x0000, 0x0000, 0x0000, 0x0000, 0x0000, 
0x0000, 0x0000, 0x0000, 0x0000, 0x0000, 0x0000, 0x0000, 0x0000, 
0x0000, 0x0000, 0x0000, 0x0000, 0x0000, 0x0000, 0x0000, 0x0000, 
0x0000, 0x0000, 0x0000, 0x0000, 0x0000, 0x0000, 0x0000, 0x0000, 
0x0000, 0x0000, 0x0000, 0x0000, 0x0000, 0x0000, 0x0000, 0x0000, 
0x0000, 0x0000, 0x0000, 0x0000, 0x0000, 0x0000, 0x0000, 0x0000, 
0x0000, 0x0000, 0x0000, 0x0000, 0x0000, 0x0000, 0x0000, 0x0000, 
0x0000, 0x0000, 0x0000, 0x0000, 0x0000, 0x0000, 0x0000, 0x0000, 
0x0000, 0x0000, 0x0000, 0x0000, 0x0000, 0x0000, 0x0000, 0x0000, 
0x0000, 0x0000, 0x0000, 0x0000, 0x0000, 0x0000, 0x0000, 0x0000, 
0x0000, 0x0000, 0x0000, 0x0000, 0x0000, 0x0000, 0x0000, 0x0000, 
0x0000, 0x0000, 0x0000, 0x0000, 0x0000, 0x0000, 0x0000, 0x0000, 
0x0000, 0x0000, 0x0000, 0x0000, 0x0000, 0x0000, 0x0000, 0x0000, 
0x0000, 0x0000, 0x0000, 0x0000, 0x0000, 0x0000, 0x0000, 0x0000, 
0x0000, 0x0000, 0x0000, 0x0000, 0x0000, 0x0000, 0x0000, 0x0000, 
0x0000, 0x0000, 0x0000, 0x0000, 0x0000, 0x0000, 0x0000, 0x0000, 
0x0000, 0x0000, 0x0000, 0x0000, 0x0000, 0x0000, 0x0000, 0x0000, 
0x0000, 0x0000, 0x0000, 0x0000, 0x0000, 0x0000, 0x0000, 0x0000, 
0x0000, 0x0000, 0x0000, 0x0000, 0x0000, 0x0000, 0x0000, 0x0000, 
0x0000, 0x0000, 0x0000, 0x0000, 0x0000, 0x0000, 0x0000, 0x0000, 
0x0000, 0x0000, 0x0000, 0x0000, 0x0000, 0x0000, 0x0000, 0x0000, 
0x0000, 0x0000, 0x0000, 0x0000, 0x0000, 0x0000, 0x0000, 0x0000, 
0x0000, 0x0000, 0x0000, 0x0000, 0x0000, 0x0000, 0x0000, 0x0000, 
0x0000, 0x0000, 0x0000, 0x0000, 0x0000, 0x0000, 0x0000, 0x0000, 
0x0000, 0x0000, 0x0000, 0x0000, 0x0000, 0x0000, 0x0000, 0x0000, 
0x0000, 0x0000, 0x0000, 0x0000, 0x0000, 0x0000, 0x0000, 0x0000, 
0x0000, 0x0000, 0x0000, 0x0000, 0x0000, 0x0000, 0x0000, 0x0000, 
0x0000, 0x0000, 0x0000, 0x0000, 0x0000, 0x0000, 0x0000, 0x0000, 
0x0000, 0x0000, 0x0000, 0x0000, 0x0000, 0x0000, 0x0000, 0x0000, 
0x0000, 0x0000, 0x0000, 0x0000, 0x0000, 0x0000, 0x0000, 0x0000, 
0x0000, 0x0000, 0x0000, 0x0000, 0x0000, 0x0000, 0x0000, 0x0000, 
0x0000, 0x0000, 0x0000, 0x0000, 0x0000, 0x0000, 0x0000, 0x0000, 
0x0000, 0x0000, 0x0000, 0x0000, 0x0000, 0x0000, 0x0000, 0x0000, 
0x0000, 0x0000, 0x0000, 0x0000, 0x0000, 0x0000, 0x0000, 0x0000, 
0x0000, 0x0000, 0x0000, 0x0000, 0x0000, 0x0000, 0x0000, 0x0000, 
0x0000, 0x0000, 0x0000, 0x0000, 0x0000, 0x0000, 0x0000, 0x0000, 
0x0000, 0x0000, 0x0000, 0x0000, 0x0000, 0x0000, 0x0000, 0x0000, 
0x0000, 0x0000, 0x0000, 0x0000, 0x0000, 0x0000, 0x0000, 0x0000, 
0x0000, 0x0000, 0x0000, 0x0000, 0x0000, 0x0000, 0x0000, 0x0000, 
0x0000, 0x0000, 0x0000, 0x0000, 0x0000, 0x0000, 0x0000, 0x0000, 
0x0000, 0x0000, 0x0000, 0x0000, 0x0000, 0x0000, 0x0000, 0x0000, 
0x0000, 0x0000, 0x0000, 0x0000, 0x0000, 0x0000, 0x0000, 0x0000, 
0x0000, 0x0000, 0x0000, 0x0000, 0x0000, 0x0000, 0x0000, 0x0000, 
0x0000, 0x0000, 0x0000, 0x0000, 0x0000, 0x0000, 0x0000, 0x0000, 
0x0000, 0x0000, 0x0000, 0x0000, 0x0000, 0x0000, 0x0000, 0x0000, 
0x0000, 0x0000, 0x0000, 0x0000, 0x0000, 0x0000, 0x0000, 0x0000, 
0x0000, 0x0000, 0x0000, 0x0000, 0x0000, 0x0000, 0x0000, 0x0000, 
0x0000, 0x0000, 0x0000, 0x0000, 0x0000, 0x0000, 0x0000, 0x0000, 
0x0000, 0x0000, 0x0000, 0x0000, 0x0000, 0x0000, 0x0000, 0x0000, 
0x0000, 0x0000, 0x0000, 0x0000, 0x0000, 0x0000, 0x0000, 0x0000, 
0x0000, 0x0000, 0x0000, 0x0000, 0x0000, 0x0000, 0x0000, 0x0000, 
0x0000, 0x0000, 0x0000, 0x0000, 0x0000, 0x0000, 0x0000, 0x0000, 
0x0000, 0x0000, 0x0000, 0x0000, 0x0000, 0x0000, 0x0000, 0x0000, 
0x0000, 0x0000, 0x0000, 0x0000, 0x0000, 0x0000, 0x0000, 0x0000, 
0x0000, 0x0000, 0x0000, 0x0000, 0x0000, 0x0000, 0x0000, 0x0000, 
0x0000, 0x0000, 0x0000, 0x0000, 0x0000, 0x0000, 0x0000, 0x0000, 
0x0000, 0x0000, 0x0000, 0x0000, 0x0000, 0x0000, 0x0000, 0x0000, 
0x0000, 0x0000, 0x0000, 0x0000, 0x0000, 0x0000, 0x0000, 0x0000, 
0x0000, 0x0000, 0x0000, 0x0000, 0x0000, 0x0000, 0x0000, 0x0000, 
0x0000, 0x0000, 0x0000, 0x0000, 0x0000, 0x0000, 0x0000, 0x0000, 
0x0000, 0x0000, 0x0000, 0x0000, 0x0000, 0x0000, 0x0000, 0x0000, 
0x0000, 0x0000, 0x0000, 0x0000, 0x0000, 0x0000, 0x0000, 0x0000, 
0x0000, 0x0000, 0x0000, 0x0000, 0x0000, 0x0000, 0x0000, 0x0000, 
0x0000, 0x0000, 0x0000, 0x0000, 0x0000, 0x0000, 0x0000, 0x0000, 
0x0000, 0x0000, 0x0000, 0x0000, 0x0000, 0x0000, 0x0000, 0x0000, 
0x0000, 0x0000, 0x0000, 0x0000, 0x0000, 0x0000, 0x0000, 0x0000, 
0x0000, 0x0000, 0x0000, 0x0000, 0x0000, 0x0000, 0x0000, 0x0000, 
0x0000, 0x0000, 0x0000, 0x0000, 0x0000, 0x0000, 0x0000, 0x0000, 
0x0000, 0x0000, 0x0000, 0x0000, 0x0000, 0x0000, 0x0000, 0x0000, 
0x0000, 0x0000, 0x0000, 0x0000, 0x0000, 0x0000, 0x0000, 0x0000, 
0x0000, 0x0000, 0x0000, 0x0000, 0x0000, 0x0000, 0x0000, 0x0000, 
0x0000, 0x0000, 0x0000, 0x0000, 0x0000, 0x0000, 0x0000, 0x0000, 
0x0000, 0x0000, 0x0000, 0x0000, 0x0000, 0x0000, 0x0000, 0x0000, 
0x0000, 0x0000, 0x0000, 0x0000, 0x0000, 0x0000, 0x0000, 0x0000, 
0x0000, 0x0000, 0x0000, 0x0000, 0x0000, 0x0000, 0x0000, 0x0000, 
0x0000, 0x0000, 0x0000, 0x0000, 0x0000, 0x0000, 0x0000, 0x0000, 
0x0000, 0x0000, 0x0000, 0x0000, 0x0000, 0x0000, 0x0000, 0x0000, 
0x0000, 0x0000, 0x0000, 0x0000, 0x0000, 0x0000, 0x0000, 0x0000, 
0x0000, 0x0000, 0x0000, 0x0000, 0x0000, 0x0000, 0x0000, 0x0000, 
0x0000, 0x0000, 0x0000, 0x0000, 0x0000, 0x0000, 0x0000, 0x0000, 
0x0000, 0x0000, 0x0000, 0x0000, 0x0000, 0x0000, 0x0000, 0x0000, 
0x0000, 0x0000, 0x0000, 0x0000, 0x0000, 0x0000, 0x0000, 0x0000, 
0x0000, 0x0000, 0x0000, 0x0000, 0x0000, 0x0000, 0x0000, 0x0000, 
0x0000, 0x0000, 0x0000, 0x0000, 0x0000, 0x0000, 0x0000, 0x0000, 
0x0000, 0x0000, 0x0000, 0x0000, 0x0000, 0x0000, 0x0000, 0x0000, 
0x0000, 0x0000, 0x0000, 0x0000, 0x0000, 0x0000, 0x0000, 0x0000, 
0x0000, 0x0000, 0x0000, 0x0000, 0x0000, 0x0000, 0x0000, 0x0000, 
0x0000, 0x0000, 0x0000, 0x0000, 0x0000, 0x0000, 0x0000, 0x0000, 
0x0000, 0x0000, 0x0000, 0x0000, 0x0000, 0x0000, 0x0000, 0x0000, 
0x0000, 0x0000, 0x0000, 0x0000, 0x0000, 0x0000, 0x0000, 0x0000, 
0x0000, 0x0000, 0x0000, 0x0000, 0x0000, 0x0000, 0x0000, 0x0000, 
0x0000, 0x0000, 0x0000, 0x0000, 0x0000, 0x0000, 0x0000, 0x0000, 
0x0000, 0x0000, 0x0000, 0x0000, 0x0000, 0x0000, 0x0000, 0x0000, 
0x0000, 0x0000, 0x0000, 0x0000, 0x0000, 0x0000, 0x0000, 0x0000, 
0x0000, 0x0000, 0x0000, 0x0000, 0x0000, 0x0000, 0x0000, 0x0000, 
0x0000, 0x0000, 0x0000, 0x0000, 0x0000, 0x0000, 0x0000, 0x0000, 
0x0000, 0x0000, 0x0000, 0x0000, 0x0000, 0x0000, 0x0000, 0x0000, 
0x0000, 0x0000, 0x0000, 0x0000, 0x0000, 0x0000, 0x0000, 0x0000, 
0x0000, 0x0000, 0x0000, 0x0000, 0x0000, 0x0000, 0x0000, 0x0000, 
0x0000, 0x0000, 0x0000, 0x0000, 0x0000, 0x0000, 0x0000, 0x0000, 
0x0000, 0x0000, 0x0000, 0x0000, 0x0000, 0x0000, 0x0000, 0x0000, 
0x0000, 0x0000, 0x0000, 0x0000, 0x0000, 0x0000, 0x0000, 0x0000, 
0x0000, 0x0000, 0x0000, 0x0000, 0x0000, 0x0000, 0x0000, 0x0000, 
0x0000, 0x0000, 0x0000, 0x0000, 0x0000, 0x0000, 0x0000, 0x0000, 
0x0000, 0x0000, 0x0000, 0x0000, 0x0000, 0x0000, 0x0000, 0x0000, 
0x0000, 0x0000, 0x0000, 0x0000, 0x0000, 0x0000, 0x0000, 0x0000, 
0x0000, 0x0000, 0x0000, 0x0000, 0x0000, 0x0000, 0x0000, 0x0000, 
0x0000, 0x0000, 0x0000, 0x0000, 0x0000, 0x0000, 0x0000, 0x0000, 
0x0000, 0x0000, 0x0000, 0x0000, 0x0000, 0x0000, 0x0000, 0x0000, 
0x0000, 0x0000, 0x0000, 0x0000, 0x0000, 0x0000, 0x0000, 0x0000, 
0x0000, 0x0000, 0x0000, 0x0000, 0x0000, 0x0000, 0x0000, 0x0000, 
0x0000, 0x0000, 0x0000, 0x0000, 0x0000, 0x0000, 0x0000, 0x0000, 
0x0000, 0x0000, 0x0000, 0x0000, 0x0000, 0x0000, 0x0000, 0x0000, 
0x0000, 0x0000, 0x0000, 0x0000, 0x0000, 0x0000, 0x0000, 0x0000, 
0x0000, 0x0000, 0x0000, 0x0000, 0x0000, 0x0000, 0x0000, 0x0000, 
0x0000, 0x0000, 0x0000, 0x0000, 0x0000, 0x0000, 0x0000, 0x0000, 
0x0000, 0x0000, 0x0000, 0x0000, 0x0000, 0x0000, 0x0000, 0x0000, 
0x0000, 0x0000, 0x0000, 0x0000, 0x0000, 0x0000, 0x0000, 0x0000, 
0x0000, 0x0000, 0x0000, 0x0000, 0x0000, 0x0000, 0x0000, 0x0000, 
0x0000, 0x0000, 0x0000, 0x0000, 0x0000, 0x0000, 0x0000, 0x0000, 
0x0000, 0x0000, 0x0000, 0x0000, 0x0000, 0x0000, 0x0000, 0x0000, 
0x0000, 0x0000, 0x0000, 0x0000, 0x0000, 0x0000, 0x0000, 0x0000, 
0x0000, 0x0000, 0x0000, 0x0000, 0x0000, 0x0000, 0x0000, 0x0000, 
0x0000, 0x0000, 0x0000, 0x0000, 0x0000, 0x0000, 0x0000, 0x0000, 
0x0000, 0x0000, 0x0000, 0x0000, 0x0000, 0x0000, 0x0000, 0x0000, 
0x0000, 0x0000, 0x0000, 0x0000, 0x0000, 0x0000, 0x0000, 0x0000, 
0x0000, 0x0000, 0x0000, 0x0000, 0x0000, 0x0000, 0x0000, 0x0000, 
0x0000, 0x0000, 0x0000, 0x0000, 0x0000, 0x0000, 0x0000, 0x0000, 
0x0000, 0x0000, 0x0000, 0x0000, 0x0000, 0x0000, 0x0000, 0x0000, 
0x0000, 0x0000, 0x0000, 0x0000, 0x0000, 0x0000, 0x0000, 0x0000, 
0x0000, 0x0000, 0x0000, 0x0000, 0x0000, 0x0000, 0x0000, 0x0000, 
0x0000, 0x0000, 0x0000, 0x0000, 0x0000, 0x0000, 0x0000, 0x0000, 
0x0000, 0x0000, 0x0000, 0x0000, 0x0000, 0x0000, 0x0000, 0x0000, 
0x0000, 0x0000, 0x0000, 0x0000, 0x0000, 0x0000, 0x0000, 0x0000, 
0x0000, 0x0000, 0x0000, 0x0000, 0x0000, 0x0000, 0x0000, 0x0000, 
0x0000, 0x0000, 0x0000, 0x0000, 0x0000, 0x0000, 0x0000, 0x0000, 
0x0000, 0x0000, 0x0000, 0x0000, 0x0000, 0x0000, 0x0000, 0x0000, 
0x0000, 0x0000, 0x0000, 0x0000, 0x0000, 0x0000, 0x0000, 0x0000, 
0x0000, 0x0000, 0x0000, 0x0000, 0x0000, 0x0000, 0x0000, 0x0000, 
0x0000, 0x0000, 0x0000, 0x0000, 0x0000, 0x0000, 0x0000, 0x0000, 
0x0000, 0x0000, 0x0000, 0x0000, 0x0000, 0x0000, 0x0000, 0x0000, 
0x0000, 0x0000, 0x0000, 0x0000, 0x0000, 0x0000, 0x0000, 0x0000, 
0x0000, 0x0000, 0x0000, 0x0000, 0x0000, 0x0000, 0x0000, 0x0000, 
0x0000, 0x0000, 0x0000, 0x0000, 0x0000, 0x0000, 0x0000, 0x0000, 
0x0000, 0x0000, 0x0000, 0x0000, 0x0000, 0x0000, 0x0000, 0x0000, 
0x0000, 0x0000, 0x0000, 0x0000, 0x0000, 0x0000, 0x0000, 0x0000, 
0x0000, 0x0000, 0x0000, 0x0000, 0x0000, 0x0000, 0x0000, 0x0000, 
0x0000, 0x0000, 0x0000, 0x0000, 0x0000, 0x0000, 0x0000, 0x0000, 
0x0000, 0x0000, 0x0000, 0x0000, 0x0000, 0x0000, 0x0000, 0x0000, 
0x0000, 0x0000, 0x0000, 0x0000, 0x0000, 0x0000, 0x0000, 0x0000, 
0x0000, 0x0000, 0x0000, 0x0000, 0x0000, 0x0000, 0x0000, 0x0000, 
0x0000, 0x0000, 0x0000, 0x0000, 0x0000, 0x0000, 0x0000, 0x0000, 
0x0000, 0x0000, 0x0000, 0x0000, 0x0000, 0x0000, 0x0000, 0x0000, 
0x0000, 0x0000, 0x0000, 0x0000, 0x0000, 0x0000, 0x0000, 0x0000, 
0x0000, 0x0000, 0x0000, 0x0000, 0x0000, 0x0000, 0x0000, 0x0000, 
0x0000, 0x0000, 0x0000, 0x0000, 0x0000, 0x0000, 0x0000, 0x0000, 
0x0000, 0x0000, 0x0000, 0x0000, 0x0000, 0x0000, 0x0000, 0x0000, 
0x0000, 0x0000, 0x0000, 0x0000, 0x0000, 0x0000, 0x0000, 0x0000, 
0x0000, 0x0000, 0x0000, 0x0000, 0x0000, 0x0000, 0x0000, 0x0000, 
0x0000, 0x0000, 0x0000, 0x0000, 0x0000, 0x0000, 0x0000, 0x0000, 
0x0000, 0x0000, 0x0000, 0x0000, 0x0000, 0x0000, 0x0000, 0x0000, 
0x0000, 0x0000, 0x0000, 0x0000, 0x0000, 0x0000, 0x0000, 0x0000, 
0x0000, 0x0000, 0x0000, 0x0000, 0x0000, 0x0000, 0x0000, 0x0000, 
0x0000, 0x0000, 0x0000, 0x0000, 0x0000, 0x0000, 0x0000, 0x0000, 
0x0000, 0x0000, 0x0000, 0x0000, 0x0000, 0x0000, 0x0000, 0x0000, 
0x0000, 0x0000, 0x0000, 0x0000, 0x0000, 0x0000, 0x0000, 0x0000, 
0x0000, 0x0000, 0x0000, 0x0000, 0x0000, 0x0000, 0x0000, 0x0000, 
0x0000, 0x0000, 0x0000, 0x0000, 0x0000, 0x0000, 0x0000, 0x0000, 
0x0000, 0x0000, 0x0000, 0x0000, 0x0000, 0x0000, 0x0000, 0x0000, 
0x0000, 0x0000, 0x0000, 0x0000, 0x0000, 0x0000, 0x0000, 0x0000, 
0x0000, 0x0000, 0x0000, 0x0000, 0x0000, 0x0000, 0x0000, 0x0000, 
0x0000, 0x0000, 0x0000, 0x0000, 0x0000, 0x0000, 0x0000, 0x0000, 
0x0000, 0x0000, 0x0000, 0x0000, 0x0000, 0x0000, 0x0000, 0x0000, 
0x0000, 0x0000, 0x0000, 0x0000, 0x0000, 0x0000, 0x0000, 0x0000, 
0x0000, 0x0000, 0x0000, 0x0000, 0x0000, 0x0000, 0x0000, 0x0000, 
0x0000, 0x0000, 0x0000, 0x0000, 0x0000, 0x0000, 0x0000, 0x0000, 
0x0000, 0x0000, 0x0000, 0x0000, 0x0000, 0x0000, 0x0000, 0x0000, 
0x0000, 0x0000, 0x0000, 0x0000, 0x0000, 0x0000, 0x0000, 0x0000, 
0x0000, 0x0000, 0x0000, 0x0000, 0x0000, 0x0000, 0x0000, 0x0000, 
0x0000, 0x0000, 0x0000, 0x0000, 0x0000, 0x0000, 0x0000, 0x0000, 
0x0000, 0x0000, 0x0000, 0x0000, 0x0000, 0x0000, 0x0000, 0x0000, 
0x0000, 0x0000, 0x0000, 0x0000, 0x0000, 0x0000, 0x0000, 0x0000, 
0x0000, 0x0000, 0x0000, 0x0000, 0x0000, 0x0000, 0x0000, 0x0000, 
0x0000, 0x0000, 0x0000, 0x0000, 0x0000, 0x0000, 0x0000, 0x0000, 
0x0000, 0x0000, 0x0000, 0x0000, 0x0000, 0x0000, 0x0000, 0x0000, 
0x0000, 0x0000, 0x0000, 0x0000, 0x0000, 0x0000, 0x0000, 0x0000, 
0x0000, 0x0000, 0x0000, 0x0000, 0x0000, 0x0000, 0x0000, 0x0000, 
0x0000, 0x0000, 0x0000, 0x0000, 0x0000, 0x0000, 0x0000, 0x0000, 
0x0000, 0x0000, 0x0000, 0x0000, 0x0000, 0x0000, 0x0000, 0x0000, 
0x0000, 0x0000, 0x0000, 0x0000, 0x0000, 0x0000, 0x0000, 0x0000, 
0x0000, 0x0000, 0x0000, 0x0000, 0x0000, 0x0000, 0x0000, 0x0000, 
0x0000, 0x0000, 0x0000, 0x0000, 0x0000, 0x0000, 0x0000, 0x0000, 
0x0000, 0x0000, 0x0000, 0x0000, 0x0000, 0x0000, 0x0000, 0x0000, 
0x0000, 0x0000, 0x0000, 0x0000, 0x0000, 0x0000, 0x0000, 0x0000, 
0x0000, 0x0000, 0x0000, 0x0000, 0x0000, 0x0000, 0x0000, 0x0000, 
0x0000, 0x0000, 0x0000, 0x0000, 0x0000, 0x0000, 0x0000, 0x0000, 
0x0000, 0x0000, 0x0000, 0x0000, 0x0000, 0x0000, 0x0000, 0x0000, 
0x0000, 0x0000, 0x0000, 0x0000, 0x0000, 0x0000, 0x0000, 0x0000, 
0x0000, 0x0000, 0x0000, 0x0000, 0x0000, 0x0000, 0x0000, 0x0000, 
0x0000, 0x0000, 0x0000, 0x0000, 0x0000, 0x0000, 0x0000, 0x0000, 
0x0000, 0x0000, 0x0000, 0x0000, 0x0000, 0x0000, 0x0000, 0x0000, 
0x0000, 0x0000, 0x0000, 0x0000, 0x0000, 0x0000, 0x0000, 0x0000, 
0x0000, 0x0000, 0x0000, 0x0000, 0x0000, 0x0000, 0x0000, 0x0000, 
0x0000, 0x0000, 0x0000, 0x0000, 0x0000, 0x0000, 0x0000, 0x0000, 
0x0000, 0x0000, 0x0000, 0x0000, 0x0000, 0x0000, 0x0000, 0x0000, 
0x0000, 0x0000, 0x0000, 0x0000, 0x0000, 0x0000, 0x0000, 0x0000, 
0x0000, 0x0000, 0x0000, 0x0000, 0x0000, 0x0000, 0x0000, 0x0000, 
0x0000, 0x0000, 0x0000, 0x0000, 0x0000, 0x0000, 0x0000, 0x0000, 
0x0000, 0x0000, 0x0000, 0x0000, 0x0000, 0x0000, 0x0000, 0x0000, 
0x0000, 0x0000, 0x0000, 0x0000, 0x0000, 0x0000, 0x0000, 0x0000, 
0x0000, 0x0000, 0x0000, 0x0000, 0x0000, 0x0000, 0x0000, 0x0000, 
0x0000, 0x0000, 0x0000, 0x0000, 0x0000, 0x0000, 0x0000, 0x0000, 
0x0000, 0x0000, 0x0000, 0x0000, 0x0000, 0x0000, 0x0000, 0x0000, 
0x0000, 0x0000, 0x0000, 0x0000, 0x0000, 0x0000, 0x0000, 0x0000, 
0x0000, 0x0000, 0x0000, 0x0000, 0x0000, 0x0000, 0x0000, 0x0000, 
0x0000, 0x0000, 0x0000, 0x0000, 0x0000, 0x0000, 0x0000, 0x0000, 
0x0000, 0x0000, 0x0000, 0x0000, 0x0000, 0x0000, 0x0000, 0x0000, 
0x0000, 0x0000, 0x0000, 0x0000, 0x0000, 0x0000, 0x0000, 0x0000, 
0x0000, 0x0000, 0x0000, 0x0000, 0x0000, 0x0000, 0x0000, 0x0000, 
0x0000, 0x0000, 0x0000, 0x0000, 0x0000, 0x0000, 0x0000, 0x0000, 
0x0000, 0x0000, 0x0000, 0x0000, 0x0000, 0x0000, 0x0000, 0x0000, 
0x0000, 0x0000, 0x0000, 0x0000, 0x0000, 0x0000, 0x0000, 0x0000, 
0x0000, 0x0000, 0x0000, 0x0000, 0x0000, 0x0000, 0x0000, 0x0000, 
0x0000, 0x0000, 0x0000, 0x0000, 0x0000, 0x0000, 0x0000, 0x0000, 
0x0000, 0x0000, 0x0000, 0x0000, 0x0000, 0x0000, 0x0000, 0x0000, 
0x0000, 0x0000, 0x0000, 0x0000, 0x0000, 0x0000, 0x0000, 0x0000, 
0x0000, 0x0000, 0x0000, 0x0000, 0x0000, 0x0000, 0x0000, 0x0000, 
0x0000, 0x0000, 0x0000, 0x0000, 0x0000, 0x0000, 0x0000, 0x0000, 
0x0000, 0x0000, 0x0000, 0x0000, 0x0000, 0x0000, 0x0000, 0x0000, 
0x0000, 0x0000, 0x0000, 0x0000, 0x0000, 0x0000, 0x0000, 0x0000, 
0x0000, 0x0000, 0x0000, 0x0000, 0x0000, 0x0000, 0x0000, 0x0000, 
0x0000, 0x0000, 0x0000, 0x0000, 0x0000, 0x0000, 0x0000, 0x0000, 
0x0000, 0x0000, 0x0000, 0x0000, 0x0000, 0x0000, 0x0000, 0x0000, 
0x0000, 0x0000, 0x0000, 0x0000, 0x0000, 0x0000, 0x0000, 0x0000, 
0x0000, 0x0000, 0x0000, 0x0000, 0x0000, 0x0000, 0x0000, 0x0000, 
0x0000, 0x0000, 0x0000, 0x0000, 0x0000, 0x0000, 0x0000, 0x0000, 
0x0000, 0x0000, 0x0000, 0x0000, 0x0000, 0x0000, 0x0000, 0x0000, 
0x0000, 0x0000, 0x0000, 0x0000, 0x0000, 0x0000, 0x0000, 0x0000, 
0x0000, 0x0000, 0x0000, 0x0000, 0x0000, 0x0000, 0x0000, 0x0000, 
0x0000, 0x0000, 0x0000, 0x0000, 0x0000, 0x0000, 0x0000, 0x0000, 
0x0000, 0x0000, 0x0000, 0x0000, 0x0000, 0x0000, 0x0000, 0x0000, 
0x0000, 0x0000, 0x0000, 0x0000, 0x0000, 0x0000, 0x0000, 0x0000, 
0x0000, 0x0000, 0x0000, 0x0000, 0x0000, 0x0000, 0x0000, 0x0000, 
0x0000, 0x0000, 0x0000, 0x0000, 0x0000, 0x0000, 0x0000, 0x0000, 
0x0000, 0x0000, 0x0000, 0x0000, 0x0000, 0x0000, 0x0000, 0x0000, 
0x0000, 0x0000, 0x0000, 0x0000, 0x0000, 0x0000, 0x0000, 0x0000, 
0x0000, 0x0000, 0x0000, 0x0000, 0x0000, 0x0000, 0x0000, 0x0000, 
0x0000, 0x0000, 0x0000, 0x0000, 0x0000, 0x0000, 0x0000, 0x0000, 
0x0000, 0x0000, 0x0000, 0x0000, 0x0000, 0x0000, 0x0000, 0x0000, 
0x0000, 0x0000, 0x0000, 0x0000, 0x0000, 0x0000, 0x0000, 0x0000, 
0x0000, 0x0000, 0x0000, 0x0000, 0x0000, 0x0000, 0x0000, 0x0000, 
0x0000, 0x0000, 0x0000, 0x0000, 0x0000, 0x0000, 0x0000, 0x0000, 
0x0000, 0x0000, 0x0000, 0x0000, 0x0000, 0x0000, 0x0000, 0x0000, 
0x0000, 0x0000, 0x0000, 0x0000, 0x0000, 0x0000, 0x0000, 0x0000, 
0x0000, 0x0000, 0x0000, 0x0000, 0x0000, 0x0000, 0x0000, 0x0000, 
0x0000, 0x0000, 0x0000, 0x0000, 0x0000, 0x0000, 0x0000, 0x0000, 
0x0000, 0x0000, 0x0000, 0x0000, 0x0000, 0x0000, 0x0000, 0x0000, 
0x0000, 0x0000, 0x0000, 0x0000, 0x0000, 0x0000, 0x0000, 0x0000, 
0x0000, 0x0000, 0x0000, 0x0000, 0x0000, 0x0000, 0x0000, 0x0000, 
0x0000, 0x0000, 0x0000, 0x0000, 0x0000, 0x0000, 0x0000, 0x0000, 
0x0000, 0x0000, 0x0000, 0x0000, 0x0000, 0x0000, 0x0000, 0x0000, 
0x0000, 0x0000, 0x0000, 0x0000, 0x0000, 0x0000, 0x0000, 0x0000, 
0x0000, 0x0000, 0x0000, 0x0000, 0x0000, 0x0000, 0x0000, 0x0000, 
0x0000, 0x0000, 0x0000, 0x0000, 0x0000, 0x0000, 0x0000, 0x0000, 
0x0000, 0x0000, 0x0000, 0x0000, 0x0000, 0x0000, 0x0000, 0x0000, 
0x0000, 0x0000, 0x0000, 0x0000, 0x0000, 0x0000, 0x0000, 0x0000, 
0x0000, 0x0000, 0x0000, 0x0000, 0x0000, 0x0000, 0x0000, 0x0000, 
0x0000, 0x0000, 0x0000, 0x0000, 0x0000, 0x0000, 0x0000, 0x0000, 
0x0000, 0x0000, 0x0000, 0x0000, 0x0000, 0x0000, 0x0000, 0x0000, 
0x0000, 0x0000, 0x0000, 0x0000, 0x0000, 0x0000, 0x0000, 0x0000, 
0x0000, 0x0000, 0x0000, 0x0000, 0x0000, 0x0000, 0x0000, 0x0000, 
0x0000, 0x0000, 0x0000, 0x0000, 0x0000, 0x0000, 0x0000, 0x0000, 
0x0000, 0x0000, 0x0000, 0x0000, 0x0000, 0x0000, 0x0000, 0x0000, 
0x0000, 0x0000, 0x0000, 0x0000, 0x0000, 0x0000, 0x0000, 0x0000, 
0x0000, 0x0000, 0x0000, 0x0000, 0x0000, 0x0000, 0x0000, 0x0000, 
0x0000, 0x0000, 0x0000, 0x0000, 0x0000, 0x0000, 0x0000, 0x0000, 
0x0000, 0x0000, 0x0000, 0x0000, 0x0000, 0x0000, 0x0000, 0x0000, 
0x0000, 0x0000, 0x0000, 0x0000, 0x0000, 0x0000, 0x0000, 0x0000, 
0x0000, 0x0000, 0x0000, 0x0000, 0x0000, 0x0000, 0x0000, 0x0000, 
0x0000, 0x0000, 0x0000, 0x0000, 0x0000, 0x0000, 0x0000, 0x0000, 
0x0000, 0x0000, 0x0000, 0x0000, 0x0000, 0x0000, 0x0000, 0x0000, 
0x0000, 0x0000, 0x0000, 0x0000, 0x0000, 0x0000, 0x0000, 0x0000, 
0x0000, 0x0000, 0x0000, 0x0000, 0x0000, 0x0000, 0x0000, 0x0000, 
0x0000, 0x0000, 0x0000, 0x0000, 0x0000, 0x0000, 0x0000, 0x0000, 
0x0000, 0x0000, 0x0000, 0x0000, 0x0000, 0x0000, 0x0000, 0x0000, 
0x0000, 0x0000, 0x0000, 0x0000, 0x0000, 0x0000, 0x0000, 0x0000, 
0x0000, 0x0000, 0x0000, 0x0000, 0x0000, 0x0000, 0x0000, 0x0000, 
0x0000, 0x0000, 0x0000, 0x0000, 0x0000, 0x0000, 0x0000, 0x0000, 
0x0000, 0x0000, 0x0000, 0x0000, 0x0000, 0x0000, 0x0000, 0x0000, 
0x0000, 0x0000, 0x0000, 0x0000, 0x0000, 0x0000, 0x0000, 0x0000, 
0x0000, 0x0000, 0x0000, 0x0000, 0x0000, 0x0000, 0x0000, 0x0000, 
0x0000, 0x0000, 0x0000, 0x0000, 0x0000, 0x0000, 0x0000, 0x0000, 
0x0000, 0x0000, 0x0000, 0x0000, 0x0000, 0x0000, 0x0000, 0x0000, 
0x0000, 0x0000, 0x0000, 0x0000, 0x0000, 0x0000, 0x0000, 0x0000, 
0x0000, 0x0000, 0x0000, 0x0000, 0x0000, 0x0000, 0x0000, 0x0000, 
0x0000, 0x0000, 0x0000, 0x0000, 0x0000, 0x0000, 0x0000, 0x0000, 
0x0000, 0x0000, 0x0000, 0x0000, 0x0000, 0x0000, 0x0000, 0x0000, 
0x0000, 0x0000, 0x0000, 0x0000, 0x0000, 0x0000, 0x0000, 0x0000, 
0x0000, 0x0000, 0x0000, 0x0000, 0x0000, 0x0000, 0x0000, 0x0000, 
0x0000, 0x0000, 0x0000, 0x0000, 0x0000, 0x0000, 0x0000, 0x0000, 
0x0000, 0x0000, 0x0000, 0x0000, 0x0000, 0x0000, 0x0000, 0x0000, 
0x0000, 0x0000, 0x0000, 0x0000, 0x0000, 0x0000, 0x0000, 0x0000, 
0x0000, 0x0000, 0x0000, 0x0000, 0x0000, 0x0000, 0x0000, 0x0000, 
0x0000, 0x0000, 0x0000, 0x0000, 0x0000, 0x0000, 0x0000, 0x0000, 
0x0000, 0x0000, 0x0000, 0x0000, 0x0000, 0x0000, 0x0000, 0x0000, 
0x0000, 0x0000, 0x0000, 0x0000, 0x0000, 0x0000, 0x0000, 0x0000, 
0x0000, 0x0000, 0x0000, 0x0000, 0x0000, 0x0000, 0x0000, 0x0000, 
0x0000, 0x0000, 0x0000, 0x0000, 0x0000, 0x0000, 0x0000, 0x0000, 
0x0000, 0x0000, 0x0000, 0x0000, 0x0000, 0x0000, 0x0000, 0x0000, 
0x0000, 0x0000, 0x0000, 0x0000, 0x0000, 0x0000, 0x0000, 0x0000, 
0x0000, 0x0000, 0x0000, 0x0000, 0x0000, 0x0000, 0x0000, 0x0000, 
0x0000, 0x0000, 0x0000, 0x0000, 0x0000, 0x0000, 0x0000, 0x0000, 
0x0000, 0x0000, 0x0000, 0x0000, 0x0000, 0x0000, 0x0000, 0x0000, 
0x0000, 0x0000, 0x0000, 0x0000, 0x0000, 0x0000, 0x0000, 0x0000, 
0x0000, 0x0000, 0x0000, 0x0000, 0x0000, 0x0000, 0x0000, 0x0000, 
0x0000, 0x0000, 0x0000, 0x0000, 0x0000, 0x0000, 0x0000, 0x0000, 
0x0000, 0x0000, 0x0000, 0x0000, 0x0000, 0x0000, 0x0000, 0x0000, 
0x0000, 0x0000, 0x0000, 0x0000, 0x0000, 0x0000, 0x0000, 0x0000, 
0x0000, 0x0000, 0x0000, 0x0000, 0x0000, 0x0000, 0x0000, 0x0000, 
0x0000, 0x0000, 0x0000, 0x0000, 0x0000, 0x0000, 0x0000, 0x0000, 
0x0000, 0x0000, 0x0000, 0x0000, 0x0000, 0x0000, 0x0000, 0x0000, 
0x0000, 0x0000, 0x0000, 0x0000, 0x0000, 0x0000, 0x0000, 0x0000, 
0x0000, 0x0000, 0x0000, 0x0000, 0x0000, 0x0000, 0x0000, 0x0000, 
0x0000, 0x0000, 0x0000, 0x0000, 0x0000, 0x0000, 0x0000, 0x0000, 
0x0000, 0x0000, 0x0000, 0x0000, 0x0000, 0x0000, 0x0000, 0x0000, 
0x0000, 0x0000, 0x0000, 0x0000, 0x0000, 0x0000, 0x0000, 0x0000, 
0x0000, 0x0000, 0x0000, 0x0000, 0x0000, 0x0000, 0x0000, 0x0000, 
0x0000, 0x0000, 0x0000, 0x0000, 0x0000, 0x0000, 0x0000, 0x0000, 
0x0000, 0x0000, 0x0000, 0x0000, 0x0000, 0x0000, 0x0000, 0x0000, 
0x0000, 0x0000, 0x0000, 0x0000, 0x0000, 0x0000, 0x0000, 0x0000, 
0x0000, 0x0000, 0x0000, 0x0000, 0x0000, 0x0000, 0x0000, 0x0000, 
0x0000, 0x0000, 0x0000, 0x0000, 0x0000, 0x0000, 0x0000, 0x0000, 
0x0000, 0x0000, 0x0000, 0x0000, 0x0000, 0x0000, 0x0000, 0x0000, 
0x0000, 0x0000, 0x0000, 0x0000, 0x0000, 0x0000, 0x0000, 0x0000, 
0x0000, 0x0000, 0x0000, 0x0000, 0x0000, 0x0000, 0x0000, 0x0000, 
0x0000, 0x0000, 0x0000, 0x0000, 0x0000, 0x0000, 0x0000, 0x0000, 
0x0000, 0x0000, 0x0000, 0x0000, 0x0000, 0x0000, 0x0000, 0x0000, 
0x0000, 0x0000, 0x0000, 0x0000, 0x0000, 0x0000, 0x0000, 0x0000, 
0x0000, 0x0000, 0x0000, 0x0000, 0x0000, 0x0000, 0x0000, 0x0000, 
0x0000, 0x0000, 0x0000, 0x0000, 0x0000, 0x0000, 0x0000, 0x0000, 
0x0000, 0x0000, 0x0000, 0x0000, 0x0000, 0x0000, 0x0000, 0x0000, 
0x0000, 0x0000, 0x0000, 0x0000, 0x0000, 0x0000, 0x0000, 0x0000, 
0x0000, 0x0000, 0x0000, 0x0000, 0x0000, 0x0000, 0x0000, 0x0000, 
0x0000, 0x0000, 0x0000, 0x0000, 0x0000, 0x0000, 0x0000, 0x0000, 
0x0000, 0x0000, 0x0000, 0x0000, 0x0000, 0x0000, 0x0000, 0x0000, 
0x0000, 0x0000, 0x0000, 0x0000, 0x0000, 0x0000, 0x0000, 0x0000, 
0x0000, 0x0000, 0x0000, 0x0000, 0x0000, 0x0000, 0x0000, 0x0000, 
0x0000, 0x0000, 0x0000, 0x0000, 0x0000, 0x0000, 0x0000, 0x0000, 
0x0000, 0x0000, 0x0000, 0x0000, 0x0000, 0x0000, 0x0000, 0x0000, 
0x0000, 0x0000, 0x0000, 0x0000, 0x0000, 0x0000, 0x0000, 0x0000, 
0x0000, 0x0000, 0x0000, 0x0000, 0x0000, 0x0000, 0x0000, 0x0000, 
0x0000, 0x0000, 0x0000, 0x0000, 0x0000, 0x0000, 0x0000, 0x0000, 
0x0000, 0x0000, 0x0000, 0x0000, 0x0000, 0x0000, 0x0000, 0x0000, 
0x0000, 0x0000, 0x0000, 0x0000, 0x0000, 0x0000, 0x0000, 0x0000, 
0x0000, 0x0000, 0x0000, 0x0000, 0x0000, 0x0000, 0x0000, 0x0000, 
0x0000, 0x0000, 0x0000, 0x0000, 0x0000, 0x0000, 0x0000, 0x0000, 
0x0000, 0x0000, 0x0000, 0x0000, 0x0000, 0x0000, 0x0000, 0x0000, 
0x0000, 0x0000, 0x0000, 0x0000, 0x0000, 0x0000, 0x0000, 0x0000, 
0x0000, 0x0000, 0x0000, 0x0000, 0x0000, 0x0000, 0x0000, 0x0000, 
0x0000, 0x0000, 0x0000, 0x0000, 0x0000, 0x0000, 0x0000, 0x0000, 
0x0000, 0x0000, 0x0000, 0x0000, 0x0000, 0x0000, 0x0000, 0x0000, 
0x0000, 0x0000, 0x0000, 0x0000, 0x0000, 0x0000, 0x0000, 0x0000, 
0x0000, 0x0000, 0x0000, 0x0000, 0x0000, 0x0000, 0x0000, 0x0000, 
0x0000, 0x0000, 0x0000, 0x0000, 0x0000, 0x0000, 0x0000, 0x0000, 
0x0000, 0x0000, 0x0000, 0x0000, 0x0000, 0x0000, 0x0000, 0x0000, 
0x0000, 0x0000, 0x0000, 0x0000, 0x0000, 0x0000, 0x0000, 0x0000, 
0x0000, 0x0000, 0x0000, 0x0000, 0x0000, 0x0000, 0x0000, 0x0000, 
0x0000, 0x0000, 0x0000, 0x0000, 0x0000, 0x0000, 0x0000, 0x0000, 
0x0000, 0x0000, 0x0000, 0x0000, 0x0000, 0x0000, 0x0000, 0x0000, 
0x0000, 0x0000, 0x0000, 0x0000, 0x0000, 0x0000, 0x0000, 0x0000, 
0x0000, 0x0000, 0x0000, 0x0000, 0x0000, 0x0000, 0x0000, 0x0000, 
0x0000, 0x0000, 0x0000, 0x0000, 0x0000, 0x0000, 0x0000, 0x0000, 
0x0000, 0x0000, 0x0000, 0x0000, 0x0000, 0x0000, 0x0000, 0x0000, 
0x0000, 0x0000, 0x0000, 0x0000, 0x0000, 0x0000, 0x0000, 0x0000, 
0x0000, 0x0000, 0x0000, 0x0000, 0x0000, 0x0000, 0x0000, 0x0000, 
0x0000, 0x0000, 0x0000, 0x0000, 0x0000, 0x0000, 0x0000, 0x0000, 
0x0000, 0x0000, 0x0000, 0x0000, 0x0000, 0x0000, 0x0000, 0x0000, 
0x0000, 0x0000, 0x0000, 0x0000, 0x0000, 0x0000, 0x0000, 0x0000, 
0x0000, 0x0000, 0x0000, 0x0000, 0x0000, 0x0000, 0x0000, 0x0000, 
0x0000, 0x0000, 0x0000, 0x0000, 0x0000, 0x0000, 0x0000, 0x0000, 
0x0000, 0x0000, 0x0000, 0x0000, 0x0000, 0x0000, 0x0000, 0x0000, 
0x0000, 0x0000, 0x0000, 0x0000, 0x0000, 0x0000, 0x0000, 0x0000, 
0x0000, 0x0000, 0x0000, 0x0000, 0x0000, 0x0000, 0x0000, 0x0000, 
0x0000, 0x0000, 0x0000, 0x0000, 0x0000, 0x0000, 0x0000, 0x0000, 
0x0000, 0x0000, 0x0000, 0x0000, 0x0000, 0x0000, 0x0000, 0x0000, 
0x0000, 0x0000, 0x0000, 0x0000, 0x0000, 0x0000, 0x0000, 0x0000, 
0x0000, 0x0000, 0x0000, 0x0000, 0x0000, 0x0000, 0x0000, 0x0000, 
0x0000, 0x0000, 0x0000, 0x0000, 0x0000, 0x0000, 0x0000, 0x0000, 
0x0000, 0x0000, 0x0000, 0x0000, 0x0000, 0x0000, 0x0000, 0x0000, 
0x0000, 0x0000, 0x0000, 0x0000, 0x0000, 0x0000, 0x0000, 0x0000, 
0x0000, 0x0000, 0x0000, 0x0000, 0x0000, 0x0000, 0x0000, 0x0000, 
0x0000, 0x0000, 0x0000, 0x0000, 0x0000, 0x0000, 0x0000, 0x0000, 
0x0000, 0x0000, 0x0000, 0x0000, 0x0000, 0x0000, 0x0000, 0x0000, 
0x0000, 0x0000, 0x0000, 0x0000, 0x0000, 0x0000, 0x0000, 0x0000, 
0x0000, 0x0000, 0x0000, 0x0000, 0x0000, 0x0000, 0x0000, 0x0000, 
0x0000, 0x0000, 0x0000, 0x0000, 0x0000, 0x0000, 0x0000, 0x0000, 
0x0000, 0x0000, 0x0000, 0x0000, 0x0000, 0x0000, 0x0000, 0x0000, 
0x0000, 0x0000, 0x0000, 0x0000, 0x0000, 0x0000, 0x0000, 0x0000, 
0x0000, 0x0000, 0x0000, 0x0000, 0x0000, 0x0000, 0x0000, 0x0000, 
0x0000, 0x0000, 0x0000, 0x0000, 0x0000, 0x0000, 0x0000, 0x0000, 
0x0000, 0x0000, 0x0000, 0x0000, 0x0000, 0x0000, 0x0000, 0x0000, 
0x0000, 0x0000, 0x0000, 0x0000, 0x0000, 0x0000, 0x0000, 0x0000, 
0x0000, 0x0000, 0x0000, 0x0000, 0x0000, 0x0000, 0x0000, 0x0000, 
0x0000, 0x0000, 0x0000, 0x0000, 0x0000, 0x0000, 0x0000, 0x0000, 
0x0000, 0x0000, 0x0000, 0x0000, 0x0000, 0x0000, 0x0000, 0x0000, 
0x0000, 0x0000, 0x0000, 0x0000, 0x0000, 0x0000, 0x0000, 0x0000, 
0x0000, 0x0000, 0x0000, 0x0000, 0x0000, 0x0000, 0x0000, 0x0000, 
0x0000, 0x0000, 0x0000, 0x0000, 0x0000, 0x0000, 0x0000, 0x0000, 
0x0000, 0x0000, 0x0000, 0x0000, 0x0000, 0x0000, 0x0000, 0x0000, 
0x0000, 0x0000, 0x0000, 0x0000, 0x0000, 0x0000, 0x0000, 0x0000, 
0x0000, 0x0000, 0x0000, 0x0000, 0x0000, 0x0000, 0x0000, 0x0000, 
0x0000, 0x0000, 0x0000, 0x0000, 0x0000, 0x0000, 0x0000, 0x0000, 
0x0000, 0x0000, 0x0000, 0x0000, 0x0000, 0x0000, 0x0000, 0x0000, 
0x0000, 0x0000, 0x0000, 0x0000, 0x0000, 0x0000, 0x0000, 0x0000, 
0x0000, 0x0000, 0x0000, 0x0000, 0x0000, 0x0000, 0x0000, 0x0000, 
0x0000, 0x0000, 0x0000, 0x0000, 0x0000, 0x0000, 0x0000, 0x0000, 
0x0000, 0x0000, 0x0000, 0x0000, 0x0000, 0x0000, 0x0000, 0x0000, 
0x0000, 0x0000, 0x0000, 0x0000, 0x0000, 0x0000, 0x0000, 0x0000, 
0x0000, 0x0000, 0x0000, 0x0000, 0x0000, 0x0000, 0x0000, 0x0000, 
0x0000, 0x0000, 0x0000, 0x0000, 0x0000, 0x0000, 0x0000, 0x0000, 
0x0000, 0x0000, 0x0000, 0x0000, 0x0000, 0x0000, 0x0000, 0x0000, 
0x0000, 0x0000, 0x0000, 0x0000, 0x0000, 0x0000, 0x0000, 0x0000, 
0x0000, 0x0000, 0x0000, 0x0000, 0x0000, 0x0000, 0x0000, 0x0000, 
0x0000, 0x0000, 0x0000, 0x0000, 0x0000, 0x0000, 0x0000, 0x0000, 
0x0000, 0x0000, 0x0000, 0x0000, 0x0000, 0x0000, 0x0000, 0x0000, 
0x0000, 0x0000, 0x0000, 0x0000, 0x0000, 0x0000, 0x0000, 0x0000, 
0x0000, 0x0000, 0x0000, 0x0000, 0x0000, 0x0000, 0x0000, 0x0000, 
0x0000, 0x0000, 0x0000, 0x0000, 0x0000, 0x0000, 0x0000, 0x0000, 
0x0000, 0x0000, 0x0000, 0x0000, 0x0000, 0x0000, 0x0000, 0x0000, 
0x0000, 0x0000, 0x0000, 0x0000, 0x0000, 0x0000, 0x0000, 0x0000, 
0x0000, 0x0000, 0x0000, 0x0000, 0x0000, 0x0000, 0x0000, 0x0000, 
0x0000, 0x0000, 0x0000, 0x0000, 0x0000, 0x0000, 0x0000, 0x0000, 
0x0000, 0x0000, 0x0000, 0x0000, 0x0000, 0x0000, 0x0000, 0x0000, 
0x0000, 0x0000, 0x0000, 0x0000, 0x0000, 0x0000, 0x0000, 0x0000, 
0x0000, 0x0000, 0x0000, 0x0000, 0x0000, 0x0000, 0x0000, 0x0000, 
0x0000, 0x0000, 0x0000, 0x0000, 0x0000, 0x0000, 0x0000, 0x0000, 
0x0000, 0x0000, 0x0000, 0x0000, 0x0000, 0x0000, 0x0000, 0x0000, 
0x0000, 0x0000, 0x0000, 0x0000, 0x0000, 0x0000, 0x0000, 0x0000, 
0x0000, 0x0000, 0x0000, 0x0000, 0x0000, 0x0000, 0x0000, 0x0000, 
0x0000, 0x0000, 0x0000, 0x0000, 0x0000, 0x0000, 0x0000, 0x0000, 
0x0000, 0x0000, 0x0000, 0x0000, 0x0000, 0x0000, 0x0000, 0x0000, 
0x0000, 0x0000, 0x0000, 0x0000, 0x0000, 0x0000, 0x0000, 0x0000, 
0x0000, 0x0000, 0x0000, 0x0000, 0x0000, 0x0000, 0x0000, 0x0000, 
0x0000, 0x0000, 0x0000, 0x0000, 0x0000, 0x0000, 0x0000, 0x0000, 
0x0000, 0x0000, 0x0000, 0x0000, 0x0000, 0x0000, 0x0000, 0x0000, 
0x0000, 0x0000, 0x0000, 0x0000, 0x0000, 0x0000, 0x0000, 0x0000, 
0x0000, 0x0000, 0x0000, 0x0000, 0x0000, 0x0000, 0x0000, 0x0000, 
0x0000, 0x0000, 0x0000, 0x0000, 0x0000, 0x0000, 0x0000, 0x0000, 
0x0000, 0x0000, 0x0000, 0x0000, 0x0000, 0x0000, 0x0000, 0x0000, 
0x0000, 0x0000, 0x0000, 0x0000, 0x0000, 0x0000, 0x0000, 0x0000, 
0x0000, 0x0000, 0x0000, 0x0000, 0x0000, 0x0000, 0x0000, 0x0000, 
0x0000, 0x0000, 0x0000, 0x0000, 0x0000, 0x0000, 0x0000, 0x0000, 
0x0000, 0x0000, 0x0000, 0x0000, 0x0000, 0x0000, 0x0000, 0x0000, 
0x0000, 0x0000, 0x0000, 0x0000, 0x0000, 0x0000, 0x0000, 0x0000, 
0x0000, 0x0000, 0x0000, 0x0000, 0x0000, 0x0000, 0x0000, 0x0000, 
0x0000, 0x0000, 0x0000, 0x0000, 0x0000, 0x0000, 0x0000, 0x0000, 
0x0000, 0x0000, 0x0000, 0x0000, 0x0000, 0x0000, 0x0000, 0x0000, 
0x0000, 0x0000, 0x0000, 0x0000, 0x0000, 0x0000, 0x0000, 0x0000, 
0x0000, 0x0000, 0x0000, 0x0000, 0x0000, 0x0000, 0x0000, 0x0000, 
0x0000, 0x0000, 0x0000, 0x0000, 0x0000, 0x0000, 0x0000, 0x0000, 
0x0000, 0x0000, 0x0000, 0x0000, 0x0000, 0x0000, 0x0000, 0x0000, 
0x0000, 0x0000, 0x0000, 0x0000, 0x0000, 0x0000, 0x0000, 0x0000, 
0x0000, 0x0000, 0x0000, 0x0000, 0x0000, 0x0000, 0x0000, 0x0000, 
0x0000, 0x0000, 0x0000, 0x0000, 0x0000, 0x0000, 0x0000, 0x0000, 
0x0000, 0x0000, 0x0000, 0x0000, 0x0000, 0x0000, 0x0000, 0x0000, 
0x0000, 0x0000, 0x0000, 0x0000, 0x0000, 0x0000, 0x0000, 0x0000, 
0x0000, 0x0000, 0x0000, 0x0000, 0x0000, 0x0000, 0x0000, 0x0000, 
0x0000, 0x0000, 0x0000, 0x0000, 0x0000, 0x0000, 0x0000, 0x0000, 
0x0000, 0x0000, 0x0000, 0x0000, 0x0000, 0x0000, 0x0000, 0x0000, 
0x0000, 0x0000, 0x0000, 0x0000, 0x0000, 0x0000, 0x0000, 0x0000, 
0x0000, 0x0000, 0x0000, 0x0000, 0x0000, 0x0000, 0x0000, 0x0000, 
0x0000, 0x0000, 0x0000, 0x0000, 0x0000, 0x0000, 0x0000, 0x0000, 
0x0000, 0x0000, 0x0000, 0x0000, 0x0000, 0x0000, 0x0000, 0x0000, 
0x0000, 0x0000, 0x0000, 0x0000, 0x0000, 0x0000, 0x0000, 0x0000, 
0x0000, 0x0000, 0x0000, 0x0000, 0x0000, 0x0000, 0x0000, 0x0000, 
0x0000, 0x0000, 0x0000, 0x0000, 0x0000, 0x0000, 0x0000, 0x0000, 
0x0000, 0x0000, 0x0000, 0x0000, 0x0000, 0x0000, 0x0000, 0x0000, 
0x0000, 0x0000, 0x0000, 0x0000, 0x0000, 0x0000, 0x0000, 0x0000, 
0x0000, 0x0000, 0x0000, 0x0000, 0x0000, 0x0000, 0x0000, 0x0000, 
0x0000, 0x0000, 0x0000, 0x0000, 0x0000, 0x0000, 0x0000, 0x0000, 
0x0000, 0x0000, 0x0000, 0x0000, 0x0000, 0x0000, 0x0000, 0x0000, 
0x0000, 0x0000, 0x0000, 0x0000, 0x0000, 0x0000, 0x0000, 0x0000, 
0x0000, 0x0000, 0x0000, 0x0000, 0x0000, 0x0000, 0x0000, 0x0000, 
0x0000, 0x0000, 0x0000, 0x0000, 0x0000, 0x0000, 0x0000, 0x0000, 
0x0000, 0x0000, 0x0000, 0x0000, 0x0000, 0x0000, 0x0000, 0x0000, 
0x0000, 0x0000, 0x0000, 0x0000, 0x0000, 0x0000, 0x0000, 0x0000, 
0x0000, 0x0000, 0x0000, 0x0000, 0x0000, 0x0000, 0x0000, 0x0000, 
0x0000, 0x0000, 0x0000, 0x0000, 0x0000, 0x0000, 0x0000, 0x0000, 
0x0000, 0x0000, 0x0000, 0x0000, 0x0000, 0x0000, 0x0000, 0x0000, 
0x0000, 0x0000, 0x0000, 0x0000, 0x0000, 0x0000, 0x0000, 0x0000, 
0x0000, 0x0000, 0x0000, 0x0000, 0x0000, 0x0000, 0x0000, 0x0000, 
0x0000, 0x0000, 0x0000, 0x0000, 0x0000, 0x0000, 0x0000, 0x0000, 
0x0000, 0x0000, 0x0000, 0x0000, 0x0000, 0x0000, 0x0000, 0x0000, 
0x0000, 0x0000, 0x0000, 0x0000, 0x0000, 0x0000, 0x0000, 0x0000, 
0x0000, 0x0000, 0x0000, 0x0000, 0x0000, 0x0000, 0x0000, 0x0000, 
0x0000, 0x0000, 0x0000, 0x0000, 0x0000, 0x0000, 0x0000, 0x0000, 
0x0000, 0x0000, 0x0000, 0x0000, 0x0000, 0x0000, 0x0000, 0x0000, 
0x0000, 0x0000, 0x0000, 0x0000, 0x0000, 0x0000, 0x0000, 0x0000, 
0x0000, 0x0000, 0x0000, 0x0000, 0x0000, 0x0000, 0x0000, 0x0000, 
0x0000, 0x0000, 0x0000, 0x0000, 0x0000, 0x0000, 0x0000, 0x0000, 
0x0000, 0x0000, 0x0000, 0x0000, 0x0000, 0x0000, 0x0000, 0x0000, 
0x0000, 0x0000, 0x0000, 0x0000, 0x0000, 0x0000, 0x0000, 0x0000, 
0x0000, 0x0000, 0x0000, 0x0000, 0x0000, 0x0000, 0x0000, 0x0000, 
0x0000, 0x0000, 0x0000, 0x0000, 0x0000, 0x0000, 0x0000, 0x0000, 
0x0000, 0x0000, 0x0000, 0x0000, 0x0000, 0x0000, 0x0000, 0x0000, 
0x0000, 0x0000, 0x0000, 0x0000, 0x0000, 0x0000, 0x0000, 0x0000, 
0x0000, 0x0000, 0x0000, 0x0000, 0x0000, 0x0000, 0x0000, 0x0000, 
0x0000, 0x0000, 0x0000, 0x0000, 0x0000, 0x0000, 0x0000, 0x0000, 
0x0000, 0x0000, 0x0000, 0x0000, 0x0000, 0x0000, 0x0000, 0x0000, 
0x0000, 0x0000, 0x0000, 0x0000, 0x0000, 0x0000, 0x0000, 0x0000, 
0x0000, 0x0000, 0x0000, 0x0000, 0x0000, 0x0000, 0x0000, 0x0000, 
0x0000, 0x0000, 0x0000, 0x0000, 0x0000, 0x0000, 0x0000, 0x0000, 
0x0000, 0x0000, 0x0000, 0x0000, 0x0000, 0x0000, 0x0000, 0x0000, 
0x0000, 0x0000, 0x0000, 0x0000, 0x0000, 0x0000, 0x0000, 0x0000, 
0x0000, 0x0000, 0x0000, 0x0000, 0x0000, 0x0000, 0x0000, 0x0000, 
0x0000, 0x0000, 0x0000, 0x0000, 0x0000, 0x0000, 0x0000, 0x0000, 
0x0000, 0x0000, 0x0000, 0x0000, 0x0000, 0x0000, 0x0000, 0x0000, 
0x0000, 0x0000, 0x0000, 0x0000, 0x0000, 0x0000, 0x0000, 0x0000, 
0x0000, 0x0000, 0x0000, 0x0000, 0x0000, 0x0000, 0x0000, 0x0000, 
0x0000, 0x0000, 0x0000, 0x0000, 0x0000, 0x0000, 0x0000, 0x0000, 
0x0000, 0x0000, 0x0000, 0x0000, 0x0000, 0x0000, 0x0000, 0x0000, 
0x0000, 0x0000, 0x0000, 0x0000, 0x0000, 0x0000, 0x0000, 0x0000, 
0x0000, 0x0000, 0x0000, 0x0000, 0x0000, 0x0000, 0x0000, 0x0000, 
0x0000, 0x0000, 0x0000, 0x0000, 0x0000, 0x0000, 0x0000, 0x0000, 
0x0000, 0x0000, 0x0000, 0x0000, 0x0000, 0x0000, 0x0000, 0x0000, 
0x0000, 0x0000, 0x0000, 0x0000, 0x0000, 0x0000, 0x0000, 0x0000, 
0x0000, 0x0000, 0x0000, 0x0000, 0x0000, 0x0000, 0x0000, 0x0000, 
0x0000, 0x0000, 0x0000, 0x0000, 0x0000, 0x0000, 0x0000, 0x0000, 
0x0000, 0x0000, 0x0000, 0x0000, 0x0000, 0x0000, 0x0000, 0x0000, 
0x0000, 0x0000, 0x0000, 0x0000, 0x0000, 0x0000, 0x0000, 0x0000, 
0x0000, 0x0000, 0x0000, 0x0000, 0x0000, 0x0000, 0x0000, 0x0000, 
0x0000, 0x0000, 0x0000, 0x0000, 0x0000, 0x0000, 0x0000, 0x0000, 
0x0000, 0x0000, 0x0000, 0x0000, 0x0000, 0x0000, 0x0000, 0x0000, 
0x0000, 0x0000, 0x0000, 0x0000, 0x0000, 0x0000, 0x0000, 0x0000, 
0x0000, 0x0000, 0x0000, 0x0000, 0x0000, 0x0000, 0x0000, 0x0000, 
0x0000, 0x0000, 0x0000, 0x0000, 0x0000, 0x0000, 0x0000, 0x0000, 
0x0000, 0x0000, 0x0000, 0x0000, 0x0000, 0x0000, 0x0000, 0x0000, 
0x0000, 0x0000, 0x0000, 0x0000, 0x0000, 0x0000, 0x0000, 0x0000, 
0x0000, 0x0000, 0x0000, 0x0000, 0x0000, 0x0000, 0x0000, 0x0000, 
0x0000, 0x0000, 0x0000, 0x0000, 0x0000, 0x0000, 0x0000, 0x0000, 
0x0000, 0x0000, 0x0000, 0x0000, 0x0000, 0x0000, 0x0000, 0x0000, 
0x0000, 0x0000, 0x0000, 0x0000, 0x0000, 0x0000, 0x0000, 0x0000, 
0x0000, 0x0000, 0x0000, 0x0000, 0x0000, 0x0000, 0x0000, 0x0000, 
0x0000, 0x0000, 0x0000, 0x0000, 0x0000, 0x0000, 0x0000, 0x0000, 
0x0000, 0x0000, 0x0000, 0x0000, 0x0000, 0x0000, 0x0000, 0x0000, 
0x0000, 0x0000, 0x0000, 0x0000, 0x0000, 0x0000, 0x0000, 0x0000, 
0x0000, 0x0001, 0x0401, 0x0002, 0x0003, 0x0000, 0x0000, 0x0000, 
0x0000, 0x0000, 0x0000, 0x0000, 0x0000, 0x0000, 0x0000, 0x0000, 
0x0000, 0x0000, 0x0000, 0x0000, 0x0000, 0x0000, 0x0000, 0x0000, 
0x0000, 0x0000, 0x0000, 0x0000, 0x0000, 0x0000, 0x0000, 0x0000, 
0x0000, 0x0000, 0x0000, 0x0000, 0x0000, 0x0000, 0x0000, 0x0000, 
0x0000, 0x0000, 0x0000, 0x0000, 0x0000, 0x0000, 0x0000, 0x0000, 
0x0000, 0x0000, 0x0000, 0x0000, 0x0000, 0x0000, 0x0000, 0x0000, 
0x0000, 0x0000, 0x0000, 0x0000, 0x0000, 0x0003, 0x0003, 0x0003, 
0x0003, 0x0003, 0x0003, 0x0000, 0x0000, 0x0000, 0x0000, 0x0000, 
0x0000, 0x0000, 0x0000, 0x0000, 0x0000, 0x0000, 0x0000, 0x0000, 
0x0000, 0x0000, 0x0000, 0x0000, 0x0000, 0x0000, 0x0000, 0x0000, 
0x0000, 0x0000, 0x0000, 0x0000, 0x0000, 0x0000, 0x0000, 0x0000, 
0x0000, 0x0000, 0x0000, 0x0000, 0x0000, 0x0000, 0x0000, 0x0000, 
0x0000, 0x0000, 0x0000, 0x0000, 0x0000, 0x0000, 0x0000, 0x0000, 
0x0000, 0x0000, 0x0000, 0x0000, 0x0000, 0x0000, 0x0000, 0x0000, 
0x0000, 0x0000, 0x0000, 0x0000, 0x0000, 0x0003, 0x0003, 0x0003, 
0x0003, 0x0003, 0x0003, 0x0000, 0x0000, 0x0000, 0x0000, 0x0000, 
0x0000, 0x0000, 0x0000, 0x0000, 0x0000, 0x0000, 0x0000, 0x0000, 
0x0000, 0x0000, 0x0000, 0x0000, 0x0000, 0x0000, 0x0000, 0x0000, 
0x0000, 0x0000, 0x0000, 0x0000, 0x0000, 0x0000, 0x0000, 0x0000, 
0x0000, 0x0000, 0x0000, 0x0000, 0x0000, 0x0000, 0x0000, 0x0000, 
0x0000, 0x0000, 0x0000, 0x0000, 0x0000, 0x0000, 0x0000, 0x0000, 
0x0000, 0x0000, 0x0000, 0x0000, 0x0000, 0x0000, 0x0000, 0x0000, 
0x0000, 0x0000, 0x0000, 0x0000, 0x0000, 0x0003, 0x0003, 0x0003, 
0x0003, 0x0003, 0x0000, 0x0000, 0x0000, 0x0000, 0x0000, 0x0000, 
0x0000, 0x0000, 0x0000, 0x0000, 0x0000, 0x0000, 0x0000, 0x0000, 
0x0000, 0x0000, 0x0000, 0x0000, 0x0000, 0x0000, 0x0000, 0x0000, 
0x0000, 0x0000, 0x0000, 0x0000, 0x0000, 0x0000, 0x0000, 0x0000, 
0x0000, 0x0000, 0x0000, 0x0000, 0x0000, 0x0000, 0x0000, 0x0000, 
0x0000, 0x0000, 0x0000, 0x0000, 0x0000, 0x0000, 0x0000, 0x0000, 
0x0000, 0x0000, 0x0000, 0x0000, 0x0000, 0x0000, 0x0000, 0x0000, 
0x0000, 0x0000, 0x0000, 0x0000, 0x0000, 0x0003, 0x0003, 0x0003, 
0x0003, 0x0003, 0x0000, 0x0000, 0x0000, 0x0000, 0x0000, 0x0000, 
0x0000, 0x0000, 0x0000, 0x0000, 0x0000, 0x0000, 0x0000, 0x0000, 
0x0000, 0x0000, 0x0000, 0x0000, 0x0000, 0x0000, 0x0000, 0x0000, 
0x0000, 0x0000, 0x0000, 0x0000, 0x0000, 0x0000, 0x0000, 0x0000, 
0x0000, 0x0000, 0x0000, 0x0000, 0x0000, 0x0000, 0x0000, 0x0000, 
0x0000, 0x0000, 0x0000, 0x0000, 0x0000, 0x0000, 0x0000, 0x0000, 
0x0000, 0x0000, 0x0000, 0x0000, 0x0000, 0x0000, 0x0000, 0x0000, 
0x0000, 0x0000, 0x0000, 0x0000, 0x0000, 0x0003, 0x0003, 0x0003, 
0x0003, 0x0003, 0x0000, 0x0000, 0x0000, 0x0000, 0x0000, 0x0000, 
0x0000, 0x0000, 0x0000, 0x0000, 0x0000, 0x0000, 0x0000, 0x0000, 
0x0000, 0x0000, 0x0000, 0x0000, 0x0000, 0x0000, 0x0000, 0x0000, 
0x0000, 0x0000, 0x0000, 0x0000, 0x0000, 0x0000, 0x0000, 0x0000, 
0x0000, 0x0000, 0x0000, 0x0000, 0x0000, 0x0000, 0x0000, 0x0000, 
0x0000, 0x0000, 0x0000, 0x0000, 0x0000, 0x0000, 0x0000, 0x0000, 
0x0000, 0x0000, 0x0000, 0x0000, 0x0000, 0x0000, 0x0000, 0x0000, 
0x0000, 0x0000, 0x0000, 0x0000, 0x0000, 0x0003, 0x0003, 0x0003, 
0x0003, 0x0003, 0x0000, 0x0000, 0x0000, 0x0000, 0x0000, 0x0000, 
0x0000, 0x0000, 0x0000, 0x0000, 0x0000, 0x0000, 0x0000, 0x0000, 
0x0000, 0x0000, 0x0000, 0x0000, 0x0000, 0x0000, 0x0000, 0x0000, 
0x0000, 0x0000, 0x0000, 0x0000, 0x0000, 0x0000, 0x0000, 0x0000, 
0x0000, 0x0000, 0x0000, 0x0000, 0x0000, 0x0000, 0x0000, 0x0000, 
0x0000, 0x0000, 0x0000, 0x0000, 0x0000, 0x0000, 0x0000, 0x0000, 
0x0000, 0x0000, 0x0000, 0x0000, 0x0000, 0x0000, 0x0000, 0x0000, 
0x0000, 0x0000, 0x0000, 0x0000, 0x0000, 0x0003, 0x0003, 0x0003, 
0x0003, 0x0003, 0x0000, 0x0000, 0x0000, 0x0000, 0x0000, 0x0000, 
0x0000, 0x0000, 0x0000, 0x0000, 0x0000, 0x0000, 0x0000, 0x0000, 
0x0000, 0x0000, 0x0000, 0x0000, 0x0000, 0x0000, 0x0000, 0x0000, 
0x0000, 0x0000, 0x0000, 0x0000, 0x0000, 0x0000, 0x0000, 0x0000, 
0x0000, 0x0000, 0x0000, 0x0000, 0x0000, 0x0000, 0x0000, 0x0000, 
0x0000, 0x0000, 0x0000, 0x0000, 0x0000, 0x0000, 0x0000, 0x0000, 
0x0000, 0x0000, 0x0000, 0x0000, 0x0000, 0x0000, 0x0000, 0x0000, 
0x0000, 0x0000, 0x0000, 0x0000, 0x0000, 0x0003, 0x0003, 0x0003, 
0x0003, 0x0003, 0x0000, 0x0000, 0x0000, 0x0000, 0x0000, 0x0000, 
0x0000, 0x0000, 0x0000, 0x0000, 0x0000, 0x0000, 0x0000, 0x0000, 
0x0000, 0x0000, 0x0000, 0x0000, 0x0000, 0x0000, 0x0000, 0x0000, 
0x0000, 0x0000, 0x0000, 0x0000, 0x0000, 0x0000, 0x0000, 0x0000, 
0x0000, 0x0000, 0x0000, 0x0000, 0x0000, 0x0000, 0x0000, 0x0000, 
0x0000, 0x0000, 0x0000, 0x0000, 0x0000, 0x0000, 0x0000, 0x0000, 
0x0000, 0x0000, 0x0000, 0x0000, 0x0000, 0x0000, 0x0000, 0x0000, 
0x0000, 0x0000, 0x0000, 0x0000, 0x0000, 0x0003, 0x0003, 0x0003, 
0x0003, 0x0003, 0x0000, 0x0000, 0x0000, 0x0000, 0x0000, 0x0000, 
0x0000, 0x0000, 0x0000, 0x0000, 0x0000, 0x0000, 0x0000, 0x0000, 
0x0000, 0x0000, 0x0000, 0x0000, 0x0000, 0x0000, 0x0000, 0x0000, 
0x0000, 0x0000, 0x0000, 0x0000, 0x0000, 0x0000, 0x0000, 0x0000, 
0x0000, 0x0000, 0x0000, 0x0000, 0x0000, 0x0000, 0x0000, 0x0000, 
0x0000, 0x0000, 0x0000, 0x0000, 0x0000, 0x0000, 0x0000, 0x0000, 
0x0000, 0x0000, 0x0000, 0x0000, 0x0000, 0x0000, 0x0000, 0x0000, 
0x0000, 0x0000, 0x0000, 0x0000, 0x0000, 0x0003, 0x0003, 0x0003, 
0x0003, 0x0000, 0x0000, 0x0000, 0x0000, 0x0000, 0x0000, 0x0000, 
0x0000, 0x0000, 0x0000, 0x0000, 0x0000, 0x0000, 0x0000, 0x0000, 
0x0000, 0x0000, 0x0000, 0x0000, 0x0000, 0x0000, 0x0000, 0x0000, 
0x0000, 0x0000, 0x0000, 0x0000, 0x0000, 0x0000, 0x0000, 0x0000, 
0x0000, 0x0000, 0x0000, 0x0000, 0x0000, 0x0000, 0x0000, 0x0000, 
0x0000, 0x0000, 0x0000, 0x0000, 0x0000, 0x0000, 0x0000, 0x0000, 
0x0000, 0x0000, 0x0000, 0x0000, 0x0000, 0x0000, 0x0000, 0x0000, 
0x0000, 0x0000, 0x0000, 0x0000, 0x0000, 0x0003, 0x0003, 0x0003, 
0x0003, 0x0000, 0x0000, 0x0000, 0x0000, 0x0000, 0x0000, 0x0000, 
0x0000, 0x0000, 0x0000, 0x0000, 0x0000, 0x0000, 0x0000, 0x0000, 
0x0000, 0x0000, 0x0000, 0x0000, 0x0000, 0x0000, 0x0000, 0x0000, 
0x0000, 0x0000, 0x0000, 0x0000, 0x0000, 0x0000, 0x0000, 0x0000, 
0x0000, 0x0000, 0x0000, 0x0000, 0x0000, 0x0000, 0x0000, 0x0000, 
0x0000, 0x0000, 0x0000, 0x0000, 0x0000, 0x0000, 0x0000, 0x0000, 
0x0000, 0x0000, 0x0000, 0x0000, 0x0000, 0x0000, 0x0000, 0x0000, 
0x0000, 0x0000, 0x0000, 0x0000, 0x0000, 0x0003, 0x0003, 0x0003, 
0x0003, 0x0000, 0x0000, 0x0000, 0x0000, 0x0000, 0x0000, 0x0000, 
0x0000, 0x0000, 0x0000, 0x0003, 0x0003, 0x0003, 0x0000, 0x0000, 
0x0000, 0x0000, 0x0000, 0x0000, 0x0000, 0x0000, 0x0000, 0x0000, 
0x0000, 0x0000, 0x0000, 0x0000, 0x0000, 0x0000, 0x0000, 0x0000, 
0x0000, 0x0000, 0x0000, 0x0000, 0x0000, 0x0000, 0x0000, 0x0000, 
0x0000, 0x0000, 0x0000, 0x0000, 0x0000, 0x0000, 0x0000, 0x0000, 
0x0000, 0x0000, 0x0000, 0x0000, 0x0000, 0x0000, 0x0000, 0x0000, 
0x0000, 0x0000, 0x0000, 0x0000, 0x0000, 0x0003, 0x0003, 0x0003, 
0x0003, 0x0000, 0x0000, 0x0000, 0x0000, 0x0000, 0x0000, 0x0000, 
0x0000, 0x0000, 0x0003, 0x0003, 0x0003, 0x0003, 0x0003, 0x0000, 
0x0000, 0x0000, 0x0000, 0x0000, 0x0000, 0x0000, 0x0000, 0x0000, 
0x0000, 0x0000, 0x0000, 0x0000, 0x0000, 0x0000, 0x0000, 0x0000, 
0x0000, 0x0000, 0x0000, 0x0000, 0x0000, 0x0000, 0x0000, 0x0000, 
0x0000, 0x0000, 0x0000, 0x0000, 0x0000, 0x0000, 0x0000, 0x0000, 
0x0000, 0x0000, 0x0000, 0x0000, 0x0000, 0x0000, 0x0000, 0x0000, 
0x0000, 0x0000, 0x0000, 0x0000, 0x0000, 0x0003, 0x0003, 0x0003, 
0x0003, 0x0000, 0x0000, 0x0000, 0x0000, 0x0000, 0x0000, 0x0000, 
0x0000, 0x0000, 0x0000, 0x0003, 0x0003, 0x0003, 0x0003, 0x0003, 
0x0000, 0x0000, 0x0000, 0x0000, 0x0000, 0x0000, 0x0000, 0x0000, 
0x0000, 0x0000, 0x0000, 0x0000, 0x0000, 0x0000, 0x0000, 0x0000, 
0x0000, 0x0000, 0x0000, 0x0000, 0x0000, 0x0000, 0x0000, 0x0000, 
0x0000, 0x0000, 0x0000, 0x0000, 0x0000, 0x0000, 0x0000, 0x0000, 
0x0000, 0x0000, 0x0000, 0x0000, 0x0000, 0x0000, 0x0000, 0x0000, 
0x0000, 0x0000, 0x0000, 0x0000, 0x0000, 0x0003, 0x0003, 0x0003, 
0x0003, 0x0000, 0x0000, 0x0000, 0x0000, 0x0000, 0x0000, 0x0000, 
0x0000, 0x0000, 0x0000, 0x0000, 0x0000, 0x0000, 0x0000, 0x0000, 
0x0000, 0x0000, 0x0000, 0x0000, 0x0000, 0x0000, 0x0000, 0x0000, 
0x0000, 0x0000, 0x0000, 0x0000, 0x0000, 0x0000, 0x0000, 0x0000, 
0x0000, 0x0000, 0x0000, 0x0000, 0x0000, 0x0000, 0x0000, 0x0000, 
0x0000, 0x0000, 0x0000, 0x0000, 0x0000, 0x0000, 0x0000, 0x0000, 
0x0000, 0x0000, 0x0000, 0x0000, 0x0000, 0x0000, 0x0000, 0x0000, 
0x0000, 0x0000, 0x0000, 0x0000, 0x0000, 0x0003, 0x0003, 0x0003, 
0x0003, 0x0000, 0x0000, 0x0000, 0x0000, 0x0000, 0x0000, 0x0000, 
0x0000, 0x0000, 0x0000, 0x0000, 0x0000, 0x0000, 0x0000, 0x0000, 
0x0000, 0x0000, 0x0000, 0x0000, 0x0000, 0x0000, 0x0000, 0x0000, 
0x0000, 0x0000, 0x0000, 0x0000, 0x0000, 0x0000, 0x0000, 0x0000, 
0x0000, 0x0000, 0x0000, 0x0000, 0x0000, 0x0000, 0x0000, 0x0000, 
0x0000, 0x0000, 0x0000, 0x0000, 0x0000, 0x0000, 0x0000, 0x0000, 
0x0000, 0x0000, 0x0000, 0x0000, 0x0000, 0x0000, 0x0000, 0x0000, 
0x0000, 0x0000, 0x0000, 0x0000, 0x0000, 0x0003, 0x0003, 0x0003, 
0x0003, 0x0000, 0x0000, 0x0000, 0x0000, 0x0000, 0x0000, 0x0000, 
0x0000, 0x0000, 0x0000, 0x0000, 0x0000, 0x0000, 0x0000, 0x0000, 
0x0000, 0x0000, 0x0000, 0x0000, 0x0000, 0x0000, 0x0000, 0x0000, 
0x0000, 0x0000, 0x0000, 0x0000, 0x0000, 0x0000, 0x0000, 0x0000, 
0x0000, 0x0000, 0x0000, 0x0000, 0x0000, 0x0000, 0x0000, 0x0000, 
0x0000, 0x0000, 0x0000, 0x0000, 0x0000, 0x0000, 0x0000, 0x0000, 
0x0000, 0x0000, 0x0000, 0x0000, 0x0000, 0x0000, 0x0000, 0x0000, 
0x0000, 0x0000, 0x0000, 0x0000, 0x0000, 0x0000, 0x0003, 0x0003, 
0x0003, 0x0000, 0x0000, 0x0000, 0x0000, 0x0000, 0x0000, 0x0000, 
0x0000, 0x0000, 0x0000, 0x0000, 0x0000, 0x0000, 0x0000, 0x0000, 
0x0000, 0x0000, 0x0000, 0x0000, 0x0000, 0x0000, 0x0000, 0x0000, 
0x0000, 0x0000, 0x0000, 0x0000, 0x0000, 0x0000, 0x0000, 0x0000, 
0x0000, 0x0000, 0x0000, 0x0000, 0x0000, 0x0000, 0x0000, 0x0000, 
0x0000, 0x0000, 0x0000, 0x0000, 0x0000, 0x0000, 0x0000, 0x0000, 
0x0000, 0x0000, 0x0000, 0x0000, 0x0000, 0x0000, 0x0000, 0x0000, 
0x0000, 0x0000, 0x0000, 0x0000, 0x0000, 0x0000, 0x0003, 0x0003, 
0x0003, 0x0000, 0x0000, 0x0000, 0x0000, 0x0003, 0x0003, 0x0000, 
0x0000, 0x0000, 0x0000, 0x0000, 0x0000, 0x0000, 0x0000, 0x0000, 
0x0000, 0x0000, 0x0000, 0x0000, 0x0000, 0x0000, 0x0003, 0x0003, 
0x0003, 0x0000, 0x0000, 0x0000, 0x0000, 0x0000, 0x0000, 0x0000, 
0x0000, 0x0000, 0x0000, 0x0000, 0x0000, 0x0000, 0x0000, 0x0000, 
0x0000, 0x0000, 0x0000, 0x0000, 0x0000, 0x0000, 0x0000, 0x0000, 
0x0000, 0x0000, 0x0000, 0x0000, 0x0000, 0x0000, 0x0000, 0x0000, 
0x0000, 0x0000, 0x0000, 0x0000, 0x0000, 0x0000, 0x0003, 0x0003, 
0x0003, 0x0000, 0x0000, 0x0000, 0x0000, 0x0002, 0x0002, 0x0000, 
0x0000, 0x0000, 0x0000, 0x0000, 0x0000, 0x0000, 0x0000, 0x0000, 
0x0000, 0x0000, 0x0000, 0x0000, 0x0000, 0x0003, 0x0003, 0x0003, 
0x0003, 0x0000, 0x0000, 0x0000, 0x0000, 0x0000, 0x0000, 0x0000, 
0x0000, 0x0000, 0x0000, 0x0000, 0x0000, 0x0000, 0x0000, 0x0000, 
0x0000, 0x0000, 0x0000, 0x0000, 0x0000, 0x0000, 0x0000, 0x0000, 
0x0000, 0x0000, 0x0000, 0x0000, 0x0000, 0x0000, 0x0000, 0x0000, 
0x0000, 0x0000, 0x0000, 0x0000, 0x0000, 0x0000, 0x0003, 0x0003, 
0x0003, 0x0000, 0x0000, 0x0000, 0x0000, 0x0002, 0x0002, 0x0000, 
0x0000, 0x0000, 0x0000, 0x0000, 0x0000, 0x0000, 0x0000, 0x0000, 
0x0000, 0x0000, 0x0000, 0x0000, 0x0000, 0x0003, 0x0003, 0x0003, 
0x0000, 0x0000, 0x0000, 0x0000, 0x0000, 0x0000, 0x0000, 0x0000, 
0x0000, 0x0000, 0x0000, 0x0000, 0x0000, 0x0000, 0x0000, 0x0000, 
0x0000, 0x0000, 0x0000, 0x0000, 0x0000, 0x0000, 0x0000, 0x0000, 
0x0000, 0x0000, 0x0000, 0x0000, 0x0000, 0x0000, 0x0000, 0x0000, 
0x0000, 0x0000, 0x0000, 0x0000, 0x0000, 0x0000, 0x0003, 0x0003, 
0x0003, 0x0000, 0x0000, 0x0000, 0x0000, 0x0002, 0x0002, 0x0002, 
0x0000, 0x0000, 0x0000, 0x0000, 0x0000, 0x0000, 0x0000, 0x0000, 
0x0000, 0x0000, 0x0000, 0x0000, 0x0000, 0x0000, 0x0000, 0x0000, 
0x0000, 0x0000, 0x0000, 0x0000, 0x0000, 0x0000, 0x0000, 0x0000, 
0x0000, 0x0000, 0x0000, 0x0000, 0x0000, 0x0000, 0x0000, 0x0000, 
0x0000, 0x0000, 0x0000, 0x0000, 0x0000, 0x0000, 0x0000, 0x0000, 
0x0000, 0x0000, 0x0000, 0x0000, 0x0000, 0x0000, 0x0000, 0x0000, 
0x0000, 0x0000, 0x0000, 0x0000, 0x0000, 0x0000, 0x0003, 0x0003, 
0x0003, 0x0000, 0x0000, 0x0000, 0x0000, 0x0002, 0x0002, 0x0002, 
0x0000, 0x0000, 0x0000, 0x0000, 0x0000, 0x0000, 0x0000, 0x0000, 
0x0000, 0x0000, 0x0000, 0x0000, 0x0000, 0x0000, 0x0000, 0x0000, 
0x0000, 0x0000, 0x0000, 0x0000, 0x0000, 0x0000, 0x0000, 0x0000, 
0x0000, 0x0000, 0x0000, 0x0000, 0x0000, 0x0000, 0x0000, 0x0000, 
0x0000, 0x0000, 0x0000, 0x0000, 0x0000, 0x0000, 0x0000, 0x0000, 
0x0000, 0x0000, 0x0000, 0x0000, 0x0000, 0x0000, 0x0000, 0x0000, 
0x0000, 0x0000, 0x0000, 0x0000, 0x0000, 0x0000, 0x0003, 0x0003, 
0x0003, 0x0000, 0x0000, 0x0000, 0x0000, 0x0002, 0x0002, 0x0002, 
0x0000, 0x0000, 0x0000, 0x0000, 0x0000, 0x0000, 0x0003, 0x0003, 
0x0003, 0x0000, 0x0000, 0x0000, 0x0000, 0x0000, 0x0000, 0x0000, 
0x0000, 0x0000, 0x0000, 0x0000, 0x0000, 0x0000, 0x0003, 0x0003, 
0x0000, 0x0000, 0x0000, 0x0000, 0x0000, 0x0000, 0x0000, 0x0000, 
0x0000, 0x0000, 0x0000, 0x0000, 0x0000, 0x0000, 0x0000, 0x0000, 
0x0000, 0x0000, 0x0000, 0x0000, 0x0000, 0x0000, 0x0000, 0x0000, 
0x0000, 0x0000, 0x0000, 0x0000, 0x0000, 0x0000, 0x0003, 0x0003, 
0x0003, 0x0000, 0x0000, 0x0000, 0x0000, 0x0000, 0x0002, 0x0002, 
0x0002, 0x0000, 0x0000, 0x0000, 0x0000, 0x0003, 0x0003, 0x0003, 
0x0003, 0x0003, 0x0000, 0x0000, 0x0000, 0x0000, 0x0000, 0x0000, 
0x0000, 0x0000, 0x0000, 0x0000, 0x0003, 0x0003, 0x0003, 0x0003, 
0x0003, 0x0000, 0x0000, 0x0000, 0x0000, 0x0000, 0x0000, 0x0000, 
0x0000, 0x0000, 0x0000, 0x0000, 0x0000, 0x0000, 0x0000, 0x0000, 
0x0000, 0x0000, 0x0000, 0x0000, 0x0000, 0x0000, 0x0000, 0x0000, 
0x0000, 0x0000, 0x0000, 0x0000, 0x0000, 0x0000, 0x0003, 0x0003, 
0x0003, 0x0000, 0x0000, 0x0000, 0x0000, 0x0000, 0x0002, 0x0002, 
0x0002, 0x0000, 0x0000, 0x0000, 0x0000, 0x0000, 0x0003, 0x0003, 
0x0003, 0x0000, 0x0000, 0x0000, 0x0000, 0x0000, 0x0000, 0x0000, 
0x0000, 0x0000, 0x0000, 0x0000, 0x0000, 0x0003, 0x0003, 0x0003, 
0x0003, 0x0000, 0x0000, 0x0000, 0x0000, 0x0000, 0x0000, 0x0000, 
0x0000, 0x0000, 0x0000, 0x0000, 0x0000, 0x0000, 0x0000, 0x0000, 
0x0000, 0x0000, 0x0000, 0x0000, 0x0000, 0x0000, 0x0401, 0x0401, 
0x0401, 0x0401, 0x0401, 0x0000, 0x0000, 0x0000, 0x0003, 0x0003, 
0x0003, 0x0000, 0x0000, 0x0000, 0x0000, 0x0000, 0x0000, 0x0002, 
0x0002, 0x0002, 0x0000, 0x0000, 0x0000, 0x0000, 0x0000, 0x0000, 
0x0000, 0x0000, 0x0000, 0x0000, 0x0000, 0x0000, 0x0000, 0x0000, 
0x0000, 0x0000, 0x0000, 0x0000, 0x0000, 0x0000, 0x0000, 0x0003, 
0x0000, 0x0000, 0x0000, 0x0000, 0x0000, 0x0000, 0x0000, 0x0000, 
0x0000, 0x0000, 0x0000, 0x0000, 0x0000, 0x0000, 0x0000, 0x0000, 
0x0000, 0x0000, 0x0000, 0x0000, 0x0000, 0x0000, 0x0000, 0x0401, 
0x0401, 0x0401, 0x0401, 0x0000, 0x0000, 0x0000, 0x0000, 0x0003, 
0x0003, 0x0000, 0x0000, 0x0000, 0x0000, 0x0000, 0x0000, 0x0000, 
0x0002, 0x0002, 0x0000, 0x0000, 0x0000, 0x0000, 0x0000, 0x0000, 
0x0000, 0x0000, 0x0000, 0x0000, 0x0000, 0x0000, 0x0000, 0x0000, 
0x0000, 0x0000, 0x0000, 0x0000, 0x0000, 0x0000, 0x0000, 0x0000, 
0x0000, 0x0000, 0x0000, 0x0000, 0x0000, 0x0000, 0x0003, 0x0003, 
0x0000, 0x0000, 0x0000, 0x0000, 0x0000, 0x0000, 0x0000, 0x0000, 
0x0000, 0x0000, 0x0000, 0x0000, 0x0000, 0x0000, 0x0000, 0x0000, 
0x0401, 0x0401, 0x0401, 0x0000, 0x0000, 0x0000, 0x0000, 0x0003, 
0x0003, 0x0003, 0x0000, 0x0000, 0x0000, 0x0000, 0x0000, 0x0000, 
0x0002, 0x0002, 0x0002, 0x0000, 0x0000, 0x0000, 0x0000, 0x0000, 
0x0000, 0x0000, 0x0000, 0x0000, 0x0000, 0x0000, 0x0000, 0x0000, 
0x0000, 0x0000, 0x0000, 0x0000, 0x0000, 0x0000, 0x0000, 0x0000, 
0x0000, 0x0000, 0x0000, 0x0000, 0x0000, 0x0000, 0x0003, 0x0003, 
0x0003, 0x0003, 0x0000, 0x0000, 0x0000, 0x0000, 0x0000, 0x0000, 
0x0000, 0x0000, 0x0000, 0x0000, 0x0000, 0x0000, 0x0000, 0x0000, 
0x0000, 0x0401, 0x0401, 0x0000, 0x0000, 0x0000, 0x0000, 0x0003, 
0x0003, 0x0003, 0x0000, 0x0000, 0x0000, 0x0000, 0x0000, 0x0000, 
0x0002, 0x0002, 0x0002, 0x0000, 0x0000, 0x0000, 0x0000, 0x0000, 
0x0000, 0x0000, 0x0000, 0x0000, 0x0000, 0x0000, 0x0000, 0x0000, 
0x0000, 0x0000, 0x0000, 0x0000, 0x0000, 0x0000, 0x0000, 0x0000, 
0x0000, 0x0000, 0x0000, 0x0000, 0x0000, 0x0000, 0x0000, 0x0003, 
0x0003, 0x0003, 0x0000, 0x0000, 0x0000, 0x0000, 0x0000, 0x0000, 
0x0000, 0x0000, 0x0000, 0x0000, 0x0000, 0x0000, 0x0000, 0x0000, 
0x0000, 0x0002, 0x0002, 0x0000, 0x0000, 0x0000, 0x0000, 0x0003, 
0x0003, 0x0003, 0x0000, 0x0000, 0x0000, 0x0000, 0x0000, 0x0000, 
0x0002, 0x0002, 0x0002, 0x0000, 0x0000, 0x0000, 0x0000, 0x0000, 
0x0000, 0x0000, 0x0000, 0x0000, 0x0000, 0x0000, 0x0000, 0x0000, 
0x0000, 0x0000, 0x0000, 0x0000, 0x0000, 0x0000, 0x0000, 0x0000, 
0x0000, 0x0000, 0x0000, 0x0000, 0x0000, 0x0000, 0x0000, 0x0000, 
0x0000, 0x0000, 0x0000, 0x0000, 0x0000, 0x0000, 0x0000, 0x0000, 
0x0000, 0x0000, 0x0000, 0x0000, 0x0000, 0x0000, 0x0000, 0x0000, 
0x0000, 0x0002, 0x0002, 0x0000, 0x0000, 0x0000, 0x0000, 0x0003, 
0x0003, 0x0003, 0x0000, 0x0000, 0x0000, 0x0000, 0x0000, 0x0000, 
0x0000, 0x0002, 0x0002, 0x0002, 0x0000, 0x0000, 0x0000, 0x0000, 
0x0000, 0x0000, 0x0000, 0x0000, 0x0003, 0x0003, 0x0000, 0x0000, 
0x0000, 0x0000, 0x0000, 0x0000, 0x0000, 0x0000, 0x0000, 0x0000, 
0x0000, 0x0000, 0x0000, 0x0000, 0x0000, 0x0000, 0x0000, 0x0000, 
0x0000, 0x0000, 0x0000, 0x0000, 0x0000, 0x0000, 0x0000, 0x0000, 
0x0000, 0x0000, 0x0000, 0x0000, 0x0000, 0x0000, 0x0000, 0x0000, 
0x0000, 0x0002, 0x0002, 0x0000, 0x0000, 0x0000, 0x0000, 0x0003, 
0x0003, 0x0003, 0x0000, 0x0000, 0x0000, 0x0000, 0x0000, 0x0000, 
0x0000, 0x0002, 0x0002, 0x0002, 0x0000, 0x0000, 0x0000, 0x0000, 
0x0000, 0x0000, 0x0003, 0x0003, 0x0003, 0x0003, 0x0000, 0x0000, 
0x0000, 0x0000, 0x0000, 0x0000, 0x0000, 0x0000, 0x0000, 0x0000, 
0x0000, 0x0000, 0x0000, 0x0000, 0x0000, 0x0000, 0x0000, 0x0000, 
0x0000, 0x0000, 0x0000, 0x0000, 0x0000, 0x0000, 0x0000, 0x0000, 
0x0000, 0x0000, 0x0000, 0x0000, 0x0000, 0x0000, 0x0000, 0x0000, 
0x0000, 0x0002, 0x0002, 0x0000, 0x0000, 0x0000, 0x0000, 0x0003, 
0x0003, 0x0003, 0x0000, 0x0000, 0x0000, 0x0000, 0x0000, 0x0000, 
0x0002, 0x0002, 0x0002, 0x0000, 0x0000, 0x0000, 0x0000, 0x0000, 
0x0000, 0x0003, 0x0003, 0x0003, 0x0003, 0x0003, 0x0003, 0x0000, 
0x0000, 0x0003, 0x0003, 0x0003, 0x0003, 0x0000, 0x0000, 0x0000, 
0x0000, 0x0000, 0x0000, 0x0000, 0x0000, 0x0000, 0x0000, 0x0000, 
0x0000, 0x0000, 0x0000, 0x0000, 0x0000, 0x0000, 0x0000, 0x0000, 
0x0000, 0x0000, 0x0000, 0x0000, 0x0000, 0x0000, 0x0000, 0x0000, 
0x0000, 0x0002, 0x0002, 0x0000, 0x0000, 0x0000, 0x0000, 0x0003, 
0x0003, 0x0003, 0x0000, 0x0000, 0x0000, 0x0000, 0x0000, 0x0000, 
0x0002, 0x0002, 0x0002, 0x0000, 0x0000, 0x0000, 0x0000, 0x0000, 
0x0000, 0x0000, 0x0000, 0x0000, 0x0000, 0x0000, 0x0000, 0x0000, 
0x0000, 0x0003, 0x0003, 0x0003, 0x0003, 0x0003, 0x0003, 0x0000, 
0x0000, 0x0000, 0x0000, 0x0000, 0x0000, 0x0000, 0x0000, 0x0000, 
0x0000, 0x0000, 0x0000, 0x0000, 0x0000, 0x0000, 0x0000, 0x0000, 
0x0000, 0x0000, 0x0000, 0x0000, 0x0000, 0x0000, 0x0000, 0x0000, 
0x0000, 0x0002, 0x0002, 0x0000, 0x0000, 0x0000, 0x0000, 0x0003, 
0x0003, 0x0003, 0x0000, 0x0000, 0x0000, 0x0000, 0x0000, 0x0000, 
0x0002, 0x0002, 0x0000, 0x0000, 0x0000, 0x0000, 0x0000, 0x0000, 
0x0000, 0x0000, 0x0000, 0x0000, 0x0000, 0x0000, 0x0000, 0x0000, 
0x0000, 0x0002, 0x0003, 0x0003, 0x0003, 0x0002, 0x0002, 0x0000, 
0x0000, 0x0000, 0x0000, 0x0000, 0x0000, 0x0000, 0x0000, 0x0000, 
0x0000, 0x0003, 0x0000, 0x0000, 0x0000, 0x0000, 0x0000, 0x0000, 
0x0000, 0x0000, 0x0000, 0x0000, 0x0000, 0x0000, 0x0000, 0x0000, 
0x0000, 0x0002, 0x0002, 0x0000, 0x0000, 0x0000, 0x0000, 0x0003, 
0x0003, 0x0000, 0x0000, 0x0000, 0x0000, 0x0000, 0x0000, 0x0002, 
0x0002, 0x0002, 0x0000, 0x0000, 0x0000, 0x0000, 0x0000, 0x0000, 
0x0000, 0x0000, 0x0000, 0x0000, 0x0000, 0x0000, 0x0000, 0x0000, 
0x0000, 0x0002, 0x0002, 0x0002, 0x0002, 0x0002, 0x0002, 0x0000, 
0x0000, 0x0000, 0x0000, 0x0000, 0x0000, 0x0000, 0x0000, 0x0003, 
0x0003, 0x0003, 0x0003, 0x0003, 0x0000, 0x0000, 0x0000, 0x0000, 
0x0000, 0x0000, 0x0000, 0x0000, 0x0000, 0x0000, 0x0000, 0x0000, 
0x0000, 0x0002, 0x0002, 0x0000, 0x0000, 0x0000, 0x0000, 0x0003, 
0x0003, 0x0003, 0x0000, 0x0000, 0x0000, 0x0000, 0x0000, 0x0000, 
0x0000, 0x0000, 0x0000, 0x0000, 0x0000, 0x0000, 0x0000, 0x0000, 
0x0000, 0x0000, 0x0000, 0x0000, 0x0000, 0x0000, 0x0000, 0x0000, 
0x0000, 0x0002, 0x0002, 0x0002, 0x0002, 0x0002, 0x0002, 0x0000, 
0x0000, 0x0000, 0x0000, 0x0000, 0x0000, 0x0000, 0x0003, 0x0003, 
0x0003, 0x0003, 0x0003, 0x0003, 0x0003, 0x0000, 0x0000, 0x0000, 
0x0000, 0x0000, 0x0000, 0x0000, 0x0000, 0x0000, 0x0000, 0x0000, 
0x0000, 0x0002, 0x0002, 0x0000, 0x0000, 0x0000, 0x0000, 0x0003, 
0x0003, 0x0003, 0x0000, 0x0000, 0x0000, 0x0000, 0x0000, 0x0000, 
0x0000, 0x0000, 0x0000, 0x0000, 0x0000, 0x0000, 0x0000, 0x0000, 
0x0000, 0x0000, 0x0000, 0x0000, 0x0000, 0x0000, 0x0000, 0x0000, 
0x0000, 0x0002, 0x0002, 0x0002, 0x0002, 0x0002, 0x0002, 0x0000, 
0x0000, 0x0000, 0x0000, 0x0000, 0x0000, 0x0000, 0x0000, 0x0000, 
0x0003, 0x0003, 0x0003, 0x0003, 0x0000, 0x0000, 0x0000, 0x0000, 
0x0000, 0x0000, 0x0000, 0x0000, 0x0000, 0x0000, 0x0000, 0x0000, 
0x0000, 0x0002, 0x0002, 0x0000, 0x0000, 0x0000, 0x0000, 0x0003, 
0x0003, 0x0003, 0x0003, 0x0000, 0x0000, 0x0000, 0x0000, 0x0000, 
0x0000, 0x0000, 0x0000, 0x0000, 0x0000, 0x0000, 0x0000, 0x0000, 
0x0000, 0x0000, 0x0000, 0x0000, 0x0000, 0x0000, 0x0000, 0x0000, 
0x0000, 0x0000, 0x0002, 0x0002, 0x0002, 0x0000, 0x0000, 0x0000, 
0x0000, 0x0000, 0x0000, 0x0000, 0x0000, 0x0000, 0x0000, 0x0000, 
0x0000, 0x0000, 0x0000, 0x0000, 0x0000, 0x0000, 0x0000, 0x0000, 
0x0000, 0x0000, 0x0000, 0x0000, 0x0000, 0x0000, 0x0000, 0x0000, 
0x0000, 0x0000, 0x0000, 0x0000, 0x0000, 0x0000, 0x0000, 0x0003, 
0x0003, 0x0003, 0x0003, 0x0000, 0x0000, 0x0000, 0x0000, 0x0000, 
0x0000, 0x0000, 0x0000, 0x0000, 0x0000, 0x0000, 0x0000, 0x0000, 
0x0000, 0x0000, 0x0000, 0x0000, 0x0000, 0x0000, 0x0000, 0x0000, 
0x0000, 0x0000, 0x0000, 0x0000, 0x0000, 0x0000, 0x0000, 0x0000, 
0x0000, 0x0000, 0x0000, 0x0000, 0x0000, 0x0000, 0x0000, 0x0000, 
0x0000, 0x0000, 0x0000, 0x0000, 0x0000, 0x0000, 0x0000, 0x0000, 
0x0000, 0x0000, 0x0000, 0x0000, 0x0000, 0x0000, 0x0000, 0x0000, 
0x0003, 0x0000, 0x0000, 0x0000, 0x0000, 0x0000, 0x0000, 0x0003, 
0x0003, 0x0003, 0x0003, 0x0000, 0x0000, 0x0000, 0x0000, 0x0000, 
0x0000, 0x0000, 0x0003, 0x0000, 0x0000, 0x0000, 0x0000, 0x0000, 
0x0000, 0x0000, 0x0000, 0x0000, 0x0000, 0x0000, 0x0000, 0x0000, 
0x0000, 0x0000, 0x0000, 0x0000, 0x0000, 0x0000, 0x0000, 0x0000, 
0x0000, 0x0000, 0x0000, 0x0000, 0x0000, 0x0000, 0x0000, 0x0000, 
0x0000, 0x0000, 0x0000, 0x0000, 0x0000, 0x0000, 0x0000, 0x0000, 
0x0000, 0x0000, 0x0000, 0x0003, 0x0000, 0x0000, 0x0000, 0x0000, 
0x0003, 0x0003, 0x0003, 0x0003, 0x0000, 0x0000, 0x0000, 0x0003, 
0x0003, 0x0003, 0x0003, 0x0000, 0x0000, 0x0000, 0x0000, 0x0000, 
0x0003, 0x0003, 0x0003, 0x0003, 0x0000, 0x0000, 0x0000, 0x0000, 
0x0003, 0x0003, 0x0000, 0x0000, 0x0000, 0x0000, 0x0000, 0x0000, 
0x0000, 0x0003, 0x0003, 0x0003, 0x0000, 0x0000, 0x0000, 0x0000, 
0x0000, 0x0000, 0x0000, 0x0003, 0x0003, 0x0000, 0x0000, 0x0000, 
0x0000, 0x0000, 0x0000, 0x0000, 0x0000, 0x0000, 0x0000, 0x0000, 
0x0000, 0x0003, 0x0003, 0x0003, 0x0003, 0x0000, 0x0000, 0x0000, 
0x0002, 0x0003, 0x0003, 0x0003, 0x0000, 0x0000, 0x0000, 0x0003, 
0x0003, 0x0003, 0x0003, 0x0000, 0x0000, 0x0000, 0x0000, 0x0000, 
0x0003, 0x0003, 0x0003, 0x0003, 0x0000, 0x0000, 0x0000, 0x0003, 
0x0003, 0x0003, 0x0003, 0x0000, 0x0000, 0x0000, 0x0000, 0x0000, 
0x0003, 0x0003, 0x0003, 0x0003, 0x0003, 0x0000, 0x0000, 0x0000, 
0x0000, 0x0000, 0x0003, 0x0003, 0x0003, 0x0003, 0x0000, 0x0000, 
0x0000, 0x0000, 0x0000, 0x0000, 0x0000, 0x0000, 0x0000, 0x0000, 
0x0000, 0x0000, 0x0003, 0x0003, 0x0000, 0x0000, 0x0000, 0x0000, 
0x0002, 0x0002, 0x0003, 0x0002, 0x0000, 0x0000, 0x0000, 0x0003, 
0x0003, 0x0003, 0x0003, 0x0000, 0x0000, 0x0000, 0x0000, 0x0000, 
0x0002, 0x0003, 0x0003, 0x0003, 0x0000, 0x0000, 0x0000, 0x0003, 
0x0003, 0x0003, 0x0000, 0x0000, 0x0000, 0x0000, 0x0000, 0x0003, 
0x0003, 0x0003, 0x0003, 0x0003, 0x0003, 0x0000, 0x0000, 0x0000, 
0x0000, 0x0000, 0x0002, 0x0002, 0x0002, 0x0002, 0x0000, 0x0000, 
0x0000, 0x0000, 0x0000, 0x0000, 0x0000, 0x0000, 0x0000, 0x0000, 
0x0000, 0x0000, 0x0000, 0x0000, 0x0000, 0x0000, 0x0000, 0x0000, 
0x0002, 0x0002, 0x0002, 0x0002, 0x0000, 0x0000, 0x0000, 0x0003, 
0x0003, 0x0003, 0x0003, 0x0000, 0x0000, 0x0000, 0x0000, 0x0000, 
0x0002, 0x0002, 0x0003, 0x0002, 0x0000, 0x0000, 0x0000, 0x0000, 
0x0000, 0x0000, 0x0000, 0x0000, 0x0000, 0x0000, 0x0000, 0x0002, 
0x0002, 0x0002, 0x0002, 0x0002, 0x0002, 0x0000, 0x0000, 0x0000, 
0x0000, 0x0000, 0x0002, 0x0002, 0x0002, 0x0002, 0x0000, 0x0000, 
0x0000, 0x0000, 0x0000, 0x0000, 0x0000, 0x0000, 0x0000, 0x0000, 
0x0000, 0x0000, 0x0000, 0x0000, 0x0000, 0x0000, 0x0000, 0x0000, 
0x0002, 0x0002, 0x0002, 0x0002, 0x0000, 0x0000, 0x0000, 0x0003, 
0x0003, 0x0003, 0x0003, 0x0000, 0x0000, 0x0000, 0x0000, 0x0000, 
0x0002, 0x0002, 0x0002, 0x0002, 0x0000, 0x0000, 0x0000, 0x0000, 
0x0000, 0x0000, 0x0000, 0x0000, 0x0000, 0x0000, 0x0000, 0x0002, 
0x0002, 0x0002, 0x0002, 0x0002, 0x0002, 0x0000, 0x0000, 0x0000, 
0x0000, 0x0000, 0x0002, 0x0002, 0x0002, 0x0002, 0x0000, 0x0000, 
0x0000, 0x0000, 0x0000, 0x0000, 0x0000, 0x0000, 0x0000, 0x0000, 
0x0000, 0x0000, 0x0000, 0x0000, 0x0000, 0x0000, 0x0000, 0x0000, 
0x0002, 0x0002, 0x0002, 0x0002, 0x0000, 0x0000, 0x0003, 0x0003, 
0x0003, 0x0003, 0x0003, 0x0000, 0x0000, 0x0000, 0x0000, 0x0000, 
0x0002, 0x0002, 0x0002, 0x0002, 0x0000, 0x0000, 0x0000, 0x0000, 
0x0000, 0x0000, 0x0000, 0x0000, 0x0000, 0x0000, 0x0000, 0x0002, 
0x0002, 0x0002, 0x0002, 0x0002, 0x0002, 0x0000, 0x0000, 0x0000, 
0x0000, 0x0000, 0x0002, 0x0002, 0x0002, 0x0002, 0x0000, 0x0000, 
0x0003, 0x0003, 0x0000, 0x0000, 0x0000, 0x0000, 0x0000, 0x0000, 
0x0000, 0x0000, 0x0000, 0x0000, 0x0000, 0x0000, 0x0000, 0x0000, 
0x0000, 0x0000, 0x0000, 0x0000, 0x0000, 0x0000, 0x0003, 0x0003, 
0x0003, 0x0003, 0x0003, 0x0000, 0x0000, 0x0000, 0x0000, 0x0000, 
0x0000, 0x0002, 0x0002, 0x0002, 0x0000, 0x0000, 0x0000, 0x0000, 
0x0000, 0x0000, 0x0000, 0x0000, 0x0000, 0x0000, 0x0000, 0x0002, 
0x0002, 0x0002, 0x0002, 0x0002, 0x0002, 0x0000, 0x0000, 0x0000, 
0x0000, 0x0000, 0x0000, 0x0000, 0x0000, 0x0000, 0x0000, 0x0000, 
0x0003, 0x0003, 0x0003, 0x0000, 0x0000, 0x0000, 0x0000, 0x0000, 
0x0000, 0x0000, 0x0003, 0x0003, 0x0003, 0x0003, 0x0000, 0x0000, 
0x0000, 0x0000, 0x0000, 0x0000, 0x0000, 0x0000, 0x0003, 0x0003, 
0x0003, 0x0003, 0x0003, 0x0000, 0x0000, 0x0000, 0x0000, 0x0000, 
0x0000, 0x0000, 0x0002, 0x0000, 0x0000, 0x0000, 0x0000, 0x0000, 
0x0000, 0x0000, 0x0000, 0x0000, 0x0000, 0x0000, 0x0000, 0x0000, 
0x0000, 0x0000, 0x0000, 0x0000, 0x0000, 0x0000, 0x0000, 0x0000, 
0x0000, 0x0000, 0x0000, 0x0000, 0x0000, 0x0000, 0x0000, 0x0000, 
0x0003, 0x0003, 0x0003, 0x0000, 0x0000, 0x0000, 0x0000, 0x0000, 
0x0000, 0x0003, 0x0003, 0x0003, 0x0003, 0x0003, 0x0003, 0x0000, 
0x0000, 0x0000, 0x0000, 0x0000, 0x0000, 0x0003, 0x0003, 0x0003, 
0x0003, 0x0003, 0x0003, 0x0003, 0x0000, 0x0000, 0x0000, 0x0000, 
0x0000, 0x0000, 0x0000, 0x0000, 0x0000, 0x0000, 0x0000, 0x0000, 
0x0000, 0x0000, 0x0000, 0x0000, 0x0000, 0x0000, 0x0000, 0x0000, 
0x0000, 0x0000, 0x0000, 0x0000, 0x0000, 0x0000, 0x0000, 0x0000, 
0x0000, 0x0000, 0x0000, 0x0000, 0x0000, 0x0000, 0x0000, 0x0000, 
0x0003, 0x0003, 0x0003, 0x0000, 0x0000, 0x0000, 0x0000, 0x0000, 
0x0000, 0x0002, 0x0002, 0x0002, 0x0002, 0x0002, 0x0002, 0x0000, 
0x0000, 0x0000, 0x0000, 0x0000, 0x0000, 0x0003, 0x0003, 0x0003, 
0x0003, 0x0003, 0x0003, 0x0003, 0x0000, 0x0000, 0x0000, 0x0000, 
0x0000, 0x0000, 0x0000, 0x0000, 0x0000, 0x0000, 0x0000, 0x0000, 
0x0000, 0x0003, 0x0003, 0x0003, 0x0000, 0x0000, 0x0000, 0x0000, 
0x0000, 0x0000, 0x0000, 0x0000, 0x0000, 0x0000, 0x0000, 0x0000, 
0x0000, 0x0000, 0x0000, 0x0000, 0x0000, 0x0000, 0x0000, 0x0000, 
0x0003, 0x0003, 0x0003, 0x0000, 0x0000, 0x0000, 0x0000, 0x0000, 
0x0000, 0x0002, 0x0002, 0x0002, 0x0002, 0x0002, 0x0002, 0x0000, 
0x0000, 0x0000, 0x0000, 0x0000, 0x0000, 0x0003, 0x0003, 0x0003, 
0x0003, 0x0003, 0x0003, 0x0003, 0x0000, 0x0000, 0x0000, 0x0000, 
0x0000, 0x0000, 0x0000, 0x0000, 0x0000, 0x0000, 0x0000, 0x0000, 
0x0003, 0x0003, 0x0003, 0x0003, 0x0000, 0x0000, 0x0000, 0x0000, 
0x0000, 0x0003, 0x0003, 0x0003, 0x0000, 0x0000, 0x0000, 0x0000, 
0x0000, 0x0000, 0x0000, 0x0000, 0x0000, 0x0000, 0x0000, 0x0000, 
0x0003, 0x0003, 0x0003, 0x0000, 0x0000, 0x0000, 0x0000, 0x0000, 
0x0000, 0x0002, 0x0002, 0x0002, 0x0002, 0x0002, 0x0002, 0x0000, 
0x0000, 0x0000, 0x0000, 0x0000, 0x0000, 0x0000, 0x0003, 0x0003, 
0x0003, 0x0003, 0x0003, 0x0003, 0x0000, 0x0000, 0x0000, 0x0000, 
0x0000, 0x0003, 0x0003, 0x0000, 0x0000, 0x0000, 0x0000, 0x0003, 
0x0003, 0x0003, 0x0003, 0x0000, 0x0000, 0x0000, 0x0000, 0x0000, 
0x0000, 0x0002, 0x0002, 0x0003, 0x0003, 0x0003, 0x0000, 0x0000, 
0x0000, 0x0000, 0x0000, 0x0000, 0x0000, 0x0000, 0x0000, 0x0000, 
0x0003, 0x0003, 0x0003, 0x0000, 0x0000, 0x0000, 0x0000, 0x0000, 
0x0000, 0x0002, 0x0002, 0x0002, 0x0002, 0x0002, 0x0002, 0x0000, 
0x0000, 0x0000, 0x0000, 0x0000, 0x0000, 0x0000, 0x0003, 0x0003, 
0x0003, 0x0003, 0x0003, 0x0003, 0x0000, 0x0000, 0x0000, 0x0000, 
0x0003, 0x0003, 0x0003, 0x0003, 0x0003, 0x0000, 0x0000, 0x0000, 
0x0000, 0x0000, 0x0003, 0x0000, 0x0000, 0x0000, 0x0000, 0x0000, 
0x0000, 0x0002, 0x0002, 0x0002, 0x0002, 0x0002, 0x0000, 0x0000, 
0x0000, 0x0000, 0x0000, 0x0000, 0x0000, 0x0000, 0x0000, 0x0003, 
0x0003, 0x0003, 0x0003, 0x0000, 0x0000, 0x0000, 0x0000, 0x0000, 
0x0000, 0x0002, 0x0002, 0x0002, 0x0002, 0x0002, 0x0002, 0x0000, 
0x0000, 0x0000, 0x0000, 0x0000, 0x0000, 0x0000, 0x0003, 0x0003, 
0x0003, 0x0003, 0x0003, 0x0003, 0x0003, 0x0000, 0x0000, 0x0000, 
0x0003, 0x0003, 0x0003, 0x0003, 0x0000, 0x0000, 0x0000, 0x0000, 
0x0000, 0x0000, 0x0000, 0x0000, 0x0000, 0x0000, 0x0000, 0x0000, 
0x0000, 0x0002, 0x0002, 0x0002, 0x0002, 0x0002, 0x0000, 0x0000, 
0x0000, 0x0000, 0x0000, 0x0000, 0x0000, 0x0000, 0x0003, 0x0003, 
0x0003, 0x0003, 0x0003, 0x0000, 0x0000, 0x0000, 0x0000, 0x0000, 
0x0000, 0x0000, 0x0000, 0x0000, 0x0000, 0x0000, 0x0000, 0x0000, 
0x0000, 0x0000, 0x0000, 0x0000, 0x0000, 0x0003, 0x0003, 0x0003, 
0x0003, 0x0003, 0x0003, 0x0003, 0x0003, 0x0000, 0x0000, 0x0000, 
0x0000, 0x0000, 0x0000, 0x0000, 0x0000, 0x0000, 0x0000, 0x0000, 
0x0000, 0x0000, 0x0000, 0x0000, 0x0000, 0x0000, 0x0000, 0x0000, 
0x0000, 0x0002, 0x0002, 0x0002, 0x0002, 0x0002, 0x0000, 0x0000, 
0x0000, 0x0000, 0x0000, 0x0000, 0x0000, 0x0000, 0x0003, 0x0003, 
0x0003, 0x0003, 0x0003, 0x0003, 0x0000, 0x0000, 0x0000, 0x0000, 
0x0000, 0x0000, 0x0000, 0x0000, 0x0000, 0x0000, 0x0000, 0x0000, 
0x0000, 0x0000, 0x0000, 0x0000, 0x0000, 0x0003, 0x0003, 0x0003, 
0x0003, 0x0003, 0x0003, 0x0003, 0x0003, 0x0000, 0x0000, 0x0000, 
0x0000, 0x0000, 0x0000, 0x0000, 0x0000, 0x0000, 0x0000, 0x0000, 
0x0000, 0x0000, 0x0000, 0x0000, 0x0000, 0x0000, 0x0000, 0x0000, 
0x0000, 0x0002, 0x0002, 0x0002, 0x0002, 0x0002, 0x0000, 0x0000, 
0x0000, 0x0000, 0x0000, 0x0000, 0x0000, 0x0003, 0x0003, 0x0003, 
0x0003, 0x0003, 0x0003, 0x0003, 0x0003, 0x0000, 0x0000, 0x0003, 
0x0003, 0x0003, 0x0003, 0x0003, 0x0003, 0x0003, 0x0003, 0x0003, 
0x0003, 0x0000, 0x0000, 0x0003, 0x0003, 0x0003, 0x0003, 0x0003, 
0x0003, 0x0003, 0x0003, 0x0003, 0x0003, 0x0000, 0x0000, 0x0000, 
0x0000, 0x0000, 0x0000, 0x0000, 0x0000, 0x0000, 0x0000, 0x0000, 
0x0000, 0x0000, 0x0000, 0x0000, 0x0000, 0x0000, 0x0000, 0x0000, 
0x0000, 0x0000, 0x0000, 0x0000, 0x0000, 0x0000, 0x0000, 0x0000, 
0x0000, 0x0000, 0x0000, 0x0003, 0x0003, 0x0003, 0x0003, 0x0003, 
0x0003, 0x0003, 0x0000, 0x0000, 0x0000, 0x0000, 0x0000, 0x0000, 
0x0000, 0x0000, 0x0000, 0x0000, 0x0000, 0x0000, 0x0000, 0x0000, 
0x0000, 0x0000, 0x0000, 0x0000, 0x0000, 0x0000, 0x0000, 0x0003, 
0x0003, 0x0003, 0x0003, 0x0003, 0x0003, 0x0003, 0x0003, 0x0000, 
0x0000, 0x0000, 0x0000, 0x0000, 0x0000, 0x0000, 0x0003, 0x0000, 
0x0000, 0x0000, 0x0000, 0x0000, 0x0000, 0x0000, 0x0000, 0x0000, 
0x0000, 0x0000, 0x0003, 0x0000, 0x0000, 0x0000, 0x0000, 0x0000, 
0x0000, 0x0000, 0x0003, 0x0003, 0x0003, 0x0003, 0x0003, 0x0003, 
0x0003, 0x0003, 0x0000, 0x0000, 0x0000, 0x0000, 0x0000, 0x0000, 
0x0000, 0x0000, 0x0000, 0x0000, 0x0000, 0x0000, 0x0000, 0x0001, 
0x0000, 0x0000, 0x0000, 0x0000, 0x0000, 0x0000, 0x0000, 0x0003, 
0x0003, 0x0003, 0x0003, 0x0003, 0x0003, 0x0003, 0x0003, 0x0003, 
0x0003, 0x0003, 0x0003, 0x0003, 0x0003, 0x0003, 0x0003, 0x0000, 
0x0000, 0x0000, 0x0000, 0x0000, 0x0000, 0x0000, 0x0000, 0x0000, 
0x0000, 0x0000, 0x0003, 0x0003, 0x0003, 0x0003, 0x0003, 0x0003, 
0x0003, 0x0003, 0x0003, 0x0003, 0x0003, 0x0003, 0x0003, 0x0003, 
0x0003, 0x0003, 0x0000, 0x0000, 0x0000, 0x0003, 0x0401, 0x0401, 
0x0000, 0x0000, 0x0000, 0x0000, 0x0000, 0x0000, 0x0001, 0x0001, 
0x0003, 0x0003, 0x0003, 0x0000, 0x0000, 0x0000, 0x0000, 0x0003, 
0x0003, 0x0003, 0x0003, 0x0003, 0x0003, 0x0003, 0x0003, 0x0003, 
0x0003, 0x0003, 0x0003, 0x0003, 0x0003, 0x0003, 0x0003, 0x0000, 
0x0000, 0x0000, 0x0000, 0x0000, 0x0000, 0x0000, 0x0000, 0x0000, 
0x0000, 0x0000, 0x0003, 0x0003, 0x0003, 0x0003, 0x0003, 0x0003, 
0x0003, 0x0003, 0x0003, 0x0003, 0x0003, 0x0003, 0x0003, 0x0003, 
0x0003, 0x0000, 0x0000, 0x0000, 0x0003, 0x0003, 0x0401, 0x0401, 
0x0401, 0x0000, 0x0000, 0x0000, 0x0000, 0x0000, 0x0001, 0x0001, 
0x0003, 0x0003, 0x0003, 0x0000, 0x0000, 0x0000, 0x0000, 0x0003, 
0x0003, 0x0003, 0x0003, 0x0003, 0x0003, 0x0003, 0x0003, 0x0003, 
0x0003, 0x0003, 0x0003, 0x0401, 0x0401, 0x0401, 0x0401, 0x0401, 
0x0401, 0x0401, 0x0401, 0x0401, 0x0401, 0x0401, 0x0401, 0x0401, 
0x0401, 0x0401, 0x0401, 0x0401, 0x0401, 0x0401, 0x0401, 0x0401, 
0x0401, 0x0401, 0x0401, 0x0401, 0x0003, 0x0003, 0x0003, 0x0003, 
0x0003, 0x0000, 0x0000, 0x0000, 0x0003, 0x0003, 0x0401, 0x0401, 
0x0401, 0x0000, 0x0000, 0x0000, 0x0000, 0x0000, 0x0001, 0x0001, 
0x0003, 0x0003, 0x0003, 0x0000, 0x0000, 0x0000, 0x0000, 0x0003, 
0x0003, 0x0003, 0x0003, 0x0003, 0x0003, 0x0003, 0x0401, 0x0401, 
0x0401, 0x0401, 0x0401, 0x0401, 0x0401, 0x0401, 0x0401, 0x0401, 
0x0401, 0x0401, 0x0401, 0x0401, 0x0401, 0x0401, 0x0401, 0x0401, 
0x0401, 0x0401, 0x0401, 0x0401, 0x0401, 0x0401, 0x0401, 0x0401, 
0x0401, 0x0401, 0x0401, 0x0401, 0x0401, 0x0003, 0x0003, 0x0003, 
0x0003, 0x0000, 0x0000, 0x0000, 0x0003, 0x0003, 0x0003, 0x0401, 
0x0401, 0x0000, 0x0000, 0x0000, 0x0000, 0x0000, 0x0000, 0x0000, 
0x0000, 0x0000, 0x0000, 0x0000, 0x0000, 0x0000, 0x0003, 0x0003, 
0x0003, 0x0003, 0x0003, 0x0003, 0x0401, 0x0401, 0x0401, 0x0401, 
0x0401, 0x0401, 0x0401, 0x0401, 0x0003, 0x0003, 0x0003, 0x0401, 
0x0401, 0x0401, 0x0401, 0x0401, 0x0401, 0x0401, 0x0003, 0x0003, 
0x0003, 0x0002, 0x0002, 0x0002, 0x0002, 0x0002, 0x0002, 0x0002, 
0x0002, 0x0002, 0x0002, 0x0002, 0x0002, 0x0002, 0x0002, 0x0003, 
0x0003, 0x0000, 0x0000, 0x0000, 0x0000, 0x0003, 0x0401, 0x0401, 
0x0401, 0x0000, 0x0003, 0x0003, 0x0000, 0x0000, 0x0000, 0x0000, 
0x0000, 0x0000, 0x0000, 0x0000, 0x0000, 0x0000, 0x0003, 0x0003, 
0x0003, 0x0003, 0x0401, 0x0401, 0x0401, 0x0401, 0x0401, 0x0401, 
0x0401, 0x0003, 0x0003, 0x0003, 0x0003, 0x0003, 0x0003, 0x0003, 
0x0401, 0x0401, 0x0401, 0x0401, 0x0401, 0x0002, 0x0002, 0x0002, 
0x0002, 0x0002, 0x0002, 0x0003, 0x0003, 0x0003, 0x0003, 0x0002, 
0x0002, 0x0002, 0x0002, 0x0002, 0x0002, 0x0002, 0x0002, 0x0003, 
0x0003, 0x0000, 0x0000, 0x0000, 0x0000, 0x0003, 0x0401, 0x0401, 
0x0000, 0x0003, 0x0003, 0x0003, 0x0003, 0x0003, 0x0000, 0x0000, 
0x0000, 0x0000, 0x0000, 0x0000, 0x0000, 0x0000, 0x0003, 0x0003, 
0x0003, 0x0003, 0x0401, 0x0401, 0x0401, 0x0401, 0x0401, 0x0401, 
0x0401, 0x0401, 0x0401, 0x0401, 0x0003, 0x0003, 0x0401, 0x0401, 
0x0401, 0x0401, 0x0401, 0x0401, 0x0401, 0x0002, 0x0002, 0x0002, 
0x0002, 0x0002, 0x0002, 0x0002, 0x0003, 0x0003, 0x0003, 0x0003, 
0x0002, 0x0002, 0x0002, 0x0002, 0x0002, 0x0002, 0x0002, 0x0002, 
0x0003, 0x0003, 0x0000, 0x0000, 0x0001, 0x0001, 0x0001, 0x0001, 
0x0000, 0x0000, 0x0003, 0x0003, 0x0003, 0x0000, 0x0000, 0x0000, 
0x0000, 0x0000, 0x0000, 0x0000, 0x0000, 0x0000, 0x0003, 0x0003, 
0x0003, 0x0401, 0x0401, 0x0401, 0x0401, 0x0401, 0x0401, 0x0003, 
0x0003, 0x0401, 0x0401, 0x0401, 0x0401, 0x0401, 0x0401, 0x0401, 
0x0401, 0x0401, 0x0401, 0x0401, 0x0401, 0x0002, 0x0002, 0x0003, 
0x0002, 0x0002, 0x0002, 0x0002, 0x0002, 0x0003, 0x0002, 0x0002, 
0x0002, 0x0002, 0x0003, 0x0003, 0x0003, 0x0002, 0x0002, 0x0002, 
0x0003, 0x0003, 0x0000, 0x0000, 0x0001, 0x0001, 0x0001, 0x0003, 
0x0000, 0x0000, 0x0000, 0x0000, 0x0000, 0x0000, 0x0000, 0x0000, 
0x0000, 0x0000, 0x0000, 0x0000, 0x0000, 0x0000, 0x0003, 0x0003, 
0x0003, 0x0401, 0x0401, 0x0401, 0x0401, 0x0003, 0x0003, 0x0003, 
0x0003, 0x0003, 0x0401, 0x0401, 0x0401, 0x0401, 0x0401, 0x0401, 
0x0401, 0x0401, 0x0401, 0x0401, 0x0401, 0x0002, 0x0002, 0x0003, 
0x0003, 0x0002, 0x0002, 0x0002, 0x0002, 0x0002, 0x0002, 0x0002, 
0x0002, 0x0002, 0x0002, 0x0003, 0x0003, 0x0003, 0x0002, 0x0002, 
0x0003, 0x0003, 0x0000, 0x0001, 0x0001, 0x0001, 0x0001, 0x0003, 
0x0000, 0x0000, 0x0000, 0x0000, 0x0000, 0x0000, 0x0000, 0x0000, 
0x0000, 0x0000, 0x0000, 0x0000, 0x0000, 0x0000, 0x0003, 0x0003, 
0x0003, 0x0401, 0x0401, 0x0401, 0x0401, 0x0401, 0x0003, 0x0003, 
0x0401, 0x0401, 0x0401, 0x0401, 0x0401, 0x0401, 0x0401, 0x0401, 
0x0003, 0x0003, 0x0401, 0x0401, 0x0401, 0x0002, 0x0002, 0x0003, 
0x0003, 0x0002, 0x0002, 0x0002, 0x0002, 0x0002, 0x0002, 0x0002, 
0x0002, 0x0002, 0x0002, 0x0002, 0x0003, 0x0002, 0x0002, 0x0002, 
0x0003, 0x0003, 0x0000, 0x0001, 0x0001, 0x0001, 0x0003, 0x0003, 
0x0000, 0x0000, 0x0000, 0x0000, 0x0000, 0x0000, 0x0003, 0x0003, 
0x0003, 0x0000, 0x0000, 0x0000, 0x0000, 0x0003, 0x0003, 0x0003, 
0x0003, 0x0401, 0x0401, 0x0003, 0x0401, 0x0401, 0x0401, 0x0401, 
0x0401, 0x0401, 0x0401, 0x0401, 0x0401, 0x0401, 0x0401, 0x0003, 
0x0003, 0x0003, 0x0003, 0x0003, 0x0401, 0x0002, 0x0002, 0x0003, 
0x0003, 0x0002, 0x0002, 0x0002, 0x0003, 0x0003, 0x0003, 0x0002, 
0x0002, 0x0002, 0x0002, 0x0002, 0x0002, 0x0002, 0x0002, 0x0002, 
0x0003, 0x0003, 0x0000, 0x0001, 0x0001, 0x0003, 0x0003, 0x0003, 
0x0000, 0x0000, 0x0000, 0x0003, 0x0003, 0x0003, 0x0003, 0x0003, 
0x0003, 0x0003, 0x0000, 0x0000, 0x0000, 0x0003, 0x0003, 0x0003, 
0x0003, 0x0401, 0x0003, 0x0003, 0x0401, 0x0401, 0x0401, 0x0401, 
0x0401, 0x0401, 0x0401, 0x0401, 0x0401, 0x0401, 0x0401, 0x0401, 
0x0401, 0x0003, 0x0003, 0x0401, 0x0401, 0x0002, 0x0002, 0x0003, 
0x0003, 0x0002, 0x0002, 0x0003, 0x0003, 0x0003, 0x0003, 0x0003, 
0x0002, 0x0002, 0x0002, 0x0002, 0x0002, 0x0002, 0x0002, 0x0002, 
0x0003, 0x0003, 0x0000, 0x0001, 0x0001, 0x0003, 0x0003, 0x0003, 
0x0000, 0x0000, 0x0000, 0x0002, 0x0003, 0x0003, 0x0003, 0x0002, 
0x0002, 0x0002, 0x0000, 0x0000, 0x0000, 0x0003, 0x0003, 0x0003, 
0x0003, 0x0401, 0x0003, 0x0003, 0x0003, 0x0401, 0x0401, 0x0401, 
0x0401, 0x0401, 0x0003, 0x0003, 0x0003, 0x0003, 0x0401, 0x0401, 
0x0401, 0x0401, 0x0401, 0x0401, 0x0401, 0x0002, 0x0002, 0x0003, 
0x0003, 0x0002, 0x0002, 0x0002, 0x0003, 0x0002, 0x0002, 0x0002, 
0x0002, 0x0002, 0x0002, 0x0002, 0x0002, 0x0002, 0x0002, 0x0002, 
0x0002, 0x0003, 0x0000, 0x0000, 0x0001, 0x0001, 0x0003, 0x0003, 
0x0000, 0x0000, 0x0000, 0x0002, 0x0002, 0x0002, 0x0002, 0x0002, 
0x0002, 0x0002, 0x0000, 0x0000, 0x0003, 0x0003, 0x0003, 0x0003, 
0x0003, 0x0401, 0x0003, 0x0401, 0x0401, 0x0401, 0x0401, 0x0401, 
0x0401, 0x0401, 0x0401, 0x0003, 0x0003, 0x0003, 0x0003, 0x0003, 
0x0401, 0x0401, 0x0401, 0x0401, 0x0401, 0x0002, 0x0002, 0x0003, 
0x0002, 0x0002, 0x0002, 0x0002, 0x0002, 0x0002, 0x0002, 0x0002, 
0x0002, 0x0002, 0x0002, 0x0003, 0x0003, 0x0003, 0x0002, 0x0002, 
0x0002, 0x0003, 0x0000, 0x0000, 0x0000, 0x0000, 0x0000, 0x0000, 
0x0000, 0x0000, 0x0000, 0x0002, 0x0002, 0x0002, 0x0002, 0x0002, 
0x0002, 0x0002, 0x0000, 0x0000, 0x0000, 0x0003, 0x0003, 0x0003, 
0x0003, 0x0401, 0x0003, 0x0401, 0x0401, 0x0401, 0x0401, 0x0401, 
0x0401, 0x0401, 0x0401, 0x0401, 0x0401, 0x0401, 0x0401, 0x0401, 
0x0401, 0x0401, 0x0401, 0x0401, 0x0401, 0x0002, 0x0002, 0x0003, 
0x0002, 0x0002, 0x0002, 0x0002, 0x0002, 0x0002, 0x0002, 0x0002, 
0x0002, 0x0002, 0x0002, 0x0002, 0x0003, 0x0003, 0x0003, 0x0002, 
0x0002, 0x0003, 0x0000, 0x0000, 0x0000, 0x0000, 0x0000, 0x0000, 
0x0000, 0x0000, 0x0000, 0x0000, 0x0002, 0x0002, 0x0002, 0x0002, 
0x0000, 0x0000, 0x0000, 0x0000, 0x0000, 0x0000, 0x0003, 0x0003, 
0x0003, 0x0401, 0x0401, 0x0401, 0x0401, 0x0401, 0x0003, 0x0003, 
0x0003, 0x0401, 0x0401, 0x0401, 0x0401, 0x0401, 0x0401, 0x0401, 
0x0401, 0x0401, 0x0401, 0x0401, 0x0401, 0x0002, 0x0002, 0x0003, 
0x0002, 0x0002, 0x0002, 0x0002, 0x0002, 0x0002, 0x0002, 0x0002, 
0x0002, 0x0002, 0x0002, 0x0002, 0x0003, 0x0002, 0x0002, 0x0002, 
0x0002, 0x0003, 0x0003, 0x0000, 0x0000, 0x0000, 0x0000, 0x0000, 
0x0000, 0x0000, 0x0000, 0x0000, 0x0000, 0x0000, 0x0000, 0x0000, 
0x0000, 0x0000, 0x0000, 0x0000, 0x0000, 0x0000, 0x0003, 0x0003, 
0x0003, 0x0401, 0x0401, 0x0401, 0x0401, 0x0003, 0x0003, 0x0003, 
0x0003, 0x0003, 0x0401, 0x0401, 0x0401, 0x0401, 0x0401, 0x0401, 
0x0401, 0x0401, 0x0401, 0x0401, 0x0401, 0x0002, 0x0002, 0x0003, 
0x0002, 0x0002, 0x0003, 0x0003, 0x0003, 0x0003, 0x0003, 0x0002, 
0x0002, 0x0002, 0x0002, 0x0002, 0x0002, 0x0002, 0x0002, 0x0002, 
0x0002, 0x0003, 0x0003, 0x0000, 0x0000, 0x0000, 0x0000, 0x0000, 
0x0000, 0x0000, 0x0000, 0x0000, 0x0000, 0x0000, 0x0003, 0x0000, 
0x0000, 0x0000, 0x0000, 0x0000, 0x0000, 0x0000, 0x0000, 0x0003, 
0x0003, 0x0401, 0x0401, 0x0401, 0x0401, 0x0401, 0x0401, 0x0003, 
0x0003, 0x0401, 0x0401, 0x0401, 0x0401, 0x0401, 0x0401, 0x0401, 
0x0401, 0x0401, 0x0401, 0x0401, 0x0401, 0x0002, 0x0002, 0x0003, 
0x0002, 0x0002, 0x0002, 0x0002, 0x0003, 0x0003, 0x0002, 0x0002, 
0x0002, 0x0002, 0x0002, 0x0002, 0x0002, 0x0002, 0x0002, 0x0002, 
0x0002, 0x0003, 0x0003, 0x0000, 0x0000, 0x0000, 0x0000, 0x0000, 
0x0000, 0x0000, 0x0000, 0x0000, 0x0000, 0x0003, 0x0003, 0x0003, 
0x0003, 0x0003, 0x0000, 0x0000, 0x0000, 0x0003, 0x0003, 0x0003, 
0x0003, 0x0401, 0x0401, 0x0003, 0x0401, 0x0401, 0x0401, 0x0401, 
0x0401, 0x0401, 0x0401, 0x0401, 0x0003, 0x0003, 0x0401, 0x0401, 
0x0401, 0x0401, 0x0401, 0x0401, 0x0401, 0x0002, 0x0002, 0x0003, 
0x0002, 0x0002, 0x0002, 0x0002, 0x0002, 0x0002, 0x0002, 0x0002, 
0x0002, 0x0002, 0x0002, 0x0003, 0x0003, 0x0002, 0x0002, 0x0002, 
0x0002, 0x0003, 0x0003, 0x0003, 0x0000, 0x0000, 0x0000, 0x0003, 
0x0000, 0x0000, 0x0000, 0x0000, 0x0000, 0x0000, 0x0003, 0x0003, 
0x0000, 0x0000, 0x0000, 0x0000, 0x0003, 0x0003, 0x0003, 0x0003, 
0x0003, 0x0401, 0x0401, 0x0003, 0x0003, 0x0401, 0x0401, 0x0401, 
0x0401, 0x0401, 0x0401, 0x0003, 0x0003, 0x0003, 0x0003, 0x0401, 
0x0401, 0x0401, 0x0401, 0x0401, 0x0401, 0x0002, 0x0002, 0x0003, 
0x0002, 0x0002, 0x0002, 0x0002, 0x0002, 0x0002, 0x0002, 0x0002, 
0x0002, 0x0003, 0x0003, 0x0003, 0x0003, 0x0003, 0x0002, 0x0002, 
0x0002, 0x0003, 0x0003, 0x0002, 0x0000, 0x0000, 0x0003, 0x0003, 
0x0003, 0x0003, 0x0000, 0x0000, 0x0000, 0x0000, 0x0000, 0x0000, 
0x0000, 0x0000, 0x0000, 0x0000, 0x0000, 0x0000, 0x0003, 0x0003, 
0x0003, 0x0401, 0x0401, 0x0003, 0x0401, 0x0401, 0x0401, 0x0401, 
0x0401, 0x0401, 0x0401, 0x0401, 0x0003, 0x0401, 0x0401, 0x0401, 
0x0401, 0x0401, 0x0401, 0x0401, 0x0401, 0x0002, 0x0002, 0x0003, 
0x0002, 0x0002, 0x0003, 0x0003, 0x0003, 0x0002, 0x0002, 0x0002, 
0x0002, 0x0002, 0x0003, 0x0003, 0x0003, 0x0003, 0x0002, 0x0002, 
0x0002, 0x0003, 0x0003, 0x0002, 0x0000, 0x0000, 0x0000, 0x0003, 
0x0003, 0x0000, 0x0000, 0x0000, 0x0000, 0x0000, 0x0000, 0x0000, 
0x0000, 0x0000, 0x0000, 0x0000, 0x0000, 0x0000, 0x0003, 0x0003, 
0x0003, 0x0401, 0x0401, 0x0401, 0x0401, 0x0401, 0x0401, 0x0401, 
0x0401, 0x0401, 0x0401, 0x0401, 0x0401, 0x0401, 0x0401, 0x0401, 
0x0401, 0x0401, 0x0401, 0x0401, 0x0401, 0x0002, 0x0002, 0x0003, 
0x0003, 0x0002, 0x0002, 0x0003, 0x0003, 0x0003, 0x0002, 0x0002, 
0x0002, 0x0002, 0x0002, 0x0002, 0x0002, 0x0002, 0x0002, 0x0002, 
0x0003, 0x0003, 0x0003, 0x0002, 0x0000, 0x0000, 0x0000, 0x0000, 
0x0000, 0x0000, 0x0000, 0x0000, 0x0000, 0x0000, 0x0000, 0x0000, 
0x0003, 0x0000, 0x0000, 0x0000, 0x0000, 0x0000, 0x0000, 0x0003, 
0x0003, 0x0401, 0x0401, 0x0401, 0x0401, 0x0401, 0x0401, 0x0401, 
0x0401, 0x0401, 0x0401, 0x0401, 0x0401, 0x0401, 0x0401, 0x0401, 
0x0401, 0x0401, 0x0401, 0x0401, 0x0401, 0x0002, 0x0002, 0x0003, 
0x0003, 0x0002, 0x0002, 0x0002, 0x0002, 0x0002, 0x0002, 0x0002, 
0x0002, 0x0002, 0x0002, 0x0002, 0x0002, 0x0002, 0x0002, 0x0002, 
0x0003, 0x0003, 0x0000, 0x0000, 0x0000, 0x0000, 0x0001, 0x0000, 
0x0000, 0x0000, 0x0000, 0x0000, 0x0000, 0x0000, 0x0003, 0x0003, 
0x0003, 0x0003, 0x0003, 0x0003, 0x0000, 0x0000, 0x0000, 0x0003, 
0x0003, 0x0401, 0x0401, 0x0401, 0x0401, 0x0401, 0x0003, 0x0003, 
0x0003, 0x0401, 0x0401, 0x0401, 0x0401, 0x0401, 0x0401, 0x0401, 
0x0003, 0x0003, 0x0003, 0x0401, 0x0401, 0x0002, 0x0002, 0x0003, 
0x0003, 0x0002, 0x0002, 0x0002, 0x0002, 0x0002, 0x0002, 0x0003, 
0x0003, 0x0003, 0x0003, 0x0003, 0x0002, 0x0002, 0x0002, 0x0002, 
0x0003, 0x0002, 0x0000, 0x0000, 0x0001, 0x0001, 0x0001, 0x0003, 
0x0003, 0x0000, 0x0000, 0x0000, 0x0000, 0x0003, 0x0003, 0x0003, 
0x0003, 0x0003, 0x0003, 0x0002, 0x0000, 0x0000, 0x0000, 0x0003, 
0x0003, 0x0401, 0x0401, 0x0401, 0x0401, 0x0003, 0x0003, 0x0003, 
0x0003, 0x0003, 0x0401, 0x0401, 0x0401, 0x0401, 0x0401, 0x0003, 
0x0003, 0x0003, 0x0003, 0x0003, 0x0401, 0x0002, 0x0002, 0x0003, 
0x0003, 0x0002, 0x0002, 0x0002, 0x0002, 0x0002, 0x0003, 0x0003, 
0x0003, 0x0003, 0x0003, 0x0002, 0x0002, 0x0002, 0x0002, 0x0002, 
0x0002, 0x0002, 0x0000, 0x0001, 0x0001, 0x0001, 0x0003, 0x0003, 
0x0003, 0x0000, 0x0000, 0x0000, 0x0000, 0x0003, 0x0003, 0x0003, 
0x0003, 0x0003, 0x0003, 0x0002, 0x0000, 0x0000, 0x0000, 0x0003, 
0x0003, 0x0401, 0x0401, 0x0401, 0x0401, 0x0401, 0x0003, 0x0003, 
0x0401, 0x0401, 0x0401, 0x0401, 0x0401, 0x0401, 0x0401, 0x0401, 
0x0003, 0x0003, 0x0401, 0x0401, 0x0401, 0x0002, 0x0003, 0x0003, 
0x0003, 0x0002, 0x0002, 0x0002, 0x0002, 0x0002, 0x0002, 0x0002, 
0x0003, 0x0002, 0x0002, 0x0002, 0x0002, 0x0002, 0x0002, 0x0002, 
0x0002, 0x0002, 0x0000, 0x0001, 0x0001, 0x0001, 0x0003, 0x0003, 
0x0003, 0x0000, 0x0000, 0x0000, 0x0003, 0x0003, 0x0003, 0x0003, 
0x0003, 0x0003, 0x0002, 0x0002, 0x0000, 0x0000, 0x0000, 0x0003, 
0x0003, 0x0401, 0x0401, 0x0003, 0x0003, 0x0401, 0x0401, 0x0401, 
0x0401, 0x0401, 0x0401, 0x0401, 0x0401, 0x0401, 0x0401, 0x0401, 
0x0401, 0x0401, 0x0401, 0x0401, 0x0401, 0x0002, 0x0003, 0x0003, 
0x0003, 0x0002, 0x0002, 0x0002, 0x0002, 0x0002, 0x0002, 0x0002, 
0x0002, 0x0002, 0x0002, 0x0002, 0x0002, 0x0002, 0x0002, 0x0002, 
0x0002, 0x0002, 0x0000, 0x0001, 0x0001, 0x0001, 0x0003, 0x0003, 
0x0003, 0x0000, 0x0000, 0x0000, 0x0002, 0x0003, 0x0003, 0x0003, 
0x0002, 0x0002, 0x0002, 0x0002, 0x0000, 0x0000, 0x0003, 0x0003, 
0x0003, 0x0401, 0x0401, 0x0003, 0x0003, 0x0003, 0x0401, 0x0401, 
0x0401, 0x0401, 0x0401, 0x0401, 0x0401, 0x0401, 0x0401, 0x0401, 
0x0401, 0x0401, 0x0401, 0x0401, 0x0003, 0x0003, 0x0003, 0x0003, 
0x0003, 0x0003, 0x0002, 0x0002, 0x0002, 0x0002, 0x0002, 0x0002, 
0x0002, 0x0002, 0x0002, 0x0003, 0x0003, 0x0003, 0x0002, 0x0002, 
0x0002, 0x0000, 0x0000, 0x0000, 0x0001, 0x0001, 0x0001, 0x0003, 
0x0000, 0x0000, 0x0000, 0x0000, 0x0002, 0x0002, 0x0002, 0x0002, 
0x0002, 0x0002, 0x0002, 0x0000, 0x0000, 0x0000, 0x0003, 0x0003, 
0x0003, 0x0401, 0x0401, 0x0401, 0x0003, 0x0401, 0x0401, 0x0401, 
0x0401, 0x0401, 0x0401, 0x0401, 0x0401, 0x0401, 0x0401, 0x0401, 
0x0401, 0x0401, 0x0003, 0x0003, 0x0003, 0x0003, 0x0003, 0x0003, 
0x0003, 0x0003, 0x0003, 0x0002, 0x0002, 0x0002, 0x0002, 0x0002, 
0x0003, 0x0003, 0x0003, 0x0003, 0x0003, 0x0003, 0x0003, 0x0003, 
0x0002, 0x0000, 0x0000, 0x0000, 0x0000, 0x0000, 0x0000, 0x0000, 
0x0000, 0x0000, 0x0000, 0x0000, 0x0000, 0x0002, 0x0002, 0x0002, 
0x0002, 0x0002, 0x0000, 0x0000, 0x0000, 0x0000, 0x0003, 0x0003, 
0x0003, 0x0003, 0x0401, 0x0401, 0x0401, 0x0401, 0x0401, 0x0401, 
0x0401, 0x0401, 0x0401, 0x0401, 0x0401, 0x0401, 0x0401, 0x0401, 
0x0401, 0x0003, 0x0003, 0x0003, 0x0003, 0x0003, 0x0003, 0x0003, 
0x0003, 0x0003, 0x0003, 0x0003, 0x0003, 0x0003, 0x0003, 0x0003, 
0x0003, 0x0003, 0x0003, 0x0003, 0x0003, 0x0003, 0x0003, 0x0003, 
0x0003, 0x0000, 0x0000, 0x0000, 0x0000, 0x0000, 0x0000, 0x0000, 
0x0000, 0x0000, 0x0000, 0x0000, 0x0000, 0x0000, 0x0000, 0x0000, 
0x0000, 0x0000, 0x0000, 0x0000, 0x0000, 0x0000, 0x0003, 0x0003, 
0x0003, 0x0003, 0x0401, 0x0401, 0x0401, 0x0401, 0x0401, 0x0401, 
0x0401, 0x0401, 0x0401, 0x0401, 0x0401, 0x0401, 0x0401, 0x0401, 
0x0401, 0x0401, 0x0401, 0x0401, 0x0401, 0x0003, 0x0003, 0x0003, 
0x0003, 0x0003, 0x0003, 0x0003, 0x0003, 0x0003, 0x0003, 0x0401, 
0x0401, 0x0401, 0x0401, 0x0401, 0x0401, 0x0401, 0x0003, 0x0003, 
0x0003, 0x0000, 0x0000, 0x0000, 0x0000, 0x0000, 0x0000, 0x0000, 
0x0000, 0x0000, 0x0000, 0x0000, 0x0000, 0x0000, 0x0000, 0x0000, 
0x0000, 0x0000, 0x0000, 0x0000, 0x0000, 0x0000, 0x0003, 0x0003, 
0x0003, 0x0003, 0x0003, 0x0401, 0x0401, 0x0401, 0x0401, 0x0401, 
0x0401, 0x0401, 0x0401, 0x0401, 0x0401, 0x0401, 0x0401, 0x0401, 
0x0401, 0x0401, 0x0401, 0x0401, 0x0401, 0x0401, 0x0401, 0x0003, 
0x0003, 0x0401, 0x0401, 0x0401, 0x0401, 0x0401, 0x0401, 0x0401, 
0x0401, 0x0401, 0x0401, 0x0401, 0x0401, 0x0401, 0x0401, 0x0401, 
0x0401, 0x0000, 0x0000, 0x0000, 0x0000, 0x0000, 0x0000, 0x0000, 
0x0000, 0x0000, 0x0000, 0x0000, 0x0000, 0x0000, 0x0000, 0x0000, 
0x0000, 0x0000, 0x0000, 0x0000, 0x0000, 0x0003, 0x0003, 0x0003, 
0x0003, 0x0003, 0x0003, 0x0003, 0x0003, 0x0003, 0x0003, 0x0003, 
0x0003, 0x0003, 0x0003, 0x0401, 0x0003, 0x0003, 0x0003, 0x0003, 
0x0003, 0x0003, 0x0401, 0x0401, 0x0401, 0x0401, 0x0401, 0x0401, 
0x0401, 0x0401, 0x0401, 0x0401, 0x0401, 0x0401, 0x0401, 0x0401, 
0x0401, 0x0401, 0x0401, 0x0401, 0x0401, 0x0401, 0x0401, 0x0401, 
0x0401, 0x0401, 0x0401, 0x0000, 0x0000, 0x0000, 0x0000, 0x0000, 
0x0000, 0x0000, 0x0000, 0x0003, 0x0003, 0x0003, 0x0003, 0x0003, 
0x0003, 0x0003, 0x0003, 0x0003, 0x0003, 0x0003, 0x0003, 0x0003, 
0x0003, 0x0003, 0x0003, 0x0003, 0x0003, 0x0003, 0x0003, 0x0003, 
0x0003, 0x0003, 0x0003, 0x0003, 0x0003, 0x0003, 0x0003, 0x0003, 
0x0003, 0x0003, 0x0003, 0x0003, 0x0003, 0x0401, 0x0401, 0x0401, 
0x0401, 0x0401, 0x0401, 0x0401, 0x0401, 0x0401, 0x0401, 0x0401, 
0x0401, 0x0401, 0x0401, 0x0401, 0x0401, 0x0401, 0x0401, 0x0401, 
0x0401, 0x0401, 0x0401, 0x0401, 0x0401, 0x0401, 0x0003, 0x0003, 
0x0003, 0x0003, 0x0003, 0x0003, 0x0003, 0x0003, 0x0003, 0x0003, 
0x0003, 0x0003, 0x0003, 0x0003, 0x0003, 0x0003, 0x0003, 0x0003, 
0x0003, 0x0003, 0x0003, 0x0003, 0x0003, 0x0003, 0x0003, 0x0003, 
0x0003, 0x0003, 0x0003, 0x0003, 0x0003, 0x0003, 0x0003, 0x0003, 
0x0003, 0x0003, 0x0003, 0x0003, 0x0003, 0x0003, 0x0003, 0x0401, 
0x0401, 0x0401, 0x0401, 0x0401, 0x0401, 0x0401, 0x0401, 0x0401, 
0x0401, 0x0401, 0x0401, 0x0401, 0x0401, 0x0401, 0x0401, 0x0401, 
0x0401, 0x0401, 0x0401, 0x0003, 0x0003, 0x0003, 0x0003, 0x0003, 
0x0003, 0x0003, 0x0003, 0x0003, 0x0003, 0x0003, 0x0003, 0x0003, 
0x0003, 0x0003, 0x0003, 0x0003, 0x0003, 0x0003, 0x0003, 0x0003, 
0x0003, 0x0003, 0x0003, 0x0003, 0x0003, 0x0003, 0x0003, 0x0003, 
0x0003, 0x0003, 0x0003, 0x0003, 0x0003, 0x0003, 0x0003, 0x0003, 
0x0003, 0x0003, 0x0003, 0x0003, 0x0003, 0x0003, 0x0003, 0x0003, 
0x0002, 0x0002, 0x0002, 0x0003, 0x0000, 0x0000, 0x0000, 0x0000, 
0x0000, 0x0003, 0x0401, 0x0401, 0x0401, 0x0003, 0x0401, 0x0401, 
0x0401, 0x0003, 0x0003, 0x0003, 0x0003, 0x0003, 0x0003, 0x0003, 
0x0003, 0x0003, 0x0003, 0x0003, 0x0003, 0x0003, 0x0003, 0x0003, 
0x0003, 0x0003, 0x0003, 0x0003, 0x0003, 0x0003, 0x0003, 0x0003, 
0x0003, 0x0003, 0x0003, 0x0003, 0x0003, 0x0003, 0x0003, 0x0003, 
0x0003, 0x0003, 0x0003, 0x0003, 0x0003, 0x0003, 0x0000, 0x0000, 
0x0000, 0x0003, 0x0003, 0x0003, 0x0000, 0x0000, 0x0003, 0x0003, 
0x0002, 0x0002, 0x0002, 0x0003, 0x0003, 0x0003, 0x0003, 0x0003, 
0x0003, 0x0003, 0x0000, 0x0000, 0x0000, 0x0003, 0x0003, 0x0003, 
0x0003, 0x0003, 0x0003, 0x0003, 0x0003, 0x0003, 0x0003, 0x0003, 
0x0003, 0x0003, 0x0003, 0x0003, 0x0003, 0x0003, 0x0003, 0x0003, 
0x0003, 0x0003, 0x0003, 0x0003, 0x0003, 0x0003, 0x0003, 0x0003, 
0x0003, 0x0003, 0x0003, 0x0003, 0x0003, 0x0003, 0x0003, 0x0003, 
0x0003, 0x0000, 0x0000, 0x0003, 0x0003, 0x0000, 0x0000, 0x0000, 
0x0000, 0x0000, 0x0003, 0x0000, 0x0000, 0x0000, 0x0003, 0x0000, 
0x0000, 0x0002, 0x0002, 0x0002, 0x0003, 0x0003, 0x0003, 0x0003, 
0x0003, 0x0003, 0x0003, 0x0000, 0x0000, 0x0000, 0x0000, 0x0003, 
0x0003, 0x0000, 0x0000, 0x0000, 0x0003, 0x0003, 0x0003, 0x0000, 
0x0003, 0x0003, 0x0003, 0x0003, 0x0000, 0x0000, 0x0003, 0x0003, 
0x0003, 0x0003, 0x0003, 0x0003, 0x0003, 0x0003, 0x0003, 0x0003, 
0x0003, 0x0003, 0x0003, 0x0003, 0x0003, 0x0003, 0x0003, 0x0003, 
0x0003, 0x0000, 0x0000, 0x0003, 0x0003, 0x0000, 0x0000, 0x0000, 
0x0000, 0x0000, 0x0003, 0x0000, 0x0000, 0x0000, 0x0000, 0x0000, 
0x0000, 0x0000, 0x0000, 0x0000, 0x0002, 0x0002, 0x0002, 0x0003, 
0x0002, 0x0002, 0x0002, 0x0000, 0x0000, 0x0000, 0x0000, 0x0003, 
0x0000, 0x0000, 0x0000, 0x0000, 0x0000, 0x0003, 0x0003, 0x0000, 
0x0000, 0x0003, 0x0003, 0x0003, 0x0000, 0x0000, 0x0000, 0x0003, 
0x0003, 0x0003, 0x0003, 0x0003, 0x0003, 0x0003, 0x0003, 0x0003, 
0x0003, 0x0003, 0x0003, 0x0003, 0x0003, 0x0003, 0x0003, 0x0003, 
0x0003, 0x0000, 0x0000, 0x0003, 0x0003, 0x0000, 0x0000, 0x0000, 
0x0000, 0x0000, 0x0000, 0x0000, 0x0000, 0x0000, 0x0000, 0x0000, 
0x0000, 0x0000, 0x0000, 0x0000, 0x0000, 0x0000, 0x0000, 0x0002, 
0x0000, 0x0000, 0x0000, 0x0000, 0x0000, 0x0000, 0x0000, 0x0003, 
0x0000, 0x0000, 0x0000, 0x0000, 0x0000, 0x0003, 0x0003, 0x0000, 
0x0000, 0x0003, 0x0003, 0x0003, 0x0000, 0x0000, 0x0000, 0x0003, 
0x0003, 0x0003, 0x0000, 0x0003, 0x0003, 0x0003, 0x0003, 0x0003, 
0x0003, 0x0003, 0x0003, 0x0003, 0x0003, 0x0003, 0x0003, 0x0003, 
0x0003, 0x0000, 0x0000, 0x0000, 0x0003, 0x0000, 0x0000, 0x0000, 
0x0000, 0x0000, 0x0000, 0x0000, 0x0000, 0x0000, 0x0000, 0x0000, 
0x0000, 0x0000, 0x0000, 0x0000, 0x0000, 0x0000, 0x0000, 0x0000, 
0x0000, 0x0000, 0x0000, 0x0000, 0x0000, 0x0000, 0x0000, 0x0003, 
0x0000, 0x0000, 0x0000, 0x0000, 0x0000, 0x0003, 0x0003, 0x0000, 
0x0000, 0x0003, 0x0003, 0x0000, 0x0000, 0x0000, 0x0000, 0x0000, 
0x0003, 0x0003, 0x0000, 0x0000, 0x0003, 0x0003, 0x0003, 0x0003, 
0x0003, 0x0003, 0x0003, 0x0003, 0x0003, 0x0003, 0x0003, 0x0003, 
0x0003, 0x0000, 0x0000, 0x0000, 0x0003, 0x0000, 0x0000, 0x0000, 
0x0000, 0x0000, 0x0000, 0x0000, 0x0000, 0x0000, 0x0000, 0x0000, 
0x0000, 0x0000, 0x0000, 0x0000, 0x0003, 0x0003, 0x0000, 0x0000, 
0x0000, 0x0000, 0x0000, 0x0000, 0x0000, 0x0000, 0x0000, 0x0000, 
0x0000, 0x0000, 0x0000, 0x0000, 0x0000, 0x0003, 0x0000, 0x0000, 
0x0000, 0x0000, 0x0003, 0x0000, 0x0000, 0x0000, 0x0000, 0x0000, 
0x0003, 0x0000, 0x0000, 0x0000, 0x0000, 0x0003, 0x0003, 0x0003, 
0x0003, 0x0003, 0x0003, 0x0003, 0x0003, 0x0401, 0x0003, 0x0003, 
0x0003, 0x0000, 0x0000, 0x0000, 0x0003, 0x0000, 0x0000, 0x0000, 
0x0000, 0x0002, 0x0000, 0x0000, 0x0000, 0x0000, 0x0000, 0x0000, 
0x0000, 0x0000, 0x0003, 0x0003, 0x0003, 0x0003, 0x0003, 0x0003, 
0x0000, 0x0000, 0x0000, 0x0000, 0x0002, 0x0000, 0x0000, 0x0003, 
0x0000, 0x0000, 0x0000, 0x0000, 0x0000, 0x0003, 0x0000, 0x0000, 
0x0000, 0x0000, 0x0003, 0x0000, 0x0000, 0x0000, 0x0000, 0x0000, 
0x0003, 0x0000, 0x0000, 0x0000, 0x0000, 0x0003, 0x0003, 0x0003, 
0x0003, 0x0003, 0x0003, 0x0003, 0x0003, 0x0401, 0x0003, 0x0003, 
0x0401, 0x0401, 0x0401, 0x0401, 0x0401, 0x0401, 0x0401, 0x0003, 
0x0003, 0x0401, 0x0401, 0x0401, 0x0401, 0x0401, 0x0401, 0x0401, 
0x0003, 0x0003, 0x0003, 0x0003, 0x0003, 0x0003, 0x0003, 0x0003, 
0x0003, 0x0000, 0x0002, 0x0000, 0x0001, 0x0003, 0x0003, 0x0003, 
0x0001, 0x0001, 0x0001, 0x0001, 0x0001, 0x0003, 0x0001, 0x0001, 
0x0001, 0x0001, 0x0003, 0x0001, 0x0001, 0x0001, 0x0001, 0x0001, 
0x0003, 0x0001, 0x0001, 0x0001, 0x0001, 0x0001, 0x0003, 0x0003, 
0x0003, 0x0003, 0x0003, 0x0003, 0x0401, 0x0401, 0x0003, 0x0003, 
0x0401, 0x0401, 0x0401, 0x0401, 0x0401, 0x0401, 0x0401, 0x0003, 
0x0003, 0x0003, 0x0003, 0x0401, 0x0401, 0x0401, 0x0401, 0x0401, 
0x0401, 0x0003, 0x0003, 0x0003, 0x0000, 0x0000, 0x0003, 0x0003, 
0x0003, 0x0003, 0x0002, 0x0000, 0x0001, 0x0001, 0x0003, 0x0003, 
0x0003, 0x0003, 0x0001, 0x0001, 0x0001, 0x0001, 0x0001, 0x0001, 
0x0001, 0x0001, 0x0001, 0x0001, 0x0001, 0x0001, 0x0001, 0x0001, 
0x0001, 0x0001, 0x0001, 0x0001, 0x0001, 0x0001, 0x0003, 0x0003, 
0x0003, 0x0003, 0x0003, 0x0003, 0x0401, 0x0401, 0x0003, 0x0003, 
0x0401, 0x0401, 0x0401, 0x0401, 0x0401, 0x0401, 0x0003, 0x0003, 
0x0003, 0x0003, 0x0003, 0x0003, 0x0401, 0x0401, 0x0401, 0x0401, 
0x0401, 0x0401, 0x0401, 0x0401, 0x0000, 0x0000, 0x0002, 0x0002, 
0x0002, 0x0002, 0x0002, 0x0000, 0x0001, 0x0001, 0x0001, 0x0001, 
0x0001, 0x0001, 0x0001, 0x0001, 0x0001, 0x0001, 0x0001, 0x0001, 
0x0001, 0x0001, 0x0001, 0x0001, 0x0001, 0x0001, 0x0001, 0x0001, 
0x0001, 0x0001, 0x0001, 0x0001, 0x0001, 0x0003, 0x0003, 0x0003, 
0x0003, 0x0003, 0x0003, 0x0003, 0x0401, 0x0401, 0x0003, 0x0003, 
0x0401, 0x0401, 0x0401, 0x0401, 0x0401, 0x0401, 0x0401, 0x0401, 
0x0401, 0x0401, 0x0401, 0x0401, 0x0401, 0x0401, 0x0401, 0x0401, 
0x0401, 0x0401, 0x0401, 0x0401, 0x0000, 0x0000, 0x0000, 0x0000, 
0x0000, 0x0000, 0x0000, 0x0000, 0x0001, 0x0001, 0x0001, 0x0001, 
0x0001, 0x0003, 0x0003, 0x0001, 0x0001, 0x0003, 0x0003, 0x0001, 
0x0001, 0x0001, 0x0001, 0x0001, 0x0001, 0x0001, 0x0001, 0x0001, 
0x0001, 0x0001, 0x0001, 0x0001, 0x0001, 0x0003, 0x0003, 0x0003, 
0x0003, 0x0003, 0x0003, 0x0003, 0x0401, 0x0401, 0x0401, 0x0003, 
0x0401, 0x0401, 0x0401, 0x0401, 0x0401, 0x0401, 0x0401, 0x0401, 
0x0401, 0x0401, 0x0401, 0x0401, 0x0401, 0x0401, 0x0401, 0x0401, 
0x0401, 0x0003, 0x0003, 0x0401, 0x0000, 0x0000, 0x0000, 0x0000, 
0x0000, 0x0000, 0x0000, 0x0000, 0x0001, 0x0001, 0x0001, 0x0001, 
0x0003, 0x0003, 0x0003, 0x0003, 0x0003, 0x0003, 0x0003, 0x0003, 
0x0001, 0x0001, 0x0001, 0x0001, 0x0001, 0x0001, 0x0001, 0x0001, 
0x0001, 0x0001, 0x0001, 0x0001, 0x0001, 0x0003, 0x0003, 0x0003, 
0x0003, 0x0003, 0x0003, 0x0401, 0x0401, 0x0401, 0x0401, 0x0003, 
0x0401, 0x0401, 0x0401, 0x0401, 0x0401, 0x0003, 0x0003, 0x0003, 
0x0003, 0x0401, 0x0401, 0x0401, 0x0401, 0x0401, 0x0003, 0x0003, 
0x0003, 0x0003, 0x0003, 0x0003, 0x0000, 0x0000, 0x0000, 0x0000, 
0x0000, 0x0000, 0x0000, 0x0000, 0x0001, 0x0001, 0x0001, 0x0001, 
0x0001, 0x0001, 0x0001, 0x0001, 0x0003, 0x0003, 0x0001, 0x0001, 
0x0001, 0x0001, 0x0003, 0x0003, 0x0003, 0x0003, 0x0001, 0x0001, 
0x0001, 0x0001, 0x0001, 0x0001, 0x0003, 0x0003, 0x0003, 0x0003, 
0x0003, 0x0003, 0x0003, 0x0401, 0x0401, 0x0401, 0x0401, 0x0401, 
0x0401, 0x0401, 0x0401, 0x0401, 0x0003, 0x0003, 0x0003, 0x0003, 
0x0003, 0x0003, 0x0401, 0x0401, 0x0401, 0x0401, 0x0401, 0x0401, 
0x0003, 0x0003, 0x0401, 0x0401, 0x0000, 0x0002, 0x0000, 0x0003, 
0x0003, 0x0003, 0x0003, 0x0000, 0x0001, 0x0001, 0x0001, 0x0001, 
0x0001, 0x0001, 0x0001, 0x0001, 0x0001, 0x0001, 0x0001, 0x0001, 
0x0003, 0x0003, 0x0003, 0x0003, 0x0003, 0x0003, 0x0001, 0x0001, 
0x0001, 0x0001, 0x0001, 0x0001, 0x0003, 0x0003, 0x0003, 0x0003, 
0x0003, 0x0003, 0x0003, 0x0401, 0x0401, 0x0401, 0x0401, 0x0401, 
0x0401, 0x0401, 0x0401, 0x0401, 0x0401, 0x0003, 0x0003, 0x0003, 
0x0401, 0x0401, 0x0401, 0x0401, 0x0401, 0x0401, 0x0401, 0x0401, 
0x0401, 0x0401, 0x0401, 0x0401, 0x0000, 0x0002, 0x0003, 0x0003, 
0x0003, 0x0003, 0x0003, 0x0003, 0x0001, 0x0001, 0x0001, 0x0001, 
0x0001, 0x0001, 0x0001, 0x0001, 0x0001, 0x0001, 0x0001, 0x0001, 
0x0001, 0x0001, 0x0001, 0x0003, 0x0003, 0x0001, 0x0001, 0x0001, 
0x0001, 0x0001, 0x0001, 0x0001, 0x0003, 0x0003, 0x0003, 0x0003, 
0x0003, 0x0003, 0x0003, 0x0401, 0x0401, 0x0401, 0x0401, 0x0401, 
0x0401, 0x0401, 0x0401, 0x0401, 0x0401, 0x0401, 0x0401, 0x0401, 
0x0401, 0x0401, 0x0401, 0x0401, 0x0401, 0x0401, 0x0401, 0x0401, 
0x0401, 0x0401, 0x0401, 0x0401, 0x0000, 0x0002, 0x0002, 0x0002, 
0x0003, 0x0002, 0x0002, 0x0002, 0x0001, 0x0001, 0x0001, 0x0001, 
0x0001, 0x0001, 0x0001, 0x0001, 0x0001, 0x0001, 0x0001, 0x0001, 
0x0001, 0x0001, 0x0001, 0x0001, 0x0001, 0x0001, 0x0001, 0x0001, 
0x0001, 0x0001, 0x0001, 0x0001, 0x0003, 0x0003, 0x0003, 0x0003, 
0x0003, 0x0003, 0x0003, 0x0401, 0x0401, 0x0401, 0x0401, 0x0401, 
0x0401, 0x0401, 0x0401, 0x0401, 0x0401, 0x0401, 0x0401, 0x0401, 
0x0401, 0x0401, 0x0401, 0x0401, 0x0401, 0x0401, 0x0003, 0x0003, 
0x0401, 0x0401, 0x0401, 0x0401, 0x0000, 0x0000, 0x0000, 0x0000, 
0x0002, 0x0000, 0x0000, 0x0000, 0x0001, 0x0001, 0x0001, 0x0001, 
0x0003, 0x0001, 0x0001, 0x0001, 0x0001, 0x0001, 0x0001, 0x0001, 
0x0001, 0x0001, 0x0001, 0x0001, 0x0003, 0x0003, 0x0003, 0x0001, 
0x0001, 0x0001, 0x0001, 0x0001, 0x0003, 0x0003, 0x0003, 0x0003, 
0x0003, 0x0003, 0x0003, 0x0401, 0x0401, 0x0401, 0x0401, 0x0401, 
0x0003, 0x0003, 0x0401, 0x0401, 0x0401, 0x0401, 0x0401, 0x0401, 
0x0401, 0x0401, 0x0401, 0x0401, 0x0003, 0x0003, 0x0003, 0x0003, 
0x0003, 0x0003, 0x0401, 0x0401, 0x0000, 0x0000, 0x0000, 0x0000, 
0x0000, 0x0000, 0x0000, 0x0000, 0x0001, 0x0001, 0x0003, 0x0003, 
0x0003, 0x0003, 0x0001, 0x0001, 0x0001, 0x0001, 0x0001, 0x0001, 
0x0001, 0x0001, 0x0001, 0x0003, 0x0003, 0x0003, 0x0003, 0x0003, 
0x0001, 0x0001, 0x0001, 0x0001, 0x0001, 0x0003, 0x0003, 0x0003, 
0x0003, 0x0003, 0x0003, 0x0401, 0x0401, 0x0401, 0x0401, 0x0003, 
0x0003, 0x0003, 0x0003, 0x0401, 0x0401, 0x0401, 0x0401, 0x0401, 
0x0401, 0x0401, 0x0401, 0x0401, 0x0401, 0x0401, 0x0003, 0x0003, 
0x0003, 0x0401, 0x0401, 0x0401, 0x0000, 0x0000, 0x0000, 0x0000, 
0x0000, 0x0000, 0x0000, 0x0000, 0x0001, 0x0003, 0x0003, 0x0003, 
0x0003, 0x0003, 0x0003, 0x0001, 0x0001, 0x0001, 0x0001, 0x0001, 
0x0001, 0x0001, 0x0001, 0x0001, 0x0003, 0x0003, 0x0001, 0x0001, 
0x0001, 0x0001, 0x0001, 0x0001, 0x0001, 0x0003, 0x0003, 0x0003, 
0x0003, 0x0003, 0x0401, 0x0401, 0x0401, 0x0401, 0x0401, 0x0401, 
0x0003, 0x0401, 0x0401, 0x0401, 0x0401, 0x0401, 0x0401, 0x0401, 
0x0401, 0x0401, 0x0401, 0x0401, 0x0401, 0x0401, 0x0401, 0x0401, 
0x0401, 0x0401, 0x0401, 0x0401, 0x0000, 0x0000, 0x0000, 0x0000, 
0x0000, 0x0000, 0x0000, 0x0000, 0x0001, 0x0001, 0x0001, 0x0003, 
0x0001, 0x0001, 0x0001, 0x0001, 0x0001, 0x0001, 0x0001, 0x0001, 
0x0001, 0x0001, 0x0001, 0x0001, 0x0001, 0x0001, 0x0001, 0x0001, 
0x0001, 0x0003, 0x0001, 0x0001, 0x0001, 0x0001, 0x0003, 0x0003, 
0x0003, 0x0003, 0x0401, 0x0401, 0x0401, 0x0401, 0x0401, 0x0401, 
0x0401, 0x0401, 0x0401, 0x0401, 0x0003, 0x0003, 0x0401, 0x0401, 
0x0401, 0x0401, 0x0401, 0x0401, 0x0401, 0x0401, 0x0401, 0x0401, 
0x0401, 0x0401, 0x0401, 0x0401, 0x0000, 0x0003, 0x0003, 0x0003, 
0x0003, 0x0000, 0x0002, 0x0000, 0x0001, 0x0001, 0x0001, 0x0001, 
0x0001, 0x0001, 0x0001, 0x0001, 0x0001, 0x0001, 0x0001, 0x0001, 
0x0001, 0x0001, 0x0001, 0x0001, 0x0001, 0x0001, 0x0001, 0x0001, 
0x0003, 0x0003, 0x0003, 0x0001, 0x0001, 0x0001, 0x0003, 0x0003, 
0x0003, 0x0003, 0x0401, 0x0401, 0x0401, 0x0401, 0x0401, 0x0401, 
0x0401, 0x0401, 0x0401, 0x0003, 0x0003, 0x0003, 0x0003, 0x0401, 
0x0401, 0x0401, 0x0401, 0x0401, 0x0401, 0x0401, 0x0401, 0x0401, 
0x0401, 0x0401, 0x0401, 0x0401, 0x0003, 0x0003, 0x0003, 0x0003, 
0x0003, 0x0003, 0x0002, 0x0000, 0x0001, 0x0001, 0x0001, 0x0001, 
0x0001, 0x0001, 0x0001, 0x0001, 0x0001, 0x0001, 0x0001, 0x0001, 
0x0001, 0x0003, 0x0003, 0x0001, 0x0001, 0x0001, 0x0001, 0x0003, 
0x0003, 0x0003, 0x0003, 0x0003, 0x0001, 0x0001, 0x0003, 0x0003, 
0x0003, 0x0003, 0x0401, 0x0401, 0x0401, 0x0401, 0x0401, 0x0401, 
0x0401, 0x0401, 0x0401, 0x0003, 0x0401, 0x0401, 0x0401, 0x0401, 
0x0401, 0x0401, 0x0401, 0x0401, 0x0003, 0x0003, 0x0003, 0x0401, 
0x0401, 0x0401, 0x0401, 0x0401, 0x0002, 0x0003, 0x0003, 0x0003, 
0x0002, 0x0002, 0x0002, 0x0000, 0x0001, 0x0001, 0x0003, 0x0001, 
0x0001, 0x0001, 0x0001, 0x0001, 0x0001, 0x0001, 0x0001, 0x0003, 
0x0003, 0x0003, 0x0003, 0x0003, 0x0001, 0x0001, 0x0001, 0x0001, 
0x0001, 0x0001, 0x0001, 0x0003, 0x0001, 0x0001, 0x0003, 0x0003, 
0x0003, 0x0003, 0x0401, 0x0401, 0x0401, 0x0003, 0x0401, 0x0401, 
0x0401, 0x0401, 0x0401, 0x0401, 0x0401, 0x0401, 0x0401, 0x0401, 
0x0401, 0x0401, 0x0401, 0x0003, 0x0003, 0x0003, 0x0003, 0x0401, 
0x0401, 0x0401, 0x0401, 0x0401, 0x0000, 0x0002, 0x0002, 0x0002, 
0x0000, 0x0000, 0x0000, 0x0000, 0x0001, 0x0003, 0x0003, 0x0003, 
0x0003, 0x0001, 0x0001, 0x0001, 0x0001, 0x0001, 0x0001, 0x0003, 
0x0001, 0x0001, 0x0001, 0x0003, 0x0001, 0x0001, 0x0001, 0x0001, 
0x0001, 0x0001, 0x0001, 0x0001, 0x0001, 0x0001, 0x0003, 0x0003, 
0x0003, 0x0003, 0x0401, 0x0401, 0x0003, 0x0003, 0x0003, 0x0003, 
0x0003, 0x0401, 0x0401, 0x0401, 0x0401, 0x0401, 0x0401, 0x0401, 
0x0401, 0x0401, 0x0401, 0x0401, 0x0003, 0x0003, 0x0401, 0x0401, 
0x0401, 0x0401, 0x0401, 0x0401, 0x0000, 0x0000, 0x0000, 0x0000, 
0x0000, 0x0000, 0x0000, 0x0000, 0x0003, 0x0003, 0x0003, 0x0003, 
0x0003, 0x0003, 0x0001, 0x0001, 0x0001, 0x0001, 0x0001, 0x0001, 
0x0001, 0x0001, 0x0001, 0x0001, 0x0001, 0x0001, 0x0001, 0x0001, 
0x0001, 0x0001, 0x0001, 0x0001, 0x0001, 0x0001, 0x0001, 0x0003, 
0x0003, 0x0401, 0x0401, 0x0401, 0x0401, 0x0401, 0x0003, 0x0003, 
0x0401, 0x0401, 0x0401, 0x0401, 0x0003, 0x0003, 0x0401, 0x0401, 
0x0401, 0x0401, 0x0401, 0x0401, 0x0401, 0x0401, 0x0401, 0x0401, 
0x0401, 0x0401, 0x0401, 0x0003, 0x0003, 0x0000, 0x0002, 0x0000, 
0x0000, 0x0000, 0x0000, 0x0000, 0x0003, 0x0003, 0x0001, 0x0001, 
0x0001, 0x0003, 0x0001, 0x0001, 0x0001, 0x0001, 0x0001, 0x0001, 
0x0001, 0x0001, 0x0001, 0x0001, 0x0001, 0x0001, 0x0001, 0x0001, 
0x0003, 0x0001, 0x0001, 0x0001, 0x0001, 0x0001, 0x0001, 0x0003, 
0x0003, 0x0401, 0x0401, 0x0401, 0x0401, 0x0401, 0x0401, 0x0401, 
0x0401, 0x0401, 0x0401, 0x0003, 0x0003, 0x0003, 0x0003, 0x0401, 
0x0401, 0x0401, 0x0401, 0x0401, 0x0401, 0x0401, 0x0401, 0x0401, 
0x0401, 0x0003, 0x0003, 0x0003, 0x0003, 0x0003, 0x0002, 0x0000, 
0x0000, 0x0000, 0x0000, 0x0000, 0x0001, 0x0001, 0x0001, 0x0001, 
0x0001, 0x0001, 0x0001, 0x0001, 0x0001, 0x0001, 0x0001, 0x0001, 
0x0001, 0x0001, 0x0001, 0x0001, 0x0001, 0x0001, 0x0003, 0x0003, 
0x0003, 0x0003, 0x0001, 0x0001, 0x0001, 0x0001, 0x0001, 0x0003, 
0x0003, 0x0401, 0x0401, 0x0401, 0x0401, 0x0401, 0x0401, 0x0401, 
0x0401, 0x0401, 0x0401, 0x0003, 0x0003, 0x0003, 0x0003, 0x0003, 
0x0401, 0x0401, 0x0401, 0x0401, 0x0401, 0x0401, 0x0401, 0x0401, 
0x0401, 0x0401, 0x0003, 0x0003, 0x0003, 0x0002, 0x0002, 0x0000, 
0x0000, 0x0000, 0x0000, 0x0000, 0x0001, 0x0001, 0x0001, 0x0001, 
0x0001, 0x0001, 0x0001, 0x0001, 0x0001, 0x0003, 0x0003, 0x0003, 
0x0001, 0x0001, 0x0001, 0x0001, 0x0001, 0x0003, 0x0003, 0x0003, 
0x0003, 0x0003, 0x0001, 0x0001, 0x0001, 0x0001, 0x0001, 0x0003, 
0x0003, 0x0401, 0x0401, 0x0401, 0x0003, 0x0003, 0x0401, 0x0401, 
0x0401, 0x0401, 0x0401, 0x0401, 0x0003, 0x0003, 0x0003, 0x0401, 
0x0401, 0x0401, 0x0401, 0x0401, 0x0003, 0x0401, 0x0401, 0x0401, 
0x0401, 0x0401, 0x0003, 0x0401, 0x0002, 0x0000, 0x0000, 0x0000, 
0x0000, 0x0000, 0x0000, 0x0000, 0x0001, 0x0001, 0x0001, 0x0001, 
0x0001, 0x0001, 0x0001, 0x0001, 0x0003, 0x0003, 0x0003, 0x0003, 
0x0001, 0x0001, 0x0001, 0x0001, 0x0001, 0x0001, 0x0003, 0x0003, 
0x0001, 0x0001, 0x0001, 0x0001, 0x0001, 0x0001, 0x0001, 0x0003, 
0x0003, 0x0401, 0x0401, 0x0003, 0x0003, 0x0003, 0x0003, 0x0401, 
0x0401, 0x0401, 0x0401, 0x0401, 0x0401, 0x0401, 0x0401, 0x0401, 
0x0401, 0x0401, 0x0401, 0x0401, 0x0003, 0x0003, 0x0003, 0x0401, 
0x0401, 0x0401, 0x0401, 0x0401, 0x0000, 0x0000, 0x0000, 0x0000, 
0x0000, 0x0000, 0x0000, 0x0000, 0x0001, 0x0001, 0x0001, 0x0001, 
0x0001, 0x0001, 0x0001, 0x0001, 0x0001, 0x0001, 0x0003, 0x0001, 
0x0001, 0x0001, 0x0001, 0x0001, 0x0001, 0x0001, 0x0001, 0x0001, 
0x0001, 0x0001, 0x0001, 0x0003, 0x0001, 0x0001, 0x0001, 0x0003, 
0x0003, 0x0401, 0x0401, 0x0003, 0x0401, 0x0401, 0x0401, 0x0401, 
0x0401, 0x0401, 0x0401, 0x0401, 0x0401, 0x0401, 0x0401, 0x0401, 
0x0401, 0x0401, 0x0401, 0x0401, 0x0401, 0x0003, 0x0401, 0x0401, 
0x0401, 0x0401, 0x0401, 0x0401, 0x0000, 0x0000, 0x0000, 0x0000, 
0x0000, 0x0000, 0x0000, 0x0000, 0x0001, 0x0001, 0x0001, 0x0001, 
0x0001, 0x0001, 0x0001, 0x0001, 0x0001, 0x0001, 0x0001, 0x0001, 
0x0001, 0x0001, 0x0001, 0x0001, 0x0001, 0x0001, 0x0001, 0x0001, 
0x0001, 0x0003, 0x0003, 0x0003, 0x0003, 0x0001, 0x0001, 0x0003, 
0x0003, 0x0401, 0x0401, 0x0401, 0x0401, 0x0401, 0x0401, 0x0401, 
0x0401, 0x0401, 0x0401, 0x0401, 0x0401, 0x0401, 0x0401, 0x0401, 
0x0401, 0x0401, 0x0401, 0x0401, 0x0401, 0x0401, 0x0401, 0x0401, 
0x0401, 0x0401, 0x0401, 0x0401, 0x0000, 0x0000, 0x0003, 0x0003, 
0x0003, 0x0000, 0x0000, 0x0000, 0x0001, 0x0001, 0x0003, 0x0003, 
0x0003, 0x0003, 0x0001, 0x0001, 0x0001, 0x0001, 0x0001, 0x0001, 
0x0001, 0x0001, 0x0001, 0x0001, 0x0001, 0x0001, 0x0001, 0x0001, 
0x0001, 0x0001, 0x0001, 0x0003, 0x0003, 0x0001, 0x0001, 0x0003, 
0x0003, 0x0401, 0x0401, 0x0401, 0x0401, 0x0401, 0x0401, 0x0401, 
0x0401, 0x0401, 0x0401, 0x0401, 0x0401, 0x0401, 0x0401, 0x0401, 
0x0401, 0x0401, 0x0401, 0x0401, 0x0401, 0x0401, 0x0401, 0x0401, 
0x0401, 0x0401, 0x0401, 0x0401, 0x0003, 0x0003, 0x0003, 0x0003, 
0x0003, 0x0003, 0x0003, 0x0003, 0x0003, 0x0003, 0x0003, 0x0003, 
0x0003, 0x0003, 0x0003, 0x0003, 0x0001, 0x0001, 0x0001, 0x0001, 
0x0001, 0x0001, 0x0003, 0x0003, 0x0003, 0x0001, 0x0001, 0x0001, 
0x0001, 0x0001, 0x0001, 0x0001, 0x0001, 0x0001, 0x0001, 0x0003, 
0x0003, 0x0401, 0x0401, 0x0401, 0x0401, 0x0401, 0x0401, 0x0401, 
0x0401, 0x0401, 0x0401, 0x0003, 0x0003, 0x0003, 0x0003, 0x0003, 
0x0003, 0x0003, 0x0401, 0x0401, 0x0401, 0x0401, 0x0401, 0x0003, 
0x0003, 0x0003, 0x0003, 0x0003, 0x0003, 0x0003, 0x0003, 0x0003, 
0x0003, 0x0003, 0x0003, 0x0003, 0x0003, 0x0003, 0x0003, 0x0003, 
0x0003, 0x0003, 0x0003, 0x0003, 0x0003, 0x0003, 0x0003, 0x0003, 
0x0003, 0x0003, 0x0003, 0x0003, 0x0003, 0x0003, 0x0003, 0x0003, 
0x0001, 0x0001, 0x0001, 0x0001, 0x0001, 0x0001, 0x0001, 0x0003, 
0x0003, 0x0401, 0x0401, 0x0401, 0x0401, 0x0401, 0x0401, 0x0003, 
0x0003, 0x0003, 0x0003, 0x0003, 0x0003, 0x0003, 0x0003, 0x0003, 
0x0003, 0x0003, 0x0003, 0x0003, 0x0003, 0x0003, 0x0003, 0x0003, 
0x0003, 0x0003, 0x0003, 0x0003, 0x0003, 0x0003, 0x0003, 0x0003, 
0x0003, 0x0003, 0x0003, 0x0003, 0x0003, 0x0003, 0x0003, 0x0003, 
0x0003, 0x0003, 0x0003, 0x0003, 0x0003, 0x0003, 0x0003, 0x0003, 
0x0003, 0x0003, 0x0003, 0x0003, 0x0003, 0x0003, 0x0003, 0x0003, 
0x0003, 0x0001, 0x0001, 0x0001, 0x0001, 0x0001, 0x0001, 0x0003, 
0x0003, 0x0401, 0x0401, 0x0401, 0x0401, 0x0003, 0x0003, 0x0003, 
0x0003, 0x0003, 0x0003, 0x0003, 0x0003, 0x0003, 0x0003, 0x0003, 
0x0003, 0x0003, 0x0003, 0x0003, 0x0003, 0x0003, 0x0003, 0x0003, 
0x0003, 0x0003, 0x0003, 0x0003, 0x0003, 0x0003, 0x0003, 0x0003, 
0x0003, 0x0003, 0x0003, 0x0003, 0x0003, 0x0003, 0x0003, 0x0003, 
0x0003, 0x0003, 0x0003, 0x0003, 0x0003, 0x0003, 0x0003, 0x0003, 
0x0003, 0x0003, 0x0003, 0x0003, 0x0003, 0x0003, 0x0003, 0x0003, 
0x0003, 0x0003, 0x0003, 0x0003, 0x0001, 0x0001, 0x0001, 0x0003, 
0x0003, 0x0401, 0x0401, 0x0401, 0x0401, 0x0003, 0x0003, 0x0003, 
0x0003, 0x0003, 0x0003, 0x0003, 0x0003, 0x0003, 0x0003, 0x0003, 
0x0003, 0x0003, 0x0003, 0x0003, 0x0003, 0x0003, 0x0003, 0x0003, 
0x0003, 0x0003, 0x0003, 0x0003, 0x0003, 0x0003, 0x0003, 0x0003, 
0x0003, 0x0003, 0x0003, 0x0003, 0x0003, 0x0003, 0x0003, 0x0003, 
0x0003, 0x0003, 0x0003, 0x0003, 0x0003, 0x0003, 0x0003, 0x0003, 
0x0003, 0x0003, 0x0003, 0x0003, 0x0003, 0x0003, 0x0003, 0x0003, 
0x0003, 0x0003, 0x0001, 0x0001, 0x0001, 0x0001, 0x0001, 0x0003, 
0x0003, 0x0401, 0x0401, 0x0401, 0x0401, 0x0003, 0x0003, 0x0003, 
0x0003, 0x0003, 0x0003, 0x0003, 0x0003, 0x0003, 0x0003, 0x0003, 
0x0003, 0x0003, 0x0003, 0x0003, 0x0003, 0x0003, 0x0003, 0x0003, 
0x0003, 0x0003, 0x0003, 0x0003, 0x0003, 0x0003, 0x0003, 0x0003, 
0x0003, 0x0003, 0x0003, 0x0003, 0x0003, 0x0003, 0x0003, 0x0003, 
0x0003, 0x0003, 0x0003, 0x0003, 0x0003, 0x0003, 0x0003, 0x0003, 
0x0003, 0x0001, 0x0001, 0x0001, 0x0001, 0x0001, 0x0001, 0x0001, 
0x0001, 0x0001, 0x0001, 0x0001, 0x0001, 0x0001, 0x0001, 0x0003, 
0x0003, 0x0401, 0x0401, 0x0401, 0x0401, 0x0401, 0x0401, 0x0401, 
0x0401, 0x0401, 0x0401, 0x0401, 0x0401, 0x0003, 0x0003, 0x0003, 
0x0003, 0x0003, 0x0003, 0x0003, 0x0003, 0x0003, 0x0003, 0x0003, 
0x0003, 0x0003, 0x0003, 0x0003, 0x0003, 0x0003, 0x0003, 0x0003, 
0x0003, 0x0003, 0x0003, 0x0003, 0x0003, 0x0003, 0x0003, 0x0003, 
0x0003, 0x0003, 0x0001, 0x0001, 0x0001, 0x0001, 0x0003, 0x0003, 
0x0001, 0x0001, 0x0001, 0x0001, 0x0001, 0x0001, 0x0001, 0x0001, 
0x0001, 0x0001, 0x0001, 0x0001, 0x0001, 0x0001, 0x0001, 0x0003, 
0x0003, 0x0401, 0x0401, 0x0401, 0x0401, 0x0401, 0x0401, 0x0401, 
0x0401, 0x0401, 0x0401, 0x0401, 0x0401, 0x0003, 0x0003, 0x0003, 
0x0401, 0x0401, 0x0401, 0x0401, 0x0003, 0x0003, 0x0401, 0x0401, 
0x0401, 0x0003, 0x0003, 0x0003, 0x0003, 0x0003, 0x0003, 0x0003, 
0x0003, 0x0003, 0x0003, 0x0003, 0x0003, 0x0001, 0x0001, 0x0003, 
0x0003, 0x0001, 0x0001, 0x0001, 0x0001, 0x0001, 0x0001, 0x0003, 
0x0001, 0x0001, 0x0001, 0x0001, 0x0001, 0x0001, 0x0001, 0x0001, 
0x0001, 0x0001, 0x0001, 0x0001, 0x0001, 0x0001, 0x0001, 0x0003, 
0x0003, 0x0401, 0x0401, 0x0401, 0x0401, 0x0401, 0x0401, 0x0401, 
0x0401, 0x0401, 0x0401, 0x0401, 0x0401, 0x0003, 0x0003, 0x0401, 
0x0401, 0x0401, 0x0401, 0x0401, 0x0003, 0x0401, 0x0401, 0x0401, 
0x0401, 0x0401, 0x0401, 0x0401, 0x0401, 0x0401, 0x0401, 0x0003, 
0x0003, 0x0003, 0x0003, 0x0003, 0x0003, 0x0001, 0x0001, 0x0001, 
0x0003, 0x0001, 0x0001, 0x0001, 0x0001, 0x0001, 0x0001, 0x0003, 
0x0001, 0x0001, 0x0001, 0x0001, 0x0001, 0x0001, 0x0001, 0x0001, 
0x0001, 0x0001, 0x0001, 0x0001, 0x0001, 0x0001, 0x0001, 0x0003, 
0x0003, 0x0401, 0x0401, 0x0401, 0x0401, 0x0401, 0x0401, 0x0401, 
0x0401, 0x0401, 0x0401, 0x0401, 0x0401, 0x0401, 0x0003, 0x0401, 
0x0401, 0x0401, 0x0401, 0x0401, 0x0003, 0x0401, 0x0401, 0x0401, 
0x0401, 0x0401, 0x0401, 0x0401, 0x0401, 0x0401, 0x0401, 0x0401, 
0x0003, 0x0003, 0x0003, 0x0003, 0x0003, 0x0001, 0x0001, 0x0001, 
0x0003, 0x0001, 0x0001, 0x0001, 0x0001, 0x0001, 0x0001, 0x0001, 
0x0001, 0x0001, 0x0001, 0x0001, 0x0001, 0x0001, 0x0001, 0x0001, 
0x0001, 0x0001, 0x0001, 0x0001, 0x0001, 0x0001, 0x0001, 0x0003, 
0x0003, 0x0401, 0x0401, 0x0401, 0x0401, 0x0401, 0x0401, 0x0401, 
0x0401, 0x0401, 0x0401, 0x0401, 0x0401, 0x0401, 0x0401, 0x0401, 
0x0401, 0x0401, 0x0401, 0x0401, 0x0401, 0x0401, 0x0401, 0x0401, 
0x0401, 0x0401, 0x0401, 0x0401, 0x0401, 0x0401, 0x0401, 0x0401, 
0x0401, 0x0401, 0x0401, 0x0003, 0x0003, 0x0001, 0x0001, 0x0001, 
0x0001, 0x0001, 0x0001, 0x0001, 0x0001, 0x0001, 0x0001, 0x0001, 
0x0001, 0x0001, 0x0001, 0x0001, 0x0001, 0x0001, 0x0001, 0x0001, 
0x0001, 0x0001, 0x0001, 0x0001, 0x0001, 0x0001, 0x0001, 0x0003, 
0x0003, 0x0000, 0x0000, 0x0000, 0x0000, 0x0000, 0x0000, 0x0000, 
0x0000, 0x0000, 0x0000, 0x0401, 0x0401, 0x0401, 0x0401, 0x0401, 
0x0401, 0x0401, 0x0401, 0x0401, 0x0401, 0x0401, 0x0401, 0x0401, 
0x0401, 0x0401, 0x0401, 0x0401, 0x0401, 0x0401, 0x0401, 0x0401, 
0x0401, 0x0401, 0x0401, 0x0003, 0x0003, 0x0001, 0x0001, 0x0001, 
0x0001, 0x0001, 0x0001, 0x0001, 0x0001, 0x0001, 0x0001, 0x0001, 
0x0001, 0x0001, 0x0001, 0x0001, 0x0001, 0x0001, 0x0001, 0x0001, 
0x0001, 0x0000, 0x0000, 0x0000, 0x0000, 0x0000, 0x0003, 0x0003, 
0x0003, 0x0000, 0x0000, 0x0000, 0x0000, 0x0000, 0x0000, 0x0000, 
0x0000, 0x0000, 0x0000, 0x0000, 0x0000, 0x0000, 0x0000, 0x0000, 
0x0000, 0x0000, 0x0000, 0x0000, 0x0000, 0x0000, 0x0401, 0x0401, 
0x0401, 0x0401, 0x0401, 0x0401, 0x0401, 0x0401, 0x0401, 0x0401, 
0x0401, 0x0401, 0x0401, 0x0003, 0x0001, 0x0001, 0x0001, 0x0001, 
0x0001, 0x0001, 0x0001, 0x0001, 0x0001, 0x0001, 0x0000, 0x0000, 
0x0000, 0x0000, 0x0000, 0x0000, 0x0000, 0x0000, 0x0000, 0x0000, 
0x0000, 0x0000, 0x0000, 0x0000, 0x0000, 0x0000, 0x0003, 0x0003, 
0x0003, 0x0000, 0x0000, 0x0000, 0x0000, 0x0000, 0x0000, 0x0000, 
0x0000, 0x0000, 0x0000, 0x0000, 0x0000, 0x0000, 0x0000, 0x0000, 
0x0000, 0x0000, 0x0000, 0x0000, 0x0000, 0x0000, 0x0000, 0x0000, 
0x0000, 0x0000, 0x0000, 0x0000, 0x0000, 0x0000, 0x0000, 0x0000, 
0x0000, 0x0401, 0x0401, 0x0401, 0x0001, 0x0001, 0x0001, 0x0001, 
0x0000, 0x0000, 0x0000, 0x0000, 0x0000, 0x0000, 0x0000, 0x0000, 
0x0000, 0x0000, 0x0000, 0x0000, 0x0000, 0x0000, 0x0000, 0x0000, 
0x0000, 0x0000, 0x0000, 0x0000, 0x0000, 0x0000, 0x0003, 0x0003, 
0x0003, 0x0000, 0x0000, 0x0000, 0x0000, 0x0000, 0x0000, 0x0001, 
0x0000, 0x0003, 0x0003, 0x0000, 0x0401, 0x0000, 0x0000, 0x0000, 
0x0000, 0x0000, 0x0000, 0x0000, 0x0000, 0x0000, 0x0001, 0x0001, 
0x0001, 0x0000, 0x0003, 0x0003, 0x0000, 0x0401, 0x0401, 0x0401, 
0x0000, 0x0000, 0x0000, 0x0000, 0x0000, 0x0000, 0x0000, 0x0000, 
0x0000, 0x0000, 0x0000, 0x0000, 0x0000, 0x0000, 0x0000, 0x0001, 
0x0000, 0x0003, 0x0003, 0x0000, 0x0401, 0x0000, 0x0000, 0x0000, 
0x0000, 0x0000, 0x0000, 0x0000, 0x0000, 0x0000, 0x0003, 0x0003, 
0x0003, 0x0000, 0x0000, 0x0000, 0x0000, 0x0000, 0x0001, 0x0001, 
0x0003, 0x0003, 0x0003, 0x0003, 0x0401, 0x0401, 0x0000, 0x0000, 
0x0000, 0x0000, 0x0000, 0x0000, 0x0000, 0x0001, 0x0001, 0x0001, 
0x0003, 0x0003, 0x0003, 0x0003, 0x0003, 0x0003, 0x0401, 0x0401, 
0x0401, 0x0000, 0x0000, 0x0000, 0x0000, 0x0000, 0x0000, 0x0000, 
0x0000, 0x0000, 0x0000, 0x0000, 0x0000, 0x0000, 0x0001, 0x0001, 
0x0003, 0x0003, 0x0003, 0x0003, 0x0401, 0x0401, 0x0000, 0x0000, 
0x0000, 0x0000, 0x0000, 0x0000, 0x0000, 0x0000, 0x0003, 0x0003, 
0x0003, 0x0000, 0x0000, 0x0000, 0x0000, 0x0000, 0x0001, 0x0001, 
0x0003, 0x0003, 0x0003, 0x0003, 0x0401, 0x0401, 0x0000, 0x0000, 
0x0000, 0x0000, 0x0000, 0x0000, 0x0001, 0x0001, 0x0001, 0x0003, 
0x0003, 0x0003, 0x0003, 0x0003, 0x0003, 0x0003, 0x0003, 0x0401, 
0x0401, 0x0401, 0x0000, 0x0000, 0x0000, 0x0000, 0x0000, 0x0000, 
0x0000, 0x0000, 0x0000, 0x0000, 0x0000, 0x0000, 0x0001, 0x0001, 
0x0003, 0x0003, 0x0003, 0x0003, 0x0401, 0x0401, 0x0000, 0x0000, 
0x0000, 0x0000, 0x0000, 0x0000, 0x0000, 0x0000, 0x0003, 0x0003, 
0x0003, 0x0000, 0x0000, 0x0000, 0x0000, 0x0000, 0x0000, 0x0001, 
0x0001, 0x0003, 0x0003, 0x0401, 0x0401, 0x0000, 0x0000, 0x0000, 
0x0000, 0x0000, 0x0000, 0x0001, 0x0001, 0x0001, 0x0003, 0x0003, 
0x0003, 0x0003, 0x0003, 0x0003, 0x0003, 0x0003, 0x0003, 0x0401, 
0x0401, 0x0401, 0x0000, 0x0000, 0x0000, 0x0000, 0x0000, 0x0000, 
0x0000, 0x0000, 0x0000, 0x0000, 0x0000, 0x0000, 0x0000, 0x0001, 
0x0001, 0x0003, 0x0003, 0x0401, 0x0401, 0x0000, 0x0000, 0x0000, 
0x0000, 0x0000, 0x0000, 0x0000, 0x0000, 0x0000, 0x0003, 0x0003, 
0x0003, 0x0000, 0x0000, 0x0000, 0x0000, 0x0000, 0x0000, 0x0000, 
0x0002, 0x0002, 0x0002, 0x0002, 0x0000, 0x0000, 0x0000, 0x0000, 
0x0000, 0x0000, 0x0000, 0x0001, 0x0001, 0x0001, 0x0003, 0x0003, 
0x0003, 0x0003, 0x0003, 0x0003, 0x0003, 0x0003, 0x0003, 0x0003, 
0x0401, 0x0401, 0x0401, 0x0000, 0x0000, 0x0000, 0x0000, 0x0000, 
0x0000, 0x0000, 0x0000, 0x0000, 0x0000, 0x0000, 0x0000, 0x0000, 
0x0002, 0x0002, 0x0002, 0x0002, 0x0000, 0x0000, 0x0000, 0x0000, 
0x0000, 0x0000, 0x0000, 0x0000, 0x0000, 0x0000, 0x0003, 0x0003, 
0x0003, 0x0000, 0x0000, 0x0000, 0x0000, 0x0000, 0x0000, 0x0000, 
0x0000, 0x0002, 0x0002, 0x0000, 0x0000, 0x0000, 0x0000, 0x0000, 
0x0000, 0x0000, 0x0000, 0x0001, 0x0001, 0x0001, 0x0003, 0x0003, 
0x0003, 0x0003, 0x0003, 0x0003, 0x0003, 0x0003, 0x0003, 0x0003, 
0x0401, 0x0401, 0x0401, 0x0000, 0x0000, 0x0000, 0x0000, 0x0000, 
0x0000, 0x0000, 0x0000, 0x0000, 0x0000, 0x0000, 0x0000, 0x0000, 
0x0000, 0x0002, 0x0002, 0x0000, 0x0000, 0x0000, 0x0000, 0x0000, 
0x0000, 0x0000, 0x0000, 0x0000, 0x0000, 0x0000, 0x0003, 0x0003, 
0x0003, 0x0000, 0x0000, 0x0000, 0x0000, 0x0000, 0x0000, 0x0000, 
0x0000, 0x0000, 0x0000, 0x0000, 0x0000, 0x0000, 0x0000, 0x0000, 
0x0000, 0x0000, 0x0000, 0x0001, 0x0001, 0x0001, 0x0003, 0x0003, 
0x0003, 0x0003, 0x0003, 0x0003, 0x0003, 0x0003, 0x0003, 0x0003, 
0x0401, 0x0401, 0x0401, 0x0000, 0x0000, 0x0000, 0x0000, 0x0001, 
0x0000, 0x0000, 0x0000, 0x0401, 0x0000, 0x0000, 0x0000, 0x0000, 
0x0000, 0x0000, 0x0000, 0x0000, 0x0000, 0x0000, 0x0000, 0x0000, 
0x0000, 0x0000, 0x0000, 0x0000, 0x0000, 0x0000, 0x0003, 0x0003, 
0x0003, 0x0000, 0x0000, 0x0000, 0x0000, 0x0000, 0x0000, 0x0000, 
0x0000, 0x0000, 0x0000, 0x0000, 0x0000, 0x0000, 0x0000, 0x0000, 
0x0000, 0x0000, 0x0000, 0x0001, 0x0001, 0x0001, 0x0003, 0x0003, 
0x0003, 0x0003, 0x0003, 0x0003, 0x0003, 0x0003, 0x0003, 0x0401, 
0x0401, 0x0401, 0x0000, 0x0000, 0x0000, 0x0001, 0x0001, 0x0001, 
0x0003, 0x0003, 0x0003, 0x0401, 0x0401, 0x0401, 0x0000, 0x0000, 
0x0000, 0x0000, 0x0000, 0x0000, 0x0000, 0x0000, 0x0000, 0x0000, 
0x0000, 0x0000, 0x0000, 0x0000, 0x0003, 0x0003, 0x0003, 0x0003, 
0x0003, 0x0003, 0x0000, 0x0000, 0x0000, 0x0000, 0x0000, 0x0000, 
0x0000, 0x0000, 0x0000, 0x0000, 0x0000, 0x0000, 0x0000, 0x0000, 
0x0000, 0x0000, 0x0000, 0x0000, 0x0001, 0x0001, 0x0001, 0x0003, 
0x0003, 0x0003, 0x0003, 0x0003, 0x0003, 0x0003, 0x0003, 0x0002, 
0x0002, 0x0000, 0x0000, 0x0000, 0x0000, 0x0001, 0x0001, 0x0001, 
0x0003, 0x0003, 0x0003, 0x0401, 0x0401, 0x0401, 0x0000, 0x0000, 
0x0000, 0x0000, 0x0000, 0x0000, 0x0000, 0x0000, 0x0000, 0x0000, 
0x0000, 0x0000, 0x0000, 0x0000, 0x0000, 0x0003, 0x0003, 0x0003, 
0x0003, 0x0003, 0x0003, 0x0000, 0x0000, 0x0000, 0x0000, 0x0000, 
0x0000, 0x0000, 0x0000, 0x0000, 0x0000, 0x0000, 0x0000, 0x0000, 
0x0000, 0x0000, 0x0000, 0x0000, 0x0000, 0x0002, 0x0002, 0x0002, 
0x0003, 0x0003, 0x0003, 0x0003, 0x0003, 0x0003, 0x0002, 0x0002, 
0x0000, 0x0000, 0x0000, 0x0000, 0x0000, 0x0001, 0x0001, 0x0001, 
0x0003, 0x0003, 0x0003, 0x0401, 0x0401, 0x0401, 0x0000, 0x0000, 
0x0000, 0x0000, 0x0000, 0x0000, 0x0000, 0x0000, 0x0000, 0x0000, 
0x0000, 0x0000, 0x0000, 0x0000, 0x0000, 0x0000, 0x0003, 0x0003, 
0x0003, 0x0003, 0x0003, 0x0003, 0x0003, 0x0000, 0x0000, 0x0000, 
0x0000, 0x0000, 0x0000, 0x0000, 0x0000, 0x0000, 0x0000, 0x0000, 
0x0000, 0x0000, 0x0000, 0x0000, 0x0000, 0x0000, 0x0002, 0x0002, 
0x0002, 0x0002, 0x0002, 0x0002, 0x0002, 0x0002, 0x0002, 0x0002, 
0x0000, 0x0000, 0x0000, 0x0000, 0x0000, 0x0001, 0x0001, 0x0001, 
0x0003, 0x0003, 0x0003, 0x0401, 0x0401, 0x0401, 0x0000, 0x0000, 
0x0000, 0x0000, 0x0000, 0x0000, 0x0000, 0x0001, 0x0000, 0x0003, 
0x0003, 0x0000, 0x0401, 0x0000, 0x0000, 0x0000, 0x0003, 0x0003, 
0x0003, 0x0003, 0x0003, 0x0003, 0x0000, 0x0000, 0x0000, 0x0000, 
0x0000, 0x0000, 0x0000, 0x0000, 0x0001, 0x0000, 0x0000, 0x0000, 
0x0401, 0x0000, 0x0000, 0x0000, 0x0000, 0x0000, 0x0000, 0x0002, 
0x0002, 0x0002, 0x0002, 0x0002, 0x0002, 0x0002, 0x0002, 0x0000, 
0x0000, 0x0000, 0x0000, 0x0000, 0x0000, 0x0001, 0x0001, 0x0001, 
0x0003, 0x0003, 0x0003, 0x0401, 0x0401, 0x0401, 0x0000, 0x0000, 
0x0000, 0x0000, 0x0000, 0x0000, 0x0001, 0x0001, 0x0003, 0x0003, 
0x0003, 0x0003, 0x0401, 0x0401, 0x0000, 0x0000, 0x0003, 0x0003, 
0x0003, 0x0003, 0x0003, 0x0000, 0x0000, 0x0000, 0x0000, 0x0000, 
0x0000, 0x0000, 0x0001, 0x0001, 0x0001, 0x0003, 0x0003, 0x0003, 
0x0401, 0x0401, 0x0401, 0x0000, 0x0000, 0x0000, 0x0000, 0x0000, 
0x0002, 0x0002, 0x0002, 0x0002, 0x0002, 0x0002, 0x0000, 0x0000, 
0x0000, 0x0000, 0x0000, 0x0000, 0x0000, 0x0001, 0x0001, 0x0001, 
0x0003, 0x0003, 0x0003, 0x0401, 0x0401, 0x0401, 0x0000, 0x0000, 
0x0000, 0x0000, 0x0000, 0x0000, 0x0001, 0x0001, 0x0003, 0x0003, 
0x0003, 0x0003, 0x0401, 0x0401, 0x0000, 0x0000, 0x0000, 0x0003, 
0x0003, 0x0003, 0x0003, 0x0000, 0x0000, 0x0000, 0x0000, 0x0000, 
0x0000, 0x0000, 0x0001, 0x0001, 0x0001, 0x0003, 0x0003, 0x0003, 
0x0401, 0x0401, 0x0401, 0x0000, 0x0000, 0x0000, 0x0000, 0x0000, 
0x0000, 0x0000, 0x0000, 0x0000, 0x0000, 0x0000, 0x0000, 0x0000, 
0x0000, 0x0000, 0x0000, 0x0000, 0x0000, 0x0001, 0x0001, 0x0001, 
0x0003, 0x0003, 0x0003, 0x0401, 0x0401, 0x0401, 0x0000, 0x0000, 
0x0000, 0x0000, 0x0000, 0x0000, 0x0000, 0x0001, 0x0001, 0x0003, 
0x0003, 0x0401, 0x0401, 0x0000, 0x0000, 0x0000, 0x0000, 0x0003, 
0x0003, 0x0003, 0x0000, 0x0000, 0x0000, 0x0000, 0x0000, 0x0000, 
0x0000, 0x0000, 0x0001, 0x0001, 0x0001, 0x0003, 0x0003, 0x0003, 
0x0401, 0x0401, 0x0401, 0x0000, 0x0000, 0x0000, 0x0000, 0x0000, 
0x0000, 0x0000, 0x0000, 0x0000, 0x0000, 0x0000, 0x0000, 0x0000, 
0x0000, 0x0000, 0x0000, 0x0000, 0x0000, 0x0000, 0x0002, 0x0002, 
0x0002, 0x0002, 0x0002, 0x0002, 0x0002, 0x0000, 0x0000, 0x0000, 
0x0000, 0x0000, 0x0000, 0x0000, 0x0000, 0x0000, 0x0002, 0x0002, 
0x0002, 0x0002, 0x0000, 0x0000, 0x0000, 0x0000, 0x0000, 0x0003, 
0x0003, 0x0003, 0x0000, 0x0000, 0x0000, 0x0000, 0x0000, 0x0000, 
0x0000, 0x0000, 0x0001, 0x0001, 0x0001, 0x0003, 0x0003, 0x0003, 
0x0401, 0x0401, 0x0401, 0x0000, 0x0000, 0x0000, 0x0000, 0x0000, 
0x0000, 0x0000, 0x0000, 0x0000, 0x0000, 0x0000, 0x0000, 0x0000, 
0x0000, 0x0000, 0x0000, 0x0000, 0x0000, 0x0000, 0x0000, 0x0002, 
0x0002, 0x0002, 0x0002, 0x0002, 0x0000, 0x0000, 0x0000, 0x0000, 
0x0000, 0x0000, 0x0000, 0x0000, 0x0000, 0x0000, 0x0000, 0x0002, 
0x0002, 0x0000, 0x0000, 0x0000, 0x0000, 0x0000, 0x0000, 0x0003, 
0x0003, 0x0003, 0x0000, 0x0000, 0x0000, 0x0000, 0x0000, 0x0000, 
0x0000, 0x0000, 0x0001, 0x0001, 0x0001, 0x0003, 0x0003, 0x0003, 
0x0401, 0x0401, 0x0401, 0x0000, 0x0000, 0x0000, 0x0000, 0x0000, 
0x0000, 0x0000, 0x0000, 0x0000, 0x0000, 0x0000, 0x0000, 0x0000, 
0x0000, 0x0000, 0x0000, 0x0000, 0x0000, 0x0000, 0x0000, 0x0000, 
0x0002, 0x0002, 0x0002, 0x0000, 0x0000, 0x0000, 0x0000, 0x0000, 
0x0000, 0x0000, 0x0000, 0x0000, 0x0000, 0x0000, 0x0000, 0x0000, 
0x0000, 0x0000, 0x0000, 0x0000, 0x0000, 0x0000, 0x0000, 0x0003, 
0x0003, 0x0003, 0x0000, 0x0000, 0x0000, 0x0000, 0x0000, 0x0000, 
0x0000, 0x0000, 0x0001, 0x0001, 0x0001, 0x0003, 0x0003, 0x0003, 
0x0401, 0x0401, 0x0401, 0x0000, 0x0000, 0x0000, 0x0000, 0x0000, 
0x0000, 0x0000, 0x0000, 0x0000, 0x0000, 0x0000, 0x0001, 0x0000, 
0x0000, 0x0000, 0x0401, 0x0000, 0x0000, 0x0000, 0x0000, 0x0000, 
0x0000, 0x0000, 0x0000, 0x0000, 0x0000, 0x0000, 0x0000, 0x0000, 
0x0000, 0x0000, 0x0000, 0x0000, 0x0000, 0x0000, 0x0000, 0x0000, 
0x0000, 0x0000, 0x0000, 0x0000, 0x0000, 0x0000, 0x0000, 0x0003, 
0x0003, 0x0003, 0x0000, 0x0000, 0x0000, 0x0000, 0x0000, 0x0000, 
0x0000, 0x0000, 0x0001, 0x0001, 0x0001, 0x0003, 0x0003, 0x0003, 
0x0401, 0x0401, 0x0401, 0x0000, 0x0000, 0x0000, 0x0000, 0x0000, 
0x0000, 0x0000, 0x0000, 0x0000, 0x0001, 0x0001, 0x0001, 0x0003, 
0x0003, 0x0003, 0x0401, 0x0401, 0x0401, 0x0000, 0x0000, 0x0000, 
0x0000, 0x0000, 0x0000, 0x0000, 0x0000, 0x0001, 0x0000, 0x0000, 
0x0000, 0x0000, 0x0000, 0x0000, 0x0000, 0x0401, 0x0000, 0x0000, 
0x0000, 0x0000, 0x0000, 0x0000, 0x0000, 0x0000, 0x0000, 0x0003, 
0x0003, 0x0003, 0x0000, 0x0000, 0x0000, 0x0000, 0x0000, 0x0000, 
0x0000, 0x0000, 0x0000, 0x0002, 0x0002, 0x0002, 0x0002, 0x0002, 
0x0002, 0x0002, 0x0000, 0x0000, 0x0000, 0x0000, 0x0000, 0x0000, 
0x0000, 0x0000, 0x0000, 0x0000, 0x0001, 0x0001, 0x0001, 0x0003, 
0x0003, 0x0003, 0x0401, 0x0401, 0x0401, 0x0000, 0x0000, 0x0000, 
0x0000, 0x0000, 0x0000, 0x0000, 0x0001, 0x0001, 0x0001, 0x0003, 
0x0003, 0x0003, 0x0003, 0x0003, 0x0401, 0x0401, 0x0401, 0x0000, 
0x0000, 0x0000, 0x0000, 0x0000, 0x0000, 0x0000, 0x0000, 0x0003, 
0x0003, 0x0003, 0x0000, 0x0000, 0x0000, 0x0000, 0x0000, 0x0000, 
0x0000, 0x0000, 0x0000, 0x0000, 0x0002, 0x0002, 0x0002, 0x0002, 
0x0002, 0x0000, 0x0000, 0x0000, 0x0000, 0x0000, 0x0000, 0x0000, 
0x0000, 0x0000, 0x0000, 0x0000, 0x0001, 0x0001, 0x0001, 0x0003, 
0x0003, 0x0003, 0x0401, 0x0401, 0x0401, 0x0000, 0x0000, 0x0000, 
0x0000, 0x0000, 0x0000, 0x0000, 0x0001, 0x0001, 0x0001, 0x0003, 
0x0003, 0x0003, 0x0003, 0x0003, 0x0003, 0x0401, 0x0401, 0x0401, 
0x0000, 0x0000, 0x0000, 0x0000, 0x0000, 0x0000, 0x0003, 0x0003, 
0x0003, 0x0003, 0x0000, 0x0000, 0x0000, 0x0000, 0x0000, 0x0000, 
0x0000, 0x0000, 0x0000, 0x0000, 0x0000, 0x0002, 0x0002, 0x0002, 
0x0000, 0x0000, 0x0000, 0x0000, 0x0000, 0x0000, 0x0000, 0x0000, 
0x0000, 0x0000, 0x0000, 0x0000, 0x0001, 0x0001, 0x0001, 0x0003, 
0x0003, 0x0003, 0x0401, 0x0401, 0x0401, 0x0000, 0x0000, 0x0000, 
0x0000, 0x0000, 0x0000, 0x0001, 0x0001, 0x0001, 0x0003, 0x0003, 
0x0003, 0x0003, 0x0003, 0x0003, 0x0003, 0x0003, 0x0401, 0x0401, 
0x0401, 0x0000, 0x0000, 0x0000, 0x0000, 0x0000, 0x0003, 0x0003, 
0x0003, 0x0003, 0x0000, 0x0000, 0x0000, 0x0000, 0x0000, 0x0000, 
0x0000, 0x0000, 0x0000, 0x0000, 0x0000, 0x0000, 0x0000, 0x0000, 
0x0000, 0x0000, 0x0000, 0x0000, 0x0000, 0x0000, 0x0000, 0x0000, 
0x0000, 0x0000, 0x0000, 0x0000, 0x0001, 0x0001, 0x0001, 0x0003, 
0x0003, 0x0003, 0x0401, 0x0401, 0x0401, 0x0000, 0x0000, 0x0000, 
0x0000, 0x0000, 0x0000, 0x0001, 0x0001, 0x0001, 0x0003, 0x0003, 
0x0003, 0x0003, 0x0003, 0x0003, 0x0003, 0x0003, 0x0401, 0x0401, 
0x0401, 0x0000, 0x0000, 0x0000, 0x0000, 0x0000, 0x0003, 0x0003, 
0x0003, 0x0003, 0x0000, 0x0000, 0x0000, 0x0000, 0x0000, 0x0000, 
0x0000, 0x0000, 0x0000, 0x0000, 0x0000, 0x0000, 0x0000, 0x0000, 
0x0000, 0x0000, 0x0000, 0x0000, 0x0000, 0x0000, 0x0000, 0x0000, 
0x0000, 0x0000, 0x0000, 0x0000, 0x0001, 0x0001, 0x0001, 0x0003, 
0x0003, 0x0003, 0x0401, 0x0401, 0x0401, 0x0000, 0x0000, 0x0000, 
0x0000, 0x0000, 0x0000, 0x0001, 0x0001, 0x0001, 0x0003, 0x0003, 
0x0003, 0x0003, 0x0003, 0x0003, 0x0003, 0x0003, 0x0401, 0x0401, 
0x0401, 0x0000, 0x0000, 0x0000, 0x0000, 0x0000, 0x0003, 0x0003, 
0x0003, 0x0003, 0x0000, 0x0000, 0x0000, 0x0000, 0x0000, 0x0000, 
0x0000, 0x0000, 0x0000, 0x0000, 0x0000, 0x0000, 0x0000, 0x0000, 
0x0000, 0x0000, 0x0000, 0x0000, 0x0000, 0x0000, 0x0000, 0x0000, 
0x0000, 0x0000, 0x0000, 0x0000, 0x0001, 0x0001, 0x0001, 0x0003, 
0x0003, 0x0003, 0x0401, 0x0401, 0x0401, 0x0000, 0x0000, 0x0000, 
0x0000, 0x0000, 0x0000, 0x0001, 0x0001, 0x0001, 0x0003, 0x0003, 
0x0003, 0x0003, 0x0003, 0x0003, 0x0003, 0x0003, 0x0401, 0x0401, 
0x0401, 0x0000, 0x0000, 0x0000, 0x0000, 0x0000, 0x0003, 0x0003, 
0x0003, 0x0003, 0x0000, 0x0000, 0x0000, 0x0000, 0x0000, 0x0000, 
0x0000, 0x0000, 0x0000, 0x0000, 0x0000, 0x0000, 0x0000, 0x0000, 
0x0000, 0x0000, 0x0000, 0x0000, 0x0000, 0x0000, 0x0000, 0x0000, 
0x0000, 0x0000, 0x0000, 0x0000, 0x0000, 0x0002, 0x0002, 0x0002, 
0x0002, 0x0002, 0x0002, 0x0002, 0x0000, 0x0000, 0x0000, 0x0000, 
0x0000, 0x0000, 0x0000, 0x0001, 0x0001, 0x0001, 0x0003, 0x0003, 
0x0003, 0x0003, 0x0003, 0x0003, 0x0003, 0x0401, 0x0401, 0x0401, 
0x0000, 0x0000, 0x0000, 0x0000, 0x0000, 0x0000, 0x0003, 0x0003, 
0x0003, 0x0003, 0x0000, 0x0000, 0x0000, 0x0000, 0x0000, 0x0000, 
0x0000, 0x0000, 0x0000, 0x0000, 0x0000, 0x0000, 0x0000, 0x0000, 
0x0000, 0x0000, 0x0000, 0x0000, 0x0000, 0x0000, 0x0000, 0x0000, 
0x0000, 0x0000, 0x0000, 0x0000, 0x0000, 0x0000, 0x0002, 0x0002, 
0x0002, 0x0002, 0x0002, 0x0000, 0x0000, 0x0000, 0x0000, 0x0000, 
0x0000, 0x0000, 0x0000, 0x0000, 0x0001, 0x0001, 0x0001, 0x0003, 
0x0003, 0x0003, 0x0003, 0x0003, 0x0003, 0x0002, 0x0002, 0x0000, 
0x0000, 0x0000, 0x0000, 0x0000, 0x0000, 0x0000, 0x0003, 0x0003, 
0x0003, 0x0003, 0x0000, 0x0000, 0x0000, 0x0000, 0x0000, 0x0000, 
0x0000, 0x0000, 0x0000, 0x0000, 0x0000, 0x0000, 0x0000, 0x0000, 
0x0000, 0x0000, 0x0000, 0x0000, 0x0000, 0x0000, 0x0000, 0x0000, 
0x0000, 0x0000, 0x0000, 0x0000, 0x0000, 0x0000, 0x0000, 0x0002, 
0x0002, 0x0002, 0x0000, 0x0000, 0x0000, 0x0000, 0x0000, 0x0000, 
0x0000, 0x0000, 0x0000, 0x0000, 0x0000, 0x0002, 0x0002, 0x0002, 
0x0002, 0x0003, 0x0003, 0x0002, 0x0002, 0x0002, 0x0000, 0x0000, 
0x0000, 0x0000, 0x0000, 0x0000, 0x0000, 0x0000, 0x0003, 0x0003, 
0x0003, 0x0003, 0x0000, 0x0000, 0x0000, 0x0000, 0x0000, 0x0000, 
0x0000, 0x0000, 0x0000, 0x0000, 0x0000, 0x0000, 0x0000, 0x0000, 
0x0001, 0x0001, 0x0001, 0x0000, 0x0003, 0x0003, 0x0003, 0x0003, 
0x0000, 0x0401, 0x0401, 0x0401, 0x0000, 0x0000, 0x0000, 0x0000, 
0x0000, 0x0000, 0x0000, 0x0000, 0x0000, 0x0000, 0x0000, 0x0000, 
0x0000, 0x0000, 0x0000, 0x0000, 0x0000, 0x0000, 0x0002, 0x0002, 
0x0002, 0x0002, 0x0002, 0x0002, 0x0002, 0x0002, 0x0000, 0x0000, 
0x0000, 0x0000, 0x0000, 0x0000, 0x0000, 0x0000, 0x0003, 0x0003, 
0x0003, 0x0003, 0x0000, 0x0000, 0x0000, 0x0000, 0x0000, 0x0000, 
0x0000, 0x0000, 0x0000, 0x0000, 0x0000, 0x0000, 0x0000, 0x0001, 
0x0001, 0x0001, 0x0003, 0x0003, 0x0003, 0x0003, 0x0003, 0x0003, 
0x0003, 0x0003, 0x0401, 0x0401, 0x0401, 0x0000, 0x0000, 0x0000, 
0x0000, 0x0000, 0x0000, 0x0000, 0x0000, 0x0000, 0x0000, 0x0000, 
0x0000, 0x0000, 0x0000, 0x0000, 0x0000, 0x0000, 0x0000, 0x0002, 
0x0002, 0x0002, 0x0002, 0x0002, 0x0002, 0x0000, 0x0000, 0x0000, 
0x0000, 0x0000, 0x0000, 0x0000, 0x0000, 0x0000, 0x0003, 0x0003, 
0x0003, 0x0003, 0x0003, 0x0000, 0x0000, 0x0000, 0x0000, 0x0000, 
0x0000, 0x0000, 0x0000, 0x0000, 0x0000, 0x0000, 0x0001, 0x0001, 
0x0001, 0x0003, 0x0003, 0x0003, 0x0003, 0x0003, 0x0003, 0x0003, 
0x0003, 0x0003, 0x0003, 0x0401, 0x0401, 0x0401, 0x0000, 0x0000, 
0x0000, 0x0000, 0x0000, 0x0000, 0x0000, 0x0000, 0x0000, 0x0000, 
0x0000, 0x0000, 0x0000, 0x0000, 0x0000, 0x0000, 0x0000, 0x0000, 
0x0000, 0x0000, 0x0000, 0x0000, 0x0000, 0x0000, 0x0000, 0x0000, 
0x0000, 0x0000, 0x0000, 0x0000, 0x0000, 0x0000, 0x0003, 0x0003, 
0x0003, 0x0003, 0x0003, 0x0000, 0x0000, 0x0000, 0x0000, 0x0000, 
0x0000, 0x0000, 0x0000, 0x0000, 0x0000, 0x0000, 0x0001, 0x0001, 
0x0001, 0x0003, 0x0003, 0x0003, 0x0003, 0x0003, 0x0003, 0x0003, 
0x0003, 0x0003, 0x0003, 0x0401, 0x0401, 0x0401, 0x0000, 0x0000, 
0x0000, 0x0000, 0x0000, 0x0000, 0x0000, 0x0000, 0x0000, 0x0000, 
0x0000, 0x0000, 0x0000, 0x0000, 0x0000, 0x0000, 0x0000, 0x0000, 
0x0000, 0x0000, 0x0000, 0x0000, 0x0000, 0x0000, 0x0000, 0x0000, 
0x0000, 0x0000, 0x0000, 0x0000, 0x0000, 0x0000, 0x0003, 0x0003, 
0x0003, 0x0003, 0x0000, 0x0000, 0x0000, 0x0000, 0x0000, 0x0000, 
0x0000, 0x0000, 0x0000, 0x0000, 0x0000, 0x0000, 0x0001, 0x0001, 
0x0001, 0x0003, 0x0003, 0x0003, 0x0003, 0x0003, 0x0003, 0x0003, 
0x0003, 0x0003, 0x0003, 0x0401, 0x0401, 0x0401, 0x0000, 0x0000, 
0x0000, 0x0000, 0x0000, 0x0000, 0x0000, 0x0000, 0x0000, 0x0000, 
0x0000, 0x0000, 0x0000, 0x0000, 0x0000, 0x0000, 0x0000, 0x0000, 
0x0000, 0x0000, 0x0000, 0x0000, 0x0000, 0x0000, 0x0000, 0x0000, 
0x0000, 0x0000, 0x0000, 0x0000, 0x0003, 0x0003, 0x0003, 0x0003, 
0x0003, 0x0003, 0x0000, 0x0000, 0x0000, 0x0000, 0x0000, 0x0000, 
0x0000, 0x0000, 0x0000, 0x0000, 0x0000, 0x0000, 0x0001, 0x0001, 
0x0001, 0x0003, 0x0003, 0x0003, 0x0003, 0x0003, 0x0003, 0x0003, 
0x0003, 0x0003, 0x0003, 0x0401, 0x0401, 0x0401, 0x0000, 0x0001, 
0x0001, 0x0000, 0x0003, 0x0003, 0x0003, 0x0003, 0x0003, 0x0003, 
0x0000, 0x0401, 0x0401, 0x0000, 0x0000, 0x0000, 0x0000, 0x0000, 
0x0000, 0x0000, 0x0000, 0x0000, 0x0000, 0x0000, 0x0000, 0x0000, 
0x0000, 0x0000, 0x0000, 0x0000, 0x0003, 0x0003, 0x0003, 0x0003, 
0x0003, 0x0000, 0x0000, 0x0000, 0x0000, 0x0000, 0x0000, 0x0000, 
0x0000, 0x0000, 0x0000, 0x0000, 0x0000, 0x0000, 0x0001, 0x0001, 
0x0001, 0x0003, 0x0003, 0x0003, 0x0003, 0x0003, 0x0003, 0x0003, 
0x0003, 0x0003, 0x0003, 0x0401, 0x0401, 0x0401, 0x0001, 0x0001, 
0x0001, 0x0003, 0x0003, 0x0003, 0x0003, 0x0003, 0x0003, 0x0003, 
0x0003, 0x0401, 0x0401, 0x0401, 0x0000, 0x0000, 0x0000, 0x0000, 
0x0000, 0x0001, 0x0000, 0x0000, 0x0000, 0x0000, 0x0000, 0x0000, 
0x0000, 0x0401, 0x0000, 0x0000, 0x0000, 0x0003, 0x0003, 0x0003, 
0x0003, 0x0000, 0x0000, 0x0000, 0x0000, 0x0000, 0x0000, 0x0000, 
0x0000, 0x0000, 0x0000, 0x0000, 0x0000, 0x0000, 0x0001, 0x0001, 
0x0001, 0x0003, 0x0003, 0x0003, 0x0003, 0x0003, 0x0003, 0x0003, 
0x0003, 0x0003, 0x0003, 0x0401, 0x0401, 0x0401, 0x0001, 0x0001, 
0x0001, 0x0003, 0x0003, 0x0003, 0x0003, 0x0003, 0x0003, 0x0003, 
0x0003, 0x0401, 0x0401, 0x0401, 0x0000, 0x0000, 0x0000, 0x0000, 
0x0001, 0x0001, 0x0001, 0x0003, 0x0003, 0x0003, 0x0003, 0x0003, 
0x0401, 0x0401, 0x0401, 0x0000, 0x0000, 0x0003, 0x0003, 0x0003, 
0x0003, 0x0000, 0x0001, 0x0001, 0x0001, 0x0000, 0x0003, 0x0003, 
0x0000, 0x0401, 0x0401, 0x0401, 0x0000, 0x0000, 0x0000, 0x0001, 
0x0001, 0x0001, 0x0003, 0x0003, 0x0003, 0x0003, 0x0003, 0x0003, 
0x0003, 0x0003, 0x0401, 0x0401, 0x0401, 0x0001, 0x0001, 0x0001, 
0x0003, 0x0003, 0x0003, 0x0003, 0x0003, 0x0003, 0x0003, 0x0003, 
0x0003, 0x0003, 0x0401, 0x0401, 0x0401, 0x0000, 0x0000, 0x0000, 
0x0001, 0x0001, 0x0001, 0x0003, 0x0003, 0x0003, 0x0003, 0x0003, 
0x0003, 0x0401, 0x0401, 0x0401, 0x0000, 0x0003, 0x0003, 0x0003, 
0x0003, 0x0001, 0x0001, 0x0001, 0x0003, 0x0003, 0x0003, 0x0003, 
0x0003, 0x0003, 0x0401, 0x0401, 0x0401, 0x0000, 0x0000, 0x0000, 
0x0002, 0x0002, 0x0002, 0x0003, 0x0003, 0x0003, 0x0003, 0x0003, 
0x0003, 0x0002, 0x0002, 0x0002, 0x0000, 0x0001, 0x0001, 0x0001, 
0x0003, 0x0003, 0x0003, 0x0003, 0x0003, 0x0003, 0x0003, 0x0003, 
0x0003, 0x0003, 0x0401, 0x0401, 0x0401, 0x0000, 0x0000, 0x0001, 
0x0001, 0x0001, 0x0003, 0x0003, 0x0003, 0x0003, 0x0003, 0x0003, 
0x0003, 0x0003, 0x0401, 0x0401, 0x0401, 0x0003, 0x0003, 0x0003, 
0x0003, 0x0001, 0x0001, 0x0003, 0x0003, 0x0003, 0x0003, 0x0003, 
0x0003, 0x0003, 0x0003, 0x0401, 0x0401, 0x0401, 0x0000, 0x0000, 
0x0000, 0x0002, 0x0002, 0x0002, 0x0002, 0x0002, 0x0002, 0x0002, 
0x0002, 0x0002, 0x0002, 0x0000, 0x0000, 0x0001, 0x0001, 0x0001, 
0x0003, 0x0003, 0x0003, 0x0003, 0x0003, 0x0003, 0x0003, 0x0003, 
0x0003, 0x0003, 0x0401, 0x0401, 0x0401, 0x0000, 0x0000, 0x0001, 
0x0001, 0x0001, 0x0003, 0x0003, 0x0003, 0x0003, 0x0003, 0x0003, 
0x0003, 0x0003, 0x0401, 0x0401, 0x0401, 0x0003, 0x0003, 0x0003, 
0x0003, 0x0001, 0x0003, 0x0003, 0x0003, 0x0003, 0x0003, 0x0003, 
0x0003, 0x0003, 0x0003, 0x0401, 0x0401, 0x0401, 0x0000, 0x0000, 
0x0000, 0x0000, 0x0002, 0x0002, 0x0002, 0x0002, 0x0002, 0x0002, 
0x0002, 0x0002, 0x0000, 0x0000, 0x0000, 0x0001, 0x0001, 0x0001, 
0x0003, 0x0003, 0x0003, 0x0003, 0x0003, 0x0003, 0x0003, 0x0003, 
0x0003, 0x0003, 0x0401, 0x0401, 0x0401, 0x0000, 0x0000, 0x0001, 
0x0001, 0x0001, 0x0003, 0x0003, 0x0003, 0x0003, 0x0003, 0x0003, 
0x0003, 0x0003, 0x0401, 0x0401, 0x0401, 0x0003, 0x0003, 0x0003, 
0x0003, 0x0001, 0x0003, 0x0003, 0x0003, 0x0003, 0x0003, 0x0003, 
0x0003, 0x0003, 0x0003, 0x0003, 0x0401, 0x0401, 0x0401, 0x0000, 
0x0000, 0x0000, 0x0000, 0x0002, 0x0002, 0x0002, 0x0002, 0x0002, 
0x0002, 0x0000, 0x0000, 0x0000, 0x0000, 0x0000, 0x0001, 0x0001, 
0x0001, 0x0003, 0x0003, 0x0003, 0x0003, 0x0003, 0x0003, 0x0003, 
0x0003, 0x0401, 0x0401, 0x0401, 0x0000, 0x0000, 0x0000, 0x0001, 
0x0001, 0x0001, 0x0003, 0x0003, 0x0003, 0x0003, 0x0003, 0x0003, 
0x0003, 0x0003, 0x0401, 0x0401, 0x0401, 0x0003, 0x0003, 0x0003, 
0x0003, 0x0001, 0x0003, 0x0003, 0x0003, 0x0003, 0x0003, 0x0003, 
0x0003, 0x0003, 0x0003, 0x0003, 0x0401, 0x0401, 0x0401, 0x0000, 
0x0001, 0x0000, 0x0000, 0x0000, 0x0000, 0x0000, 0x0000, 0x0000, 
0x0401, 0x0000, 0x0000, 0x0000, 0x0000, 0x0000, 0x0000, 0x0002, 
0x0002, 0x0003, 0x0003, 0x0003, 0x0003, 0x0003, 0x0003, 0x0003, 
0x0003, 0x0002, 0x0002, 0x0000, 0x0000, 0x0000, 0x0000, 0x0001, 
0x0001, 0x0001, 0x0003, 0x0003, 0x0003, 0x0003, 0x0003, 0x0003, 
0x0003, 0x0401, 0x0401, 0x0401, 0x0000, 0x0003, 0x0003, 0x0003, 
0x0003, 0x0001, 0x0003, 0x0003, 0x0003, 0x0003, 0x0003, 0x0003, 
0x0003, 0x0003, 0x0003, 0x0003, 0x0401, 0x0401, 0x0401, 0x0001, 
0x0001, 0x0001, 0x0003, 0x0003, 0x0003, 0x0003, 0x0003, 0x0401, 
0x0401, 0x0401, 0x0000, 0x0000, 0x0000, 0x0000, 0x0000, 0x0000, 
0x0002, 0x0002, 0x0003, 0x0003, 0x0003, 0x0003, 0x0003, 0x0003, 
0x0002, 0x0002, 0x0000, 0x0000, 0x0000, 0x0000, 0x0000, 0x0000, 
0x0001, 0x0001, 0x0001, 0x0003, 0x0003, 0x0003, 0x0003, 0x0003, 
0x0003, 0x0002, 0x0002, 0x0000, 0x0000, 0x0003, 0x0003, 0x0003, 
0x0003, 0x0001, 0x0003, 0x0003, 0x0003, 0x0003, 0x0003, 0x0003, 
0x0003, 0x0003, 0x0003, 0x0401, 0x0401, 0x0401, 0x0001, 0x0001, 
0x0001, 0x0003, 0x0003, 0x0003, 0x0003, 0x0003, 0x0003, 0x0003, 
0x0401, 0x0401, 0x0401, 0x0000, 0x0000, 0x0000, 0x0000, 0x0000, 
0x0002, 0x0002, 0x0002, 0x0003, 0x0003, 0x0003, 0x0003, 0x0002, 
0x0002, 0x0002, 0x0000, 0x0000, 0x0000, 0x0000, 0x0000, 0x0000, 
0x0000, 0x0002, 0x0002, 0x0002, 0x0002, 0x0003, 0x0003, 0x0002, 
0x0002, 0x0002, 0x0000, 0x0000, 0x0000, 0x0003, 0x0003, 0x0003, 
0x0003, 0x0001, 0x0001, 0x0003, 0x0003, 0x0003, 0x0003, 0x0003, 
0x0003, 0x0003, 0x0003, 0x0002, 0x0002, 0x0001, 0x0001, 0x0001, 
0x0003, 0x0003, 0x0003, 0x0003, 0x0003, 0x0003, 0x0003, 0x0003, 
0x0401, 0x0401, 0x0401, 0x0000, 0x0000, 0x0000, 0x0000, 0x0000, 
0x0000, 0x0002, 0x0002, 0x0002, 0x0002, 0x0002, 0x0002, 0x0002, 
0x0002, 0x0000, 0x0000, 0x0000, 0x0000, 0x0000, 0x0000, 0x0000, 
0x0000, 0x0000, 0x0002, 0x0002, 0x0002, 0x0002, 0x0002, 0x0002, 
0x0002, 0x0002, 0x0000, 0x0000, 0x0000, 0x0003, 0x0003, 0x0003, 
0x0003, 0x0002, 0x0002, 0x0002, 0x0003, 0x0003, 0x0003, 0x0003, 
0x0003, 0x0003, 0x0002, 0x0002, 0x0000, 0x0001, 0x0001, 0x0001, 
0x0003, 0x0003, 0x0003, 0x0003, 0x0003, 0x0003, 0x0003, 0x0003, 
0x0401, 0x0401, 0x0401, 0x0000, 0x0000, 0x0000, 0x0000, 0x0000, 
0x0000, 0x0000, 0x0002, 0x0002, 0x0002, 0x0002, 0x0002, 0x0001, 
0x0000, 0x0000, 0x0000, 0x0000, 0x0000, 0x0000, 0x0000, 0x0000, 
0x0000, 0x0000, 0x0000, 0x0002, 0x0002, 0x0002, 0x0002, 0x0002, 
0x0002, 0x0000, 0x0000, 0x0000, 0x0000, 0x0003, 0x0003, 0x0003, 
0x0003, 0x0000, 0x0002, 0x0002, 0x0002, 0x0002, 0x0002, 0x0002, 
0x0002, 0x0002, 0x0002, 0x0002, 0x0000, 0x0001, 0x0001, 0x0001, 
0x0003, 0x0003, 0x0003, 0x0003, 0x0003, 0x0003, 0x0003, 0x0003, 
0x0401, 0x0401, 0x0401, 0x0000, 0x0000, 0x0000, 0x0000, 0x0000, 
0x0000, 0x0000, 0x0000, 0x0002, 0x0002, 0x0001, 0x0001, 0x0001, 
0x0000, 0x0003, 0x0003, 0x0003, 0x0003, 0x0000, 0x0401, 0x0401, 
0x0401, 0x0000, 0x0000, 0x0000, 0x0000, 0x0002, 0x0002, 0x0000, 
0x0000, 0x0000, 0x0000, 0x0000, 0x0000, 0x0003, 0x0003, 0x0003, 
0x0003, 0x0000, 0x0000, 0x0002, 0x0002, 0x0002, 0x0002, 0x0002, 
0x0002, 0x0002, 0x0002, 0x0000, 0x0000, 0x0001, 0x0001, 0x0001, 
0x0003, 0x0003, 0x0003, 0x0003, 0x0003, 0x0003, 0x0003, 0x0003, 
0x0401, 0x0401, 0x0401, 0x0000, 0x0000, 0x0000, 0x0000, 0x0000, 
0x0000, 0x0000, 0x0000, 0x0000, 0x0001, 0x0001, 0x0001, 0x0003, 
0x0003, 0x0003, 0x0003, 0x0003, 0x0003, 0x0003, 0x0003, 0x0003, 
0x0401, 0x0401, 0x0401, 0x0000, 0x0000, 0x0000, 0x0000, 0x0000, 
0x0000, 0x0000, 0x0000, 0x0000, 0x0000, 0x0003, 0x0003, 0x0003, 
0x0003, 0x0000, 0x0000, 0x0000, 0x0002, 0x0002, 0x0002, 0x0002, 
0x0002, 0x0002, 0x0000, 0x0000, 0x0000, 0x0000, 0x0001, 0x0001, 
0x0001, 0x0003, 0x0003, 0x0003, 0x0003, 0x0003, 0x0003, 0x0003, 
0x0401, 0x0401, 0x0401, 0x0000, 0x0000, 0x0000, 0x0000, 0x0000, 
0x0000, 0x0000, 0x0000, 0x0001, 0x0001, 0x0001, 0x0003, 0x0003, 
0x0003, 0x0003, 0x0003, 0x0003, 0x0003, 0x0003, 0x0003, 0x0003, 
0x0003, 0x0401, 0x0401, 0x0401, 0x0000, 0x0000, 0x0000, 0x0000, 
0x0000, 0x0000, 0x0000, 0x0000, 0x0000, 0x0000, 0x0003, 0x0003, 
0x0003, 0x0000, 0x0000, 0x0000, 0x0000, 0x0000, 0x0000, 0x0000, 
0x0000, 0x0000, 0x0000, 0x0000, 0x0000, 0x0000, 0x0000, 0x0002, 
0x0002, 0x0003, 0x0003, 0x0003, 0x0003, 0x0003, 0x0003, 0x0401, 
0x0401, 0x0401, 0x0000, 0x0000, 0x0000, 0x0000, 0x0000, 0x0000, 
0x0000, 0x0000, 0x0001, 0x0001, 0x0001, 0x0003, 0x0003, 0x0003, 
0x0003, 0x0003, 0x0003, 0x0003, 0x0003, 0x0003, 0x0003, 0x0003, 
0x0003, 0x0003, 0x0401, 0x0401, 0x0401, 0x0000, 0x0000, 0x0000, 
0x0000, 0x0000, 0x0000, 0x0000, 0x0000, 0x0000, 0x0003, 0x0003, 
0x0003, 0x0000, 0x0000, 0x0000, 0x0000, 0x0000, 0x0000, 0x0000, 
0x0000, 0x0000, 0x0000, 0x0000, 0x0000, 0x0000, 0x0000, 0x0000, 
0x0002, 0x0002, 0x0002, 0x0003, 0x0003, 0x0003, 0x0002, 0x0002, 
0x0002, 0x0000, 0x0000, 0x0000, 0x0000, 0x0000, 0x0000, 0x0000, 
0x0000, 0x0001, 0x0001, 0x0001, 0x0003, 0x0003, 0x0003, 0x0003, 
0x0003, 0x0003, 0x0003, 0x0003, 0x0003, 0x0003, 0x0003, 0x0003, 
0x0003, 0x0003, 0x0401, 0x0401, 0x0401, 0x0000, 0x0000, 0x0000, 
0x0000, 0x0000, 0x0000, 0x0000, 0x0000, 0x0000, 0x0003, 0x0003, 
0x0003, 0x0000, 0x0000, 0x0000, 0x0000, 0x0000, 0x0000, 0x0000, 
0x0000, 0x0000, 0x0000, 0x0000, 0x0000, 0x0000, 0x0000, 0x0000, 
0x0002, 0x0002, 0x0002, 0x0002, 0x0002, 0x0002, 0x0002, 0x0002, 
0x0000, 0x0000, 0x0000, 0x0000, 0x0000, 0x0000, 0x0000, 0x0000, 
0x0000, 0x0001, 0x0001, 0x0001, 0x0003, 0x0003, 0x0003, 0x0003, 
0x0003, 0x0003, 0x0003, 0x0003, 0x0003, 0x0003, 0x0003, 0x0003, 
0x0003, 0x0003, 0x0003, 0x0401, 0x0401, 0x0401, 0x0000, 0x0000, 
0x0000, 0x0000, 0x0000, 0x0000, 0x0000, 0x0000, 0x0000, 0x0003, 
0x0003, 0x0000, 0x0000, 0x0000, 0x0000, 0x0000, 0x0000, 0x0000, 
0x0000, 0x0000, 0x0000, 0x0000, 0x0000, 0x0000, 0x0000, 0x0000, 
0x0000, 0x0002, 0x0002, 0x0002, 0x0002, 0x0002, 0x0002, 0x0000, 
0x0000, 0x0000, 0x0000, 0x0000, 0x0000, 0x0000, 0x0000, 0x0000, 
0x0000, 0x0001, 0x0001, 0x0001, 0x0003, 0x0003, 0x0003, 0x0003, 
0x0003, 0x0003, 0x0003, 0x0003, 0x0003, 0x0003, 0x0003, 0x0003, 
0x0003, 0x0003, 0x0003, 0x0401, 0x0401, 0x0401, 0x0401, 0x0000, 
0x0000, 0x0003, 0x0003, 0x0000, 0x0000, 0x0000, 0x0000, 0x0003, 
0x0003, 0x0000, 0x0000, 0x0000, 0x0000, 0x0000, 0x0000, 0x0000, 
0x0000, 0x0000, 0x0000, 0x0000, 0x0000, 0x0000, 0x0000, 0x0000, 
0x0000, 0x0000, 0x0000, 0x0002, 0x0002, 0x0002, 0x0000, 0x0000, 
0x0000, 0x0000, 0x0000, 0x0000, 0x0000, 0x0000, 0x0000, 0x0000, 
0x0000, 0x0001, 0x0001, 0x0001, 0x0003, 0x0003, 0x0003, 0x0003, 
0x0003, 0x0003, 0x0003, 0x0003, 0x0003, 0x0003, 0x0003, 0x0003, 
0x0003, 0x0003, 0x0003, 0x0401, 0x0401, 0x0401, 0x0401, 0x0401, 
0x0401, 0x0002, 0x0002, 0x0000, 0x0000, 0x0000, 0x0000, 0x0003, 
0x0003, 0x0000, 0x0000, 0x0000, 0x0000, 0x0000, 0x0000, 0x0000, 
0x0000, 0x0000, 0x0000, 0x0000, 0x0000, 0x0000, 0x0000, 0x0000, 
0x0000, 0x0000, 0x0000, 0x0000, 0x0000, 0x0000, 0x0000, 0x0000, 
0x0000, 0x0001, 0x0001, 0x0000, 0x0000, 0x0000, 0x0000, 0x0000, 
0x0401, 0x0001, 0x0001, 0x0001, 0x0003, 0x0003, 0x0003, 0x0003, 
0x0003, 0x0003, 0x0003, 0x0003, 0x0003, 0x0003, 0x0003, 0x0003, 
0x0003, 0x0003, 0x0003, 0x0401, 0x0401, 0x0401, 0x0000, 0x0401, 
0x0401, 0x0002, 0x0002, 0x0000, 0x0000, 0x0000, 0x0003, 0x0003, 
0x0003, 0x0000, 0x0000, 0x0000, 0x0000, 0x0000, 0x0000, 0x0000, 
0x0000, 0x0000, 0x0000, 0x0000, 0x0000, 0x0000, 0x0000, 0x0000, 
0x0000, 0x0000, 0x0000, 0x0000, 0x0000, 0x0000, 0x0000, 0x0000, 
0x0001, 0x0001, 0x0001, 0x0003, 0x0003, 0x0003, 0x0003, 0x0003, 
0x0401, 0x0401, 0x0001, 0x0001, 0x0003, 0x0003, 0x0003, 0x0003, 
0x0003, 0x0003, 0x0003, 0x0003, 0x0003, 0x0003, 0x0003, 0x0003, 
0x0003, 0x0003, 0x0003, 0x0401, 0x0401, 0x0401, 0x0000, 0x0000, 
0x0000, 0x0002, 0x0002, 0x0002, 0x0000, 0x0000, 0x0003, 0x0003, 
0x0003, 0x0000, 0x0000, 0x0000, 0x0000, 0x0000, 0x0000, 0x0000, 
0x0000, 0x0001, 0x0001, 0x0000, 0x0003, 0x0003, 0x0003, 0x0003, 
0x0000, 0x0401, 0x0401, 0x0000, 0x0000, 0x0000, 0x0000, 0x0000, 
0x0001, 0x0001, 0x0001, 0x0003, 0x0003, 0x0003, 0x0003, 0x0003, 
0x0003, 0x0401, 0x0001, 0x0001, 0x0003, 0x0003, 0x0003, 0x0003, 
0x0003, 0x0003, 0x0003, 0x0003, 0x0003, 0x0003, 0x0003, 0x0003, 
0x0003, 0x0003, 0x0401, 0x0401, 0x0401, 0x0000, 0x0000, 0x0000, 
0x0000, 0x0002, 0x0002, 0x0002, 0x0000, 0x0000, 0x0003, 0x0003, 
0x0003, 0x0000, 0x0000, 0x0000, 0x0000, 0x0000, 0x0000, 0x0000, 
0x0001, 0x0001, 0x0001, 0x0003, 0x0003, 0x0003, 0x0003, 0x0003, 
0x0003, 0x0401, 0x0401, 0x0401, 0x0000, 0x0000, 0x0000, 0x0001, 
0x0001, 0x0001, 0x0003, 0x0003, 0x0003, 0x0003, 0x0003, 0x0003, 
0x0003, 0x0401, 0x0001, 0x0001, 0x0001, 0x0003, 0x0003, 0x0003, 
0x0003, 0x0003, 0x0003, 0x0003, 0x0003, 0x0003, 0x0003, 0x0003, 
0x0003, 0x0003, 0x0002, 0x0002, 0x0000, 0x0000, 0x0000, 0x0000, 
0x0000, 0x0002, 0x0002, 0x0002, 0x0000, 0x0000, 0x0003, 0x0003, 
0x0003, 0x0000, 0x0000, 0x0000, 0x0000, 0x0000, 0x0000, 0x0000, 
0x0001, 0x0001, 0x0001, 0x0003, 0x0003, 0x0003, 0x0003, 0x0003, 
0x0003, 0x0401, 0x0401, 0x0401, 0x0000, 0x0000, 0x0000, 0x0001, 
0x0001, 0x0001, 0x0003, 0x0003, 0x0003, 0x0003, 0x0003, 0x0003, 
0x0003, 0x0401, 0x0401, 0x0002, 0x0002, 0x0003, 0x0003, 0x0003, 
0x0003, 0x0003, 0x0003, 0x0003, 0x0003, 0x0003, 0x0003, 0x0003, 
0x0003, 0x0002, 0x0002, 0x0000, 0x0000, 0x0000, 0x0000, 0x0000, 
0x0000, 0x0002, 0x0002, 0x0000, 0x0000, 0x0003, 0x0003, 0x0003, 
0x0003, 0x0003, 0x0000, 0x0000, 0x0000, 0x0000, 0x0000, 0x0000, 
0x0001, 0x0001, 0x0001, 0x0003, 0x0003, 0x0003, 0x0003, 0x0003, 
0x0003, 0x0401, 0x0401, 0x0401, 0x0000, 0x0000, 0x0000, 0x0001, 
0x0001, 0x0001, 0x0003, 0x0003, 0x0003, 0x0003, 0x0003, 0x0003, 
0x0003, 0x0401, 0x0401, 0x0401, 0x0002, 0x0002, 0x0003, 0x0003, 
0x0003, 0x0003, 0x0003, 0x0003, 0x0003, 0x0003, 0x0003, 0x0003, 
0x0002, 0x0002, 0x0002, 0x0000, 0x0000, 0x0000, 0x0000, 0x0000, 
0x0002, 0x0002, 0x0002, 0x0000, 0x0000, 0x0003, 0x0003, 0x0003, 
0x0003, 0x0003, 0x0003, 0x0000, 0x0000, 0x0000, 0x0000, 0x0000, 
0x0001, 0x0001, 0x0001, 0x0003, 0x0003, 0x0003, 0x0003, 0x0003, 
0x0003, 0x0401, 0x0401, 0x0401, 0x0000, 0x0000, 0x0000, 0x0000, 
0x0001, 0x0001, 0x0001, 0x0003, 0x0003, 0x0003, 0x0003, 0x0003, 
0x0401, 0x0401, 0x0401, 0x0000, 0x0002, 0x0002, 0x0002, 0x0002, 
0x0003, 0x0003, 0x0003, 0x0003, 0x0003, 0x0003, 0x0003, 0x0002, 
0x0002, 0x0002, 0x0000, 0x0000, 0x0000, 0x0000, 0x0000, 0x0000, 
0x0002, 0x0002, 0x0002, 0x0000, 0x0003, 0x0003, 0x0003, 0x0003, 
0x0003, 0x0003, 0x0003, 0x0000, 0x0000, 0x0000, 0x0000, 0x0000, 
0x0000, 0x0001, 0x0001, 0x0001, 0x0003, 0x0003, 0x0003, 0x0003, 
0x0401, 0x0401, 0x0401, 0x0000, 0x0000, 0x0000, 0x0000, 0x0000, 
0x0000, 0x0002, 0x0002, 0x0002, 0x0002, 0x0003, 0x0003, 0x0002, 
0x0002, 0x0002, 0x0000, 0x0000, 0x0000, 0x0002, 0x0002, 0x0002, 
0x0002, 0x0002, 0x0002, 0x0002, 0x0002, 0x0002, 0x0002, 0x0002, 
0x0002, 0x0000, 0x0000, 0x0000, 0x0000, 0x0000, 0x0000, 0x0000, 
0x0002, 0x0002, 0x0002, 0x0000, 0x0003, 0x0003, 0x0003, 0x0003, 
0x0003, 0x0003, 0x0003, 0x0003, 0x0000, 0x0000, 0x0000, 0x0000, 
0x0000, 0x0000, 0x0002, 0x0002, 0x0002, 0x0002, 0x0002, 0x0002, 
0x0002, 0x0002, 0x0000, 0x0000, 0x0000, 0x0000, 0x0000, 0x0000, 
0x0000, 0x0000, 0x0002, 0x0002, 0x0002, 0x0002, 0x0002, 0x0002, 
0x0002, 0x0000, 0x0000, 0x0000, 0x0000, 0x0000, 0x0002, 0x0002, 
0x0002, 0x0002, 0x0002, 0x0002, 0x0002, 0x0002, 0x0002, 0x0002, 
0x0000, 0x0000, 0x0000, 0x0000, 0x0000, 0x0000, 0x0000, 0x0000, 
0x0000, 0x0002, 0x0002, 0x0003, 0x0003, 0x0003, 0x0003, 0x0003, 
0x0003, 0x0003, 0x0003, 0x0003, 0x0000, 0x0000, 0x0000, 0x0000, 
0x0000, 0x0000, 0x0000, 0x0002, 0x0002, 0x0002, 0x0002, 0x0002, 
0x0002, 0x0000, 0x0000, 0x0001, 0x0001, 0x0000, 0x0003, 0x0003, 
0x0003, 0x0003, 0x0401, 0x0002, 0x0002, 0x0002, 0x0002, 0x0002, 
0x0000, 0x0000, 0x0000, 0x0000, 0x0000, 0x0000, 0x0000, 0x0000, 
0x0002, 0x0002, 0x0002, 0x0002, 0x0002, 0x0002, 0x0002, 0x0000, 
0x0000, 0x0000, 0x0000, 0x0000, 0x0000, 0x0000, 0x0000, 0x0000, 
0x0000, 0x0002, 0x0002, 0x0003, 0x0003, 0x0003, 0x0003, 0x0003, 
0x0003, 0x0003, 0x0003, 0x0003, 0x0003, 0x0000, 0x0000, 0x0000, 
0x0000, 0x0000, 0x0000, 0x0000, 0x0002, 0x0002, 0x0002, 0x0002, 
0x0000, 0x0000, 0x0001, 0x0001, 0x0001, 0x0003, 0x0003, 0x0003, 
0x0003, 0x0003, 0x0401, 0x0401, 0x0000, 0x0002, 0x0002, 0x0000, 
0x0000, 0x0000, 0x0000, 0x0000, 0x0000, 0x0000, 0x0000, 0x0000, 
0x0000, 0x0000, 0x0000, 0x0000, 0x0000, 0x0000, 0x0000, 0x0000, 
0x0000, 0x0000, 0x0000, 0x0000, 0x0001, 0x0000, 0x0000, 0x0000, 
0x0000, 0x0003, 0x0003, 0x0003, 0x0003, 0x0003, 0x0003, 0x0003, 
0x0003, 0x0003, 0x0003, 0x0003, 0x0003, 0x0000, 0x0000, 0x0000, 
0x0000, 0x0000, 0x0000, 0x0000, 0x0000, 0x0000, 0x0000, 0x0000, 
0x0000, 0x0000, 0x0000, 0x0001, 0x0002, 0x0002, 0x0002, 0x0003, 
0x0003, 0x0401, 0x0401, 0x0401, 0x0000, 0x0000, 0x0000, 0x0000, 
0x0000, 0x0000, 0x0000, 0x0000, 0x0000, 0x0000, 0x0000, 0x0000, 
0x0000, 0x0000, 0x0000, 0x0000, 0x0000, 0x0000, 0x0000, 0x0000, 
0x0000, 0x0000, 0x0000, 0x0000, 0x0001, 0x0003, 0x0003, 0x0003, 
0x0003, 0x0003, 0x0003, 0x0003, 0x0003, 0x0003, 0x0003, 0x0003, 
0x0003, 0x0003, 0x0003, 0x0003, 0x0003, 0x0000, 0x0000, 0x0000, 
0x0000, 0x0000, 0x0000, 0x0000, 0x0000, 0x0000, 0x0000, 0x0000, 
0x0000, 0x0000, 0x0000, 0x0000, 0x0000, 0x0000, 0x0000, 0x0000, 
0x0000, 0x0000, 0x0000, 0x0000, 0x0000, 0x0000, 0x0000, 0x0000, 
0x0000, 0x0000, 0x0000, 0x0000, 0x0001, 0x0001, 0x0000, 0x0000, 
0x0000, 0x0000, 0x0000, 0x0000, 0x0000, 0x0000, 0x0000, 0x0000, 
0x0000, 0x0000, 0x0000, 0x0000, 0x0001, 0x0001, 0x0001, 0x0001, 
0x0003, 0x0003, 0x0003, 0x0003, 0x0003, 0x0003, 0x0003, 0x0003, 
0x0003, 0x0003, 0x0003, 0x0003, 0x0003, 0x0000, 0x0000, 0x0000, 
0x0000, 0x0000, 0x0000, 0x0000, 0x0003, 0x0003, 0x0003, 0x0000, 
0x0000, 0x0000, 0x0000, 0x0000, 0x0000, 0x0000, 0x0000, 0x0000, 
0x0000, 0x0000, 0x0000, 0x0000, 0x0000, 0x0000, 0x0000, 0x0000, 
0x0000, 0x0000, 0x0000, 0x0001, 0x0001, 0x0001, 0x0003, 0x0003, 
0x0003, 0x0003, 0x0003, 0x0000, 0x0000, 0x0000, 0x0000, 0x0000, 
0x0000, 0x0000, 0x0000, 0x0000, 0x0000, 0x0000, 0x0000, 0x0000, 
0x0000, 0x0000, 0x0003, 0x0003, 0x0003, 0x0003, 0x0003, 0x0003, 
0x0003, 0x0003, 0x0003, 0x0003, 0x0003, 0x0000, 0x0000, 0x0000, 
0x0000, 0x0000, 0x0000, 0x0003, 0x0003, 0x0003, 0x0003, 0x0003, 
0x0000, 0x0000, 0x0000, 0x0000, 0x0000, 0x0000, 0x0000, 0x0000, 
0x0000, 0x0000, 0x0000, 0x0000, 0x0000, 0x0000, 0x0000, 0x0000, 
0x0000, 0x0000, 0x0000, 0x0001, 0x0001, 0x0003, 0x0003, 0x0003, 
0x0003, 0x0003, 0x0000, 0x0000, 0x0000, 0x0000, 0x0000, 0x0000, 
0x0000, 0x0000, 0x0000, 0x0000, 0x0000, 0x0000, 0x0000, 0x0000, 
0x0000, 0x0000, 0x0000, 0x0003, 0x0003, 0x0003, 0x0003, 0x0003, 
0x0003, 0x0003, 0x0003, 0x0003, 0x0003, 0x0000, 0x0000, 0x0000, 
0x0000, 0x0000, 0x0000, 0x0000, 0x0000, 0x0003, 0x0003, 0x0000, 
0x0000, 0x0000, 0x0000, 0x0003, 0x0003, 0x0000, 0x0000, 0x0000, 
0x0000, 0x0000, 0x0000, 0x0000, 0x0000, 0x0000, 0x0000, 0x0000, 
0x0000, 0x0000, 0x0000, 0x0000, 0x0001, 0x0001, 0x0001, 0x0003, 
0x0000, 0x0000, 0x0000, 0x0000, 0x0001, 0x0000, 0x0000, 0x0003, 
0x0000, 0x0000, 0x0000, 0x0000, 0x0000, 0x0000, 0x0000, 0x0000, 
0x0000, 0x0000, 0x0000, 0x0003, 0x0003, 0x0003, 0x0003, 0x0003, 
0x0003, 0x0003, 0x0003, 0x0003, 0x0000, 0x0000, 0x0000, 0x0000, 
0x0000, 0x0000, 0x0000, 0x0000, 0x0000, 0x0000, 0x0000, 0x0000, 
0x0000, 0x0000, 0x0003, 0x0003, 0x0003, 0x0003, 0x0003, 0x0003, 
0x0000, 0x0000, 0x0000, 0x0000, 0x0000, 0x0000, 0x0000, 0x0000, 
0x0003, 0x0003, 0x0000, 0x0000, 0x0000, 0x0000, 0x0000, 0x0000, 
0x0000, 0x0000, 0x0000, 0x0000, 0x0001, 0x0003, 0x0003, 0x0003, 
0x0000, 0x0000, 0x0000, 0x0000, 0x0000, 0x0000, 0x0000, 0x0000, 
0x0000, 0x0000, 0x0000, 0x0000, 0x0003, 0x0003, 0x0003, 0x0003, 
0x0003, 0x0003, 0x0003, 0x0003, 0x0000, 0x0000, 0x0000, 0x0000, 
0x0000, 0x0000, 0x0000, 0x0000, 0x0000, 0x0000, 0x0000, 0x0000, 
0x0000, 0x0000, 0x0000, 0x0000, 0x0000, 0x0003, 0x0003, 0x0000, 
0x0000, 0x0000, 0x0000, 0x0000, 0x0000, 0x0000, 0x0003, 0x0003, 
0x0003, 0x0003, 0x0000, 0x0000, 0x0000, 0x0000, 0x0001, 0x0000, 
0x0000, 0x0000, 0x0000, 0x0000, 0x0001, 0x0003, 0x0003, 0x0003, 
0x0000, 0x0000, 0x0000, 0x0000, 0x0000, 0x0000, 0x0000, 0x0000, 
0x0000, 0x0000, 0x0000, 0x0000, 0x0003, 0x0003, 0x0003, 0x0003, 
0x0003, 0x0003, 0x0003, 0x0003, 0x0001, 0x0001, 0x0001, 0x0001, 
0x0001, 0x0001, 0x0001, 0x0001, 0x0001, 0x0001, 0x0001, 0x0001, 
0x0001, 0x0001, 0x0001, 0x0001, 0x0001, 0x0001, 0x0001, 0x0001, 
0x0001, 0x0001, 0x0001, 0x0001, 0x0001, 0x0001, 0x0001, 0x0001, 
0x0001, 0x0001, 0x0001, 0x0001, 0x0001, 0x0001, 0x0001, 0x0003, 
0x0003, 0x0003, 0x0001, 0x0001, 0x0001, 0x0001, 0x0001, 0x0001, 
0x0001, 0x0001, 0x0001, 0x0001, 0x0001, 0x0001, 0x0001, 0x0001, 
0x0001, 0x0001, 0x0001, 0x0001, 0x0001, 0x0003, 0x0003, 0x0003, 
0x0003, 0x0003, 0x0003, 0x0003, 0x0001, 0x0001, 0x0001, 0x0001, 
0x0001, 0x0001, 0x0001, 0x0001, 0x0001, 0x0001, 0x0001, 0x0001, 
0x0001, 0x0001, 0x0001, 0x0001, 0x0001, 0x0001, 0x0001, 0x0001, 
0x0001, 0x0001, 0x0001, 0x0001, 0x0001, 0x0001, 0x0001, 0x0001, 
0x0001, 0x0001, 0x0001, 0x0001, 0x0001, 0x0001, 0x0001, 0x0003, 
0x0003, 0x0001, 0x0001, 0x0001, 0x0001, 0x0001, 0x0001, 0x0001, 
0x0001, 0x0001, 0x0001, 0x0001, 0x0001, 0x0001, 0x0001, 0x0001, 
0x0001, 0x0001, 0x0001, 0x0001, 0x0001, 0x0003, 0x0003, 0x0003, 
0x0003, 0x0003, 0x0003, 0x0000, 0x0000, 0x0000, 0x0000, 0x0000, 
0x0000, 0x0000, 0x0000, 0x0000, 0x0000, 0x0000, 0x0000, 0x0000, 
0x0000, 0x0000, 0x0000, 0x0000, 0x0000, 0x0000, 0x0000, 0x0000, 
0x0000, 0x0000, 0x0000, 0x0000, 0x0000, 0x0000, 0x0000, 0x0000, 
0x0000, 0x0000, 0x0000, 0x0000, 0x0000, 0x0000, 0x0003, 0x0003, 
0x0003, 0x0000, 0x0000, 0x0000, 0x0000, 0x0000, 0x0000, 0x0000, 
0x0000, 0x0000, 0x0000, 0x0000, 0x0000, 0x0000, 0x0000, 0x0000, 
0x0000, 0x0000, 0x0000, 0x0000, 0x0000, 0x0000, 0x0003, 0x0003, 
0x0003, 0x0003, 0x0003, 0x0003, 0x0003, 0x0000, 0x0000, 0x0000, 
0x0000, 0x0000, 0x0000, 0x0000, 0x0000, 0x0000, 0x0003, 0x0003, 
0x0000, 0x0000, 0x0000, 0x0000, 0x0000, 0x0000, 0x0000, 0x0000, 
0x0000, 0x0003, 0x0003, 0x0000, 0x0000, 0x0000, 0x0000, 0x0000, 
0x0000, 0x0000, 0x0000, 0x0000, 0x0000, 0x0000, 0x0000, 0x0000, 
0x0003, 0x0000, 0x0000, 0x0000, 0x0000, 0x0000, 0x0000, 0x0000, 
0x0000, 0x0000, 0x0000, 0x0000, 0x0000, 0x0000, 0x0000, 0x0000, 
0x0000, 0x0000, 0x0000, 0x0000, 0x0000, 0x0000, 0x0003, 0x0003, 
0x0003, 0x0003, 0x0003, 0x0003, 0x0003, 0x0003, 0x0003, 0x0000, 
0x0000, 0x0000, 0x0000, 0x0000, 0x0000, 0x0003, 0x0003, 0x0003, 
0x0003, 0x0003, 0x0000, 0x0000, 0x0000, 0x0000, 0x0000, 0x0003, 
0x0003, 0x0003, 0x0003, 0x0003, 0x0000, 0x0000, 0x0000, 0x0000, 
0x0000, 0x0000, 0x0000, 0x0000, 0x0000, 0x0000, 0x0000, 0x0000, 
0x0000, 0x0000, 0x0000, 0x0000, 0x0000, 0x0000, 0x0000, 0x0000, 
0x0000, 0x0000, 0x0000, 0x0000, 0x0000, 0x0000, 0x0000, 0x0000, 
0x0000, 0x0000, 0x0000, 0x0000, 0x0000, 0x0000, 0x0003, 0x0003, 
0x0003, 0x0003, 0x0003, 0x0003, 0x0003, 0x0003, 0x0003, 0x0000, 
0x0000, 0x0000, 0x0000, 0x0000, 0x0000, 0x0000, 0x0000, 0x0003, 
0x0000, 0x0000, 0x0000, 0x0000, 0x0000, 0x0000, 0x0000, 0x0000, 
0x0000, 0x0000, 0x0000, 0x0000, 0x0000, 0x0000, 0x0000, 0x0000, 
0x0003, 0x0003, 0x0003, 0x0000, 0x0000, 0x0000, 0x0000, 0x0000, 
0x0000, 0x0000, 0x0000, 0x0000, 0x0000, 0x0000, 0x0000, 0x0000, 
0x0000, 0x0000, 0x0000, 0x0000, 0x0000, 0x0000, 0x0000, 0x0000, 
0x0000, 0x0000, 0x0000, 0x0000, 0x0000, 0x0000, 0x0003, 0x0003, 
0x0003, 0x0003, 0x0003, 0x0003, 0x0003, 0x0003, 0x0000, 0x0000, 
0x0000, 0x0000, 0x0000, 0x0000, 0x0000, 0x0000, 0x0000, 0x0000, 
0x0000, 0x0000, 0x0000, 0x0000, 0x0000, 0x0000, 0x0000, 0x0000, 
0x0000, 0x0000, 0x0000, 0x0000, 0x0000, 0x0000, 0x0000, 0x0003, 
0x0003, 0x0003, 0x0003, 0x0000, 0x0000, 0x0000, 0x0000, 0x0000, 
0x0000, 0x0000, 0x0000, 0x0000, 0x0000, 0x0000, 0x0000, 0x0000, 
0x0000, 0x0000, 0x0000, 0x0000, 0x0000, 0x0000, 0x0000, 0x0000, 
0x0000, 0x0000, 0x0000, 0x0000, 0x0000, 0x0000, 0x0003, 0x0003, 
0x0003, 0x0003, 0x0003, 0x0003, 0x0000, 0x0000, 0x0000, 0x0000, 
0x0000, 0x0000, 0x0003, 0x0000, 0x0000, 0x0000, 0x0000, 0x0000, 
0x0000, 0x0000, 0x0000, 0x0000, 0x0000, 0x0003, 0x0000, 0x0000, 
0x0000, 0x0000, 0x0000, 0x0000, 0x0000, 0x0000, 0x0003, 0x0003, 
0x0003, 0x0003, 0x0003, 0x0003, 0x0000, 0x0000, 0x0000, 0x0000, 
0x0000, 0x0003, 0x0003, 0x0003, 0x0003, 0x0000, 0x0000, 0x0000, 
0x0000, 0x0000, 0x0000, 0x0000, 0x0000, 0x0000, 0x0000, 0x0000, 
0x0000, 0x0000, 0x0000, 0x0000, 0x0000, 0x0000, 0x0003, 0x0003, 
0x0003, 0x0003, 0x0003, 0x0000, 0x0000, 0x0000, 0x0000, 0x0000, 
0x0003, 0x0003, 0x0003, 0x0003, 0x0003, 0x0000, 0x0000, 0x0000, 
0x0000, 0x0000, 0x0000, 0x0000, 0x0003, 0x0003, 0x0003, 0x0000, 
0x0000, 0x0000, 0x0000, 0x0000, 0x0000, 0x0000, 0x0003, 0x0003, 
0x0003, 0x0003, 0x0003, 0x0003, 0x0000, 0x0000, 0x0000, 0x0000, 
0x0000, 0x0000, 0x0003, 0x0003, 0x0003, 0x0003, 0x0000, 0x0000, 
0x0000, 0x0000, 0x0000, 0x0000, 0x0000, 0x0000, 0x0000, 0x0000, 
0x0000, 0x0000, 0x0000, 0x0000, 0x0000, 0x0000, 0x0003, 0x0003, 
0x0003, 0x0003, 0x0003, 0x0000, 0x0000, 0x0000, 0x0000, 0x0000, 
0x0003, 0x0003, 0x0003, 0x0003, 0x0003, 0x0003, 0x0000, 0x0000, 
0x0000, 0x0000, 0x0000, 0x0003, 0x0003, 0x0003, 0x0003, 0x0003, 
0x0000, 0x0000, 0x0000, 0x0000, 0x0000, 0x0000, 0x0000, 0x0000, 
0x0003, 0x0003, 0x0000, 0x0000, 0x0000, 0x0000, 0x0000, 0x0000, 
0x0000, 0x0000, 0x0000, 0x0000, 0x0000, 0x0000, 0x0000, 0x0000, 
0x0000, 0x0000, 0x0000, 0x0000, 0x0000, 0x0000, 0x0000, 0x0000, 
0x0000, 0x0000, 0x0000, 0x0000, 0x0000, 0x0000, 0x0003, 0x0003, 
0x0003, 0x0003, 0x0003, 0x0000, 0x0000, 0x0000, 0x0000, 0x0000, 
0x0000, 0x0000, 0x0003, 0x0003, 0x0000, 0x0000, 0x0000, 0x0000, 
0x0000, 0x0000, 0x0000, 0x0000, 0x0003, 0x0003, 0x0000, 0x0000, 
0x0000, 0x0000, 0x0000, 0x0000, 0x0000, 0x0000, 0x0000, 0x0000, 
0x0000, 0x0000, 0x0000, 0x0000, 0x0000, 0x0000, 0x0000, 0x0003, 
0x0000, 0x0000, 0x0000, 0x0000, 0x0000, 0x0000, 0x0000, 0x0000, 
0x0000, 0x0000, 0x0003, 0x0003, 0x0000, 0x0000, 0x0000, 0x0000, 
0x0000, 0x0000, 0x0000, 0x0000, 0x0000, 0x0000, 0x0000, 0x0003, 
0x0003, 0x0003, 0x0003, 0x0000, 0x0000, 0x0000, 0x0000, 0x0000, 
0x0000, 0x0000, 0x0000, 0x0000, 0x0000, 0x0000, 0x0000, 0x0000, 
0x0000, 0x0000, 0x0000, 0x0000, 0x0000, 0x0000, 0x0000, 0x0000, 
0x0000, 0x0000, 0x0000, 0x0000, 0x0000, 0x0000, 0x0000, 0x0000, 
0x0000, 0x0000, 0x0000, 0x0000, 0x0000, 0x0003, 0x0003, 0x0003, 
0x0003, 0x0003, 0x0000, 0x0000, 0x0000, 0x0000, 0x0000, 0x0003, 
0x0003, 0x0003, 0x0003, 0x0003, 0x0003, 0x0000, 0x0000, 0x0000, 
0x0000, 0x0000, 0x0000, 0x0000, 0x0000, 0x0000, 0x0000, 0x0003, 
0x0003, 0x0003, 0x0003, 0x0000, 0x0000, 0x0000, 0x0000, 0x0000, 
0x0000, 0x0000, 0x0000, 0x0000, 0x0000, 0x0000, 0x0000, 0x0000, 
0x0000, 0x0000, 0x0000, 0x0000, 0x0000, 0x0000, 0x0000, 0x0000, 
0x0000, 0x0000, 0x0000, 0x0000, 0x0003, 0x0003, 0x0000, 0x0000, 
0x0000, 0x0000, 0x0000, 0x0000, 0x0000, 0x0000, 0x0003, 0x0000, 
0x0000, 0x0000, 0x0000, 0x0000, 0x0000, 0x0000, 0x0000, 0x0000, 
0x0000, 0x0003, 0x0000, 0x0000, 0x0000, 0x0000, 0x0000, 0x0000, 
0x0000, 0x0003, 0x0003, 0x0003, 0x0000, 0x0000, 0x0000, 0x0003, 
0x0003, 0x0003, 0x0003, 0x0000, 0x0000, 0x0000, 0x0000, 0x0000, 
0x0000, 0x0000, 0x0000, 0x0000, 0x0003, 0x0003, 0x0003, 0x0003, 
0x0000, 0x0000, 0x0000, 0x0000, 0x0000, 0x0000, 0x0000, 0x0000, 
0x0000, 0x0000, 0x0003, 0x0003, 0x0003, 0x0003, 0x0003, 0x0003, 
0x0000, 0x0000, 0x0000, 0x0000, 0x0000, 0x0000, 0x0000, 0x0000, 
0x0000, 0x0000, 0x0000, 0x0000, 0x0000, 0x0000, 0x0000, 0x0000, 
0x0000, 0x0000, 0x0000, 0x0000, 0x0000, 0x0000, 0x0000, 0x0000, 
0x0003, 0x0003, 0x0003, 0x0003, 0x0003, 0x0000, 0x0000, 0x0003, 
0x0003, 0x0003, 0x0003, 0x0000, 0x0000, 0x0000, 0x0000, 0x0000, 
0x0000, 0x0000, 0x0000, 0x0003, 0x0003, 0x0003, 0x0003, 0x0003, 
0x0003, 0x0003, 0x0000, 0x0000, 0x0000, 0x0000, 0x0000, 0x0000, 
0x0003, 0x0003, 0x0003, 0x0003, 0x0003, 0x0003, 0x0003, 0x0003, 
0x0003, 0x0003, 0x0000, 0x0000, 0x0000, 0x0000, 0x0000, 0x0000, 
0x0000, 0x0000, 0x0000, 0x0000, 0x0000, 0x0000, 0x0000, 0x0000, 
0x0000, 0x0000, 0x0000, 0x0000, 0x0000, 0x0000, 0x0000, 0x0000, 
0x0000, 0x0000, 0x0003, 0x0003, 0x0000, 0x0000, 0x0000, 0x0003, 
0x0003, 0x0003, 0x0003, 0x0000, 0x0000, 0x0000, 0x0000, 0x0000, 
0x0000, 0x0000, 0x0000, 0x0000, 0x0000, 0x0000, 0x0003, 0x0003, 
0x0000, 0x0000, 0x0000, 0x0000, 0x0000, 0x0000, 0x0000, 0x0000, 
0x0000, 0x0003, 0x0003, 0x0003, 0x0003, 0x0000, 0x0000, 0x0003, 
0x0003, 0x0000, 0x0000, 0x0000, 0x0000, 0x0000, 0x0000, 0x0000, 
0x0000, 0x0000, 0x0000, 0x0000, 0x0000, 0x0000, 0x0000, 0x0000, 
0x0000, 0x0000, 0x0000, 0x0000, 0x0000, 0x0000, 0x0000, 0x0000, 
0x0000, 0x0000, 0x0000, 0x0000, 0x0000, 0x0000, 0x0000, 0x0003, 
0x0003, 0x0003, 0x0000, 0x0000, 0x0000, 0x0000, 0x0000, 0x0000, 
0x0000, 0x0000, 0x0000, 0x0000, 0x0000, 0x0000, 0x0000, 0x0000, 
0x0000, 0x0000, 0x0000, 0x0000, 0x0000, 0x0000, 0x0000, 0x0000, 
0x0000, 0x0000, 0x0000, 0x0000, 0x0000, 0x0000, 0x0000, 0x0000, 
0x0000, 0x0000, 0x0000, 0x0000, 0x0000, 0x0000, 0x0000, 0x0003, 
0x0000, 0x0000, 0x0000, 0x0000, 0x0000, 0x0000, 0x0000, 0x0000, 
0x0000, 0x0000, 0x0000, 0x0000, 0x0000, 0x0000, 0x0000, 0x0000, 
0x0000, 0x0000, 0x0000, 0x0000, 0x0000, 0x0000, 0x0003, 0x0003, 
0x0003, 0x0003, 0x0000, 0x0000, 0x0000, 0x0000, 0x0000, 0x0000, 
0x0000, 0x0000, 0x0000, 0x0000, 0x0000, 0x0000, 0x0000, 0x0000, 
0x0000, 0x0000, 0x0000, 0x0000, 0x0000, 0x0000, 0x0000, 0x0000, 
0x0000, 0x0000, 0x0000, 0x0000, 0x0000, 0x0000, 0x0000, 0x0000, 
0x0000, 0x0000, 0x0000, 0x0000, 0x0000, 0x0003, 0x0003, 0x0003, 
0x0003, 0x0000, 0x0000, 0x0000, 0x0000, 0x0000, 0x0000, 0x0000, 
0x0000, 0x0000, 0x0000, 0x0000, 0x0000, 0x0000, 0x0000, 0x0000, 
0x0000, 0x0000, 0x0000, 0x0000, 0x0000, 0x0000, 0x0003, 0x0003, 
0x0003, 0x0003, 0x0000, 0x0000, 0x0000, 0x0000, 0x0000, 0x0000, 
0x0000, 0x0000, 0x0000, 0x0000, 0x0000, 0x0000, 0x0000, 0x0000, 
0x0000, 0x0000, 0x0000, 0x0000, 0x0000, 0x0000, 0x0000, 0x0000, 
0x0000, 0x0000, 0x0000, 0x0000, 0x0000, 0x0000, 0x0000, 0x0000, 
0x0000, 0x0000, 0x0000, 0x0000, 0x0000, 0x0003, 0x0003, 0x0003, 
0x0003, 0x0003, 0x0000, 0x0000, 0x0000, 0x0000, 0x0000, 0x0000, 
0x0000, 0x0000, 0x0000, 0x0000, 0x0000, 0x0000, 0x0000, 0x0000, 
0x0000, 0x0000, 0x0000, 0x0000, 0x0000, 0x0000, 0x0003, 0x0003, 
0x0003, 0x0003, 0x0003, 0x0000, 0x0000, 0x0000, 0x0000, 0x0000, 
0x0000, 0x0000, 0x0000, 0x0000, 0x0000, 0x0000, 0x0000, 0x0000, 
0x0000, 0x0000, 0x0000, 0x0000, 0x0000, 0x0000, 0x0000, 0x0000, 
0x0000, 0x0000, 0x0000, 0x0000, 0x0000, 0x0000, 0x0000, 0x0000, 
0x0000, 0x0000, 0x0000, 0x0000, 0x0000, 0x0000, 0x0003, 0x0000, 
0x0000, 0x0000, 0x0000, 0x0000, 0x0000, 0x0000, 0x0000, 0x0000, 
0x0000, 0x0000, 0x0000, 0x0000, 0x0000, 0x0000, 0x0000, 0x0000, 
0x0000, 0x0003, 0x0003, 0x0000, 0x0000, 0x0000, 0x0003, 0x0003, 
0x0003, 0x0003, 0x0003, 0x0000, 0x0000, 0x0000, 0x0000, 0x0000, 
0x0000, 0x0000, 0x0000, 0x0000, 0x0000, 0x0000, 0x0000, 0x0000, 
0x0003, 0x0003, 0x0003, 0x0000, 0x0000, 0x0000, 0x0000, 0x0000, 
0x0000, 0x0000, 0x0000, 0x0000, 0x0000, 0x0000, 0x0000, 0x0000, 
0x0000, 0x0003, 0x0000, 0x0000, 0x0000, 0x0000, 0x0000, 0x0000, 
0x0000, 0x0000, 0x0000, 0x0000, 0x0000, 0x0000, 0x0000, 0x0000, 
0x0000, 0x0000, 0x0000, 0x0000, 0x0000, 0x0000, 0x0000, 0x0003, 
0x0003, 0x0003, 0x0003, 0x0003, 0x0003, 0x0000, 0x0003, 0x0003, 
0x0003, 0x0003, 0x0003, 0x0000, 0x0000, 0x0000, 0x0000, 0x0000, 
0x0000, 0x0000, 0x0000, 0x0000, 0x0000, 0x0000, 0x0000, 0x0003, 
0x0003, 0x0003, 0x0003, 0x0003, 0x0003, 0x0000, 0x0000, 0x0000, 
0x0000, 0x0000, 0x0000, 0x0000, 0x0000, 0x0000, 0x0000, 0x0000, 
0x0000, 0x0000, 0x0000, 0x0000, 0x0000, 0x0000, 0x0000, 0x0000, 
0x0000, 0x0000, 0x0000, 0x0000, 0x0000, 0x0000, 0x0000, 0x0000, 
0x0000, 0x0003, 0x0000, 0x0000, 0x0000, 0x0000, 0x0000, 0x0000, 
0x0003, 0x0003, 0x0003, 0x0000, 0x0000, 0x0000, 0x0003, 0x0003, 
0x0003, 0x0003, 0x0003, 0x0000, 0x0000, 0x0000, 0x0000, 0x0000, 
0x0003, 0x0000, 0x0000, 0x0000, 0x0000, 0x0000, 0x0000, 0x0000, 
0x0003, 0x0003, 0x0003, 0x0003, 0x0000, 0x0000, 0x0000, 0x0000, 
0x0000, 0x0000, 0x0000, 0x0000, 0x0000, 0x0000, 0x0000, 0x0000, 
0x0000, 0x0000, 0x0000, 0x0000, 0x0000, 0x0000, 0x0000, 0x0000, 
0x0000, 0x0000, 0x0000, 0x0000, 0x0000, 0x0000, 0x0000, 0x0000, 
0x0003, 0x0003, 0x0003, 0x0000, 0x0000, 0x0000, 0x0000, 0x0000, 
0x0000, 0x0000, 0x0000, 0x0000, 0x0000, 0x0000, 0x0003, 0x0003, 
0x0003, 0x0003, 0x0003, 0x0000, 0x0000, 0x0000, 0x0000, 0x0003, 
0x0003, 0x0003, 0x0003, 0x0003, 0x0000, 0x0000, 0x0000, 0x0000, 
0x0000, 0x0000, 0x0000, 0x0000, 0x0000, 0x0000, 0x0000, 0x0000, 
0x0000, 0x0000, 0x0000, 0x0000, 0x0003, 0x0003, 0x0000, 0x0000, 
0x0000, 0x0000, 0x0000, 0x0000, 0x0000, 0x0000, 0x0000, 0x0000, 
0x0000, 0x0000, 0x0000, 0x0000, 0x0000, 0x0000, 0x0003, 0x0003, 
0x0003, 0x0003, 0x0003, 0x0000, 0x0000, 0x0000, 0x0000, 0x0000, 
0x0000, 0x0000, 0x0000, 0x0000, 0x0000, 0x0000, 0x0003, 0x0003, 
0x0003, 0x0003, 0x0003, 0x0000, 0x0000, 0x0000, 0x0000, 0x0000, 
0x0003, 0x0003, 0x0003, 0x0003, 0x0003, 0x0000, 0x0000, 0x0000, 
0x0000, 0x0000, 0x0000, 0x0000, 0x0000, 0x0000, 0x0000, 0x0000, 
0x0000, 0x0000, 0x0003, 0x0003, 0x0003, 0x0003, 0x0003, 0x0003, 
0x0000, 0x0000, 0x0000, 0x0000, 0x0000, 0x0000, 0x0000, 0x0000, 
0x0000, 0x0000, 0x0000, 0x0000, 0x0000, 0x0003, 0x0003, 0x0003, 
0x0003, 0x0003, 0x0003, 0x0003, 0x0000, 0x0000, 0x0000, 0x0000, 
0x0000, 0x0000, 0x0000, 0x0000, 0x0000, 0x0000, 0x0000, 0x0003, 
0x0003, 0x0003, 0x0000, 0x0000, 0x0000, 0x0000, 0x0000, 0x0000, 
0x0000, 0x0003, 0x0003, 0x0000, 0x0000, 0x0000, 0x0000, 0x0000, 
0x0000, 0x0000, 0x0000, 0x0000, 0x0000, 0x0000, 0x0000, 0x0000, 
0x0003, 0x0003, 0x0003, 0x0003, 0x0003, 0x0003, 0x0003, 0x0003, 
0x0003, 0x0003, 0x0000, 0x0000, 0x0000, 0x0000, 0x0000, 0x0000, 
0x0000, 0x0000, 0x0000, 0x0000, 0x0000, 0x0000, 0x0000, 0x0000, 
0x0003, 0x0003, 0x0000, 0x0000, 0x0000, 0x0000, 0x0000, 0x0000, 
0x0000, 0x0000, 0x0000, 0x0000, 0x0000, 0x0000, 0x0000, 0x0003, 
0x0003, 0x0003, 0x0000, 0x0000, 0x0000, 0x0000, 0x0000, 0x0000, 
0x0000, 0x0000, 0x0000, 0x0000, 0x0000, 0x0000, 0x0000, 0x0000, 
0x0000, 0x0000, 0x0000, 0x0000, 0x0000, 0x0000, 0x0000, 0x0000, 
0x0000, 0x0003, 0x0003, 0x0003, 0x0000, 0x0000, 0x0003, 0x0003, 
0x0003, 0x0003, 0x0003, 0x0000, 0x0000, 0x0000, 0x0000, 0x0000, 
0x0000, 0x0000, 0x0000, 0x0000, 0x0000, 0x0000, 0x0000, 0x0000, 
0x0000, 0x0000, 0x0000, 0x0000, 0x0000, 0x0000, 0x0000, 0x0000, 
0x0000, 0x0000, 0x0000, 0x0000, 0x0000, 0x0000, 0x0000, 0x0003, 
0x0003, 0x0003, 0x0000, 0x0000, 0x0000, 0x0000, 0x0000, 0x0000, 
0x0000, 0x0000, 0x0000, 0x0000, 0x0000, 0x0000, 0x0000, 0x0000, 
0x0000, 0x0000, 0x0000, 0x0000, 0x0000, 0x0000, 0x0000, 0x0000, 
0x0000, 0x0000, 0x0000, 0x0000, 0x0000, 0x0000, 0x0000, 0x0000, 
0x0000, 0x0000, 0x0000, 0x0000, 0x0000, 0x0000, 0x0000, 0x0000, 
0x0000, 0x0000, 0x0000, 0x0000, 0x0000, 0x0000, 0x0000, 0x0000, 
0x0000, 0x0000, 0x0000, 0x0000, 0x0000, 0x0000, 0x0003, 0x0003, 
0x0003, 0x0000, 0x0000, 0x0000, 0x0000, 0x0000, 0x0000, 0x0003, 
0x0003, 0x0003, 0x0000, 0x0000, 0x0000, 0x0000, 0x0000, 0x0000, 
0x0000, 0x0000, 0x0000, 0x0000, 0x0000, 0x0000, 0x0000, 0x0000, 
0x0000, 0x0000, 0x0000, 0x0000, 0x0000, 0x0000, 0x0000, 0x0000, 
0x0000, 0x0000, 0x0000, 0x0000, 0x0000, 0x0000, 0x0000, 0x0000, 
0x0000, 0x0000, 0x0000, 0x0000, 0x0000, 0x0000, 0x0000, 0x0000, 
0x0000, 0x0003, 0x0003, 0x0000, 0x0000, 0x0003, 0x0003, 0x0000, 
0x0000, 0x0000, 0x0000, 0x0000, 0x0003, 0x0003, 0x0003, 0x0003, 
0x0003, 0x0003, 0x0000, 0x0000, 0x0000, 0x0000, 0x0000, 0x0003, 
0x0003, 0x0003, 0x0000, 0x0000, 0x0000, 0x0000, 0x0000, 0x0000, 
0x0000, 0x0000, 0x0000, 0x0000, 0x0000, 0x0000, 0x0000, 0x0000, 
0x0000, 0x0000, 0x0000, 0x0000, 0x0000, 0x0000, 0x0000, 0x0000, 
0x0000, 0x0000, 0x0000, 0x0000, 0x0000, 0x0000, 0x0000, 0x0000, 
0x0000, 0x0000, 0x0000, 0x0000, 0x0000, 0x0000, 0x0000, 0x0000, 
0x0003, 0x0003, 0x0003, 0x0003, 0x0003, 0x0003, 0x0003, 0x0003, 
0x0000, 0x0000, 0x0000, 0x0000, 0x0000, 0x0003, 0x0003, 0x0003, 
0x0000, 0x0000, 0x0000, 0x0000, 0x0000, 0x0000, 0x0000, 0x0003, 
0x0003, 0x0003, 0x0000, 0x0000, 0x0000, 0x0000, 0x0000, 0x0000, 
0x0000, 0x0000, 0x0000, 0x0000, 0x0000, 0x0003, 0x0003, 0x0003, 
0x0003, 0x0000, 0x0000, 0x0000, 0x0000, 0x0000, 0x0000, 0x0000, 
0x0000, 0x0000, 0x0000, 0x0000, 0x0000, 0x0000, 0x0000, 0x0000, 
0x0000, 0x0000, 0x0000, 0x0000, 0x0000, 0x0000, 0x0000, 0x0000, 
0x0000, 0x0000, 0x0000, 0x0003, 0x0003, 0x0003, 0x0000, 0x0000, 
0x0000, 0x0000, 0x0000, 0x0000, 0x0000, 0x0000, 0x0000, 0x0000, 
0x0000, 0x0000, 0x0000, 0x0000, 0x0000, 0x0000, 0x0003, 0x0003, 
0x0003, 0x0003, 0x0000, 0x0000, 0x0000, 0x0000, 0x0000, 0x0000, 
0x0000, 0x0000, 0x0000, 0x0000, 0x0003, 0x0003, 0x0003, 0x0003, 
0x0003, 0x0003, 0x0000, 0x0000, 0x0000, 0x0000, 0x0000, 0x0000, 
0x0000, 0x0000, 0x0000, 0x0000, 0x0000, 0x0000, 0x0000, 0x0003, 
0x0003, 0x0003, 0x0003, 0x0000, 0x0000, 0x0000, 0x0000, 0x0000, 
0x0000, 0x0000, 0x0000, 0x0000, 0x0000, 0x0000, 0x0000, 0x0000, 
0x0000, 0x0000, 0x0000, 0x0000, 0x0000, 0x0000, 0x0000, 0x0000, 
0x0000, 0x0000, 0x0000, 0x0000, 0x0000, 0x0000, 0x0003, 0x0003, 
0x0003, 0x0003, 0x0000, 0x0000, 0x0000, 0x0000, 0x0000, 0x0000, 
0x0000, 0x0000, 0x0000, 0x0000, 0x0000, 0x0003, 0x0003, 0x0003, 
0x0000, 0x0000, 0x0000, 0x0000, 0x0000, 0x0000, 0x0000, 0x0000, 
0x0000, 0x0000, 0x0000, 0x0000, 0x0000, 0x0000, 0x0003, 0x0003, 
0x0003, 0x0003, 0x0003, 0x0003, 0x0000, 0x0000, 0x0000, 0x0000, 
0x0000, 0x0000, 0x0000, 0x0000, 0x0000, 0x0000, 0x0000, 0x0000, 
0x0000, 0x0000, 0x0000, 0x0000, 0x0000, 0x0000, 0x0000, 0x0000, 
0x0000, 0x0000, 0x0000, 0x0000, 0x0000, 0x0000, 0x0003, 0x0003, 
0x0003, 0x0003, 0x0000, 0x0000, 0x0000, 0x0000, 0x0000, 0x0000, 
0x0000, 0x0000, 0x0000, 0x0000, 0x0000, 0x0000, 0x0000, 0x0000, 
0x0000, 0x0000, 0x0000, 0x0000, 0x0000, 0x0000, 0x0000, 0x0000, 
0x0000, 0x0000, 0x0000, 0x0000, 0x0000, 0x0000, 0x0000, 0x0000, 
0x0003, 0x0000, 0x0000, 0x0000, 0x0000, 0x0000, 0x0000, 0x0000, 
0x0000, 0x0000, 0x0000, 0x0000, 0x0000, 0x0000, 0x0000, 0x0000, 
0x0000, 0x0000, 0x0000, 0x0000, 0x0000, 0x0000, 0x0000, 0x0000, 
0x0000, 0x0000, 0x0000, 0x0000, 0x0000, 0x0000, 0x0003, 0x0003, 
0x0003, 0x0003, 0x0003, 0x0000, 0x0000, 0x0000, 0x0000, 0x0000, 
0x0000, 0x0000, 0x0000, 0x0000, 0x0000, 0x0000, 0x0000, 0x0000, 
0x0000, 0x0000, 0x0000, 0x0000, 0x0000, 0x0000, 0x0003, 0x0003, 
0x0000, 0x0000, 0x0000, 0x0000, 0x0000, 0x0000, 0x0000, 0x0000, 
0x0000, 0x0000, 0x0000, 0x0000, 0x0000, 0x0000, 0x0000, 0x0003, 
0x0000, 0x0000, 0x0000, 0x0000, 0x0000, 0x0000, 0x0000, 0x0000, 
0x0000, 0x0000, 0x0000, 0x0000, 0x0003, 0x0003, 0x0003, 0x0000, 
0x0000, 0x0000, 0x0000, 0x0000, 0x0000, 0x0003, 0x0003, 0x0003, 
0x0003, 0x0003, 0x0003, 0x0000, 0x0000, 0x0000, 0x0000, 0x0000, 
0x0003, 0x0003, 0x0000, 0x0000, 0x0000, 0x0000, 0x0000, 0x0000, 
0x0000, 0x0000, 0x0000, 0x0000, 0x0003, 0x0003, 0x0003, 0x0003, 
0x0003, 0x0003, 0x0000, 0x0000, 0x0000, 0x0000, 0x0000, 0x0000, 
0x0000, 0x0000, 0x0000, 0x0000, 0x0000, 0x0003, 0x0003, 0x0003, 
0x0003, 0x0000, 0x0000, 0x0000, 0x0000, 0x0000, 0x0000, 0x0000, 
0x0000, 0x0000, 0x0000, 0x0003, 0x0003, 0x0003, 0x0003, 0x0003, 
0x0000, 0x0000, 0x0000, 0x0000, 0x0000, 0x0003, 0x0003, 0x0003, 
0x0003, 0x0003, 0x0003, 0x0000, 0x0000, 0x0000, 0x0000, 0x0003, 
0x0003, 0x0003, 0x0003, 0x0000, 0x0000, 0x0000, 0x0000, 0x0000, 
0x0000, 0x0000, 0x0000, 0x0000, 0x0000, 0x0000, 0x0003, 0x0003, 
0x0003, 0x0000, 0x0000, 0x0000, 0x0000, 0x0000, 0x0000, 0x0000, 
0x0000, 0x0000, 0x0000, 0x0000, 0x0003, 0x0003, 0x0003, 0x0003, 
0x0003, 0x0003, 0x0000, 0x0000, 0x0000, 0x0000, 0x0000, 0x0000, 
0x0000, 0x0000, 0x0000, 0x0000, 0x0003, 0x0003, 0x0000, 0x0000, 
0x0000, 0x0000, 0x0000, 0x0000, 0x0000, 0x0003, 0x0003, 0x0003, 
0x0003, 0x0003, 0x0003, 0x0000, 0x0000, 0x0000, 0x0000, 0x0000, 
0x0003, 0x0000, 0x0000, 0x0000, 0x0000, 0x0000, 0x0000, 0x0000, 
0x0000, 0x0000, 0x0000, 0x0000, 0x0000, 0x0000, 0x0000, 0x0000, 
0x0000, 0x0000, 0x0000, 0x0000, 0x0000, 0x0000, 0x0000, 0x0000, 
0x0000, 0x0000, 0x0000, 0x0000, 0x0000, 0x0000, 0x0003, 0x0000, 
0x0000, 0x0000, 0x0000, 0x0000, 0x0000, 0x0000, 0x0000, 0x0000, 
0x0000, 0x0000, 0x0000, 0x0000, 0x0000, 0x0000, 0x0000, 0x0000, 
0x0000, 0x0000, 0x0000, 0x0000, 0x0000, 0x0000, 0x0003, 0x0003, 
0x0003, 0x0003, 0x0003, 0x0000, 0x0000, 0x0000, 0x0000, 0x0000, 
0x0000, 0x0000, 0x0000, 0x0000, 0x0000, 0x0000, 0x0000, 0x0000, 
0x0000, 0x0000, 0x0000, 0x0000, 0x0000, 0x0000, 0x0000, 0x0000, 
0x0000, 0x0000, 0x0000, 0x0000, 0x0000, 0x0003, 0x0003, 0x0003, 
0x0003, 0x0000, 0x0000, 0x0000, 0x0000, 0x0000, 0x0000, 0x0000, 
0x0000, 0x0000, 0x0000, 0x0000, 0x0000, 0x0000, 0x0000, 0x0000, 
0x0000, 0x0000, 0x0000, 0x0000, 0x0000, 0x0000, 0x0000, 0x0000, 
0x0000, 0x0000, 0x0000, 0x0000, 0x0000, 0x0003, 0x0003, 0x0003, 
0x0003, 0x0003, 0x0003, 0x0000, 0x0000, 0x0000, 0x0000, 0x0000, 
0x0000, 0x0000, 0x0000, 0x0000, 0x0000, 0x0000, 0x0000, 0x0000, 
0x0000, 0x0000, 0x0000, 0x0000, 0x0000, 0x0000, 0x0000, 0x0000, 
0x0000, 0x0000, 0x0000, 0x0000, 0x0003, 0x0003, 0x0003, 0x0003, 
0x0003, 0x0003, 0x0000, 0x0000, 0x0000, 0x0000, 0x0000, 0x0000, 
0x0000, 0x0000, 0x0000, 0x0000, 0x0000, 0x0000, 0x0000, 0x0000, 
0x0000, 0x0000, 0x0000, 0x0000, 0x0000, 0x0000, 0x0000, 0x0000, 
0x0000, 0x0000, 0x0000, 0x0000, 0x0000, 0x0000, 0x0000, 0x0003, 
0x0003, 0x0003, 0x0000, 0x0000, 0x0000, 0x0000, 0x0000, 0x0000, 
0x0000, 0x0000, 0x0000, 0x0000, 0x0000, 0x0000, 0x0000, 0x0000, 
0x0000, 0x0000, 0x0000, 0x0000, 0x0003, 0x0003, 0x0003, 0x0000, 
0x0000, 0x0000, 0x0000, 0x0000, 0x0000, 0x0003, 0x0003, 0x0003, 
0x0000, 0x0000, 0x0000, 0x0000, 0x0000, 0x0000, 0x0003, 0x0000, 
0x0000, 0x0000, 0x0000, 0x0000, 0x0000, 0x0000, 0x0000, 0x0000, 
0x0000, 0x0000, 0x0000, 0x0000, 0x0000, 0x0000, 0x0000, 0x0000, 
0x0000, 0x0000, 0x0000, 0x0000, 0x0000, 0x0000, 0x0000, 0x0003, 
0x0003, 0x0003, 0x0000, 0x0000, 0x0000, 0x0000, 0x0000, 0x0000, 
0x0000, 0x0000, 0x0000, 0x0000, 0x0000, 0x0000, 0x0000, 0x0000, 
0x0000, 0x0000, 0x0000, 0x0003, 0x0003, 0x0003, 0x0003, 0x0000, 
0x0000, 0x0000, 0x0000, 0x0000, 0x0000, 0x0000, 0x0000, 0x0000, 
0x0000, 0x0000, 0x0000, 0x0000, 0x0000, 0x0003, 0x0003, 0x0003, 
0x0003, 0x0000, 0x0000, 0x0000, 0x0000, 0x0000, 0x0000, 0x0000, 
0x0000, 0x0003, 0x0003, 0x0000, 0x0000, 0x0000, 0x0000, 0x0000, 
0x0000, 0x0000, 0x0000, 0x0000, 0x0000, 0x0000, 0x0000, 0x0003, 
0x0003, 0x0003, 0x0000, 0x0000, 0x0000, 0x0000, 0x0000, 0x0000, 
0x0000, 0x0000, 0x0000, 0x0000, 0x0000, 0x0000, 0x0000, 0x0000, 
0x0000, 0x0000, 0x0000, 0x0000, 0x0003, 0x0003, 0x0000, 0x0000, 
0x0000, 0x0000, 0x0000, 0x0000, 0x0000, 0x0000, 0x0000, 0x0000, 
0x0000, 0x0000, 0x0000, 0x0000, 0x0003, 0x0003, 0x0003, 0x0003, 
0x0003, 0x0000, 0x0000, 0x0000, 0x0000, 0x0000, 0x0000, 0x0003, 
0x0003, 0x0003, 0x0003, 0x0000, 0x0000, 0x0000, 0x0000, 0x0000, 
0x0000, 0x0000, 0x0000, 0x0000, 0x0000, 0x0000, 0x0000, 0x0003, 
0x0003, 0x0003, 0x0000, 0x0000, 0x0000, 0x0000, 0x0000, 0x0000, 
0x0000, 0x0000, 0x0000, 0x0000, 0x0003, 0x0003, 0x0000, 0x0000, 
0x0000, 0x0000, 0x0000, 0x0000, 0x0000, 0x0000, 0x0000, 0x0000, 
0x0000, 0x0000, 0x0000, 0x0003, 0x0003, 0x0000, 0x0000, 0x0000, 
0x0000, 0x0000, 0x0000, 0x0000, 0x0003, 0x0003, 0x0003, 0x0000, 
0x0000, 0x0000, 0x0000, 0x0000, 0x0000, 0x0000, 0x0000, 0x0003, 
0x0003, 0x0000, 0x0000, 0x0000, 0x0000, 0x0000, 0x0000, 0x0000, 
0x0003, 0x0000, 0x0000, 0x0000, 0x0000, 0x0000, 0x0000, 0x0003, 
0x0003, 0x0003, 0x0000, 0x0000, 0x0000, 0x0000, 0x0000, 0x0000, 
0x0000, 0x0000, 0x0000, 0x0003, 0x0003, 0x0003, 0x0003, 0x0000, 
0x0000, 0x0000, 0x0000, 0x0000, 0x0000, 0x0000, 0x0000, 0x0000, 
0x0000, 0x0003, 0x0003, 0x0003, 0x0003, 0x0003, 0x0000, 0x0000, 
0x0000, 0x0000, 0x0000, 0x0000, 0x0000, 0x0000, 0x0000, 0x0000, 
0x0000, 0x0000, 0x0000, 0x0000, 0x0000, 0x0000, 0x0000, 0x0000, 
0x0000, 0x0000, 0x0000, 0x0000, 0x0000, 0x0000, 0x0003, 0x0003, 
0x0003, 0x0003, 0x0000, 0x0000, 0x0000, 0x0000, 0x0000, 0x0003, 
0x0003, 0x0003, 0x0000, 0x0000, 0x0000, 0x0000, 0x0000, 0x0000, 
0x0000, 0x0000, 0x0000, 0x0003, 0x0003, 0x0003, 0x0003, 0x0003, 
0x0000, 0x0000, 0x0000, 0x0000, 0x0000, 0x0000, 0x0000, 0x0000, 
0x0000, 0x0000, 0x0003, 0x0003, 0x0003, 0x0000, 0x0000, 0x0000, 
0x0000, 0x0000, 0x0000, 0x0000, 0x0000, 0x0000, 0x0000, 0x0000, 
0x0000, 0x0000, 0x0000, 0x0000, 0x0000, 0x0003, 0x0003, 0x0003, 
0x0000, 0x0000, 0x0000, 0x0000, 0x0000, 0x0003, 0x0003, 0x0003, 
0x0003, 0x0003, 0x0000, 0x0000, 0x0000, 0x0000, 0x0000, 0x0003, 
0x0003, 0x0003, 0x0000, 0x0000, 0x0000, 0x0000, 0x0000, 0x0000, 
0x0000, 0x0000, 0x0000, 0x0000, 0x0003, 0x0003, 0x0003, 0x0000, 
0x0000, 0x0000, 0x0000, 0x0000, 0x0000, 0x0000, 0x0000, 0x0000, 
0x0000, 0x0000, 0x0000, 0x0000, 0x0000, 0x0000, 0x0000, 0x0000, 
0x0000, 0x0000, 0x0000, 0x0000, 0x0000, 0x0000, 0x0000, 0x0000, 
0x0000, 0x0000, 0x0000, 0x0000, 0x0003, 0x0003, 0x0003, 0x0003, 
0x0000, 0x0000, 0x0000, 0x0000, 0x0000, 0x0000, 0x0003, 0x0003, 
0x0000, 0x0000, 0x0000, 0x0000, 0x0003, 0x0000, 0x0000, 0x0003, 
0x0003, 0x0003, 0x0000, 0x0000, 0x0000, 0x0000, 0x0000, 0x0003, 
0x0000, 0x0000, 0x0000, 0x0000, 0x0000, 0x0000, 0x0000, 0x0000, 
0x0000, 0x0000, 0x0000, 0x0000, 0x0000, 0x0000, 0x0000, 0x0000, 
0x0000, 0x0000, 0x0000, 0x0000, 0x0000, 0x0000, 0x0000, 0x0000, 
0x0000, 0x0000, 0x0000, 0x0000, 0x0000, 0x0000, 0x0000, 0x0000, 
0x0000, 0x0000, 0x0000, 0x0000, 0x0003, 0x0003, 0x0003, 0x0000, 
0x0000, 0x0000, 0x0000, 0x0000, 0x0000, 0x0000, 0x0000, 0x0000, 
0x0000, 0x0000, 0x0003, 0x0000, 0x0003, 0x0000, 0x0003, 0x0003, 
0x0003, 0x0003, 0x0000, 0x0000, 0x0000, 0x0003, 0x0003, 0x0003, 
0x0000, 0x0000, 0x0000, 0x0000, 0x0000, 0x0000, 0x0000, 0x0000, 
0x0000, 0x0000, 0x0000, 0x0000, 0x0000, 0x0000, 0x0000, 0x0000, 
0x0000, 0x0000, 0x0000, 0x0000, 0x0000, 0x0000, 0x0000, 0x0000, 
0x0000, 0x0000, 0x0000, 0x0000, 0x0000, 0x0000, 0x0000, 0x0000, 
0x0003, 0x0003, 0x0000, 0x0000, 0x0000, 0x0000, 0x0000, 0x0000, 
0x0000, 0x0000, 0x0000, 0x0000, 0x0000, 0x0000, 0x0000, 0x0000, 
0x0000, 0x0000, 0x0003, 0x0003, 0x0003, 0x0003, 0x0003, 0x0003, 
0x0003, 0x0003, 0x0000, 0x0000, 0x0003, 0x0003, 0x0003, 0x0003, 
0x0003, 0x0000, 0x0000, 0x0000, 0x0000, 0x0000, 0x0000, 0x0000, 
0x0000, 0x0000, 0x0000, 0x0003, 0x0003, 0x0003, 0x0000, 0x0000, 
0x0000, 0x0000, 0x0000, 0x0000, 0x0000, 0x0000, 0x0000, 0x0003, 
0x0003, 0x0000, 0x0000, 0x0000, 0x0000, 0x0000, 0x0003, 0x0003, 
0x0003, 0x0003, 0x0000, 0x0000, 0x0000, 0x0000, 0x0000, 0x0000, 
0x0000, 0x0000, 0x0003, 0x0003, 0x0003, 0x0003, 0x0000, 0x0000, 
0x0000, 0x0000, 0x0003, 0x0003, 0x0003, 0x0003, 0x0003, 0x0003, 
0x0003, 0x0003, 0x0000, 0x0000, 0x0000, 0x0003, 0x0000, 0x0000, 
0x0000, 0x0000, 0x0000, 0x0000, 0x0000, 0x0000, 0x0000, 0x0000, 
0x0000, 0x0000, 0x0003, 0x0003, 0x0003, 0x0003, 0x0000, 0x0000, 
0x0000, 0x0000, 0x0003, 0x0000, 0x0000, 0x0000, 0x0000, 0x0003, 
0x0003, 0x0003, 0x0003, 0x0003, 0x0000, 0x0000, 0x0000, 0x0003, 
0x0003, 0x0003, 0x0003, 0x0000, 0x0000, 0x0000, 0x0000, 0x0000, 
0x0000, 0x0003, 0x0003, 0x0003, 0x0003, 0x0003, 0x0000, 0x0000, 
0x0000, 0x0000, 0x0003, 0x0003, 0x0003, 0x0003, 0x0003, 0x0003, 
0x0003, 0x0003, 0x0003, 0x0000, 0x0000, 0x0000, 0x0000, 0x0000, 
0x0000, 0x0000, 0x0003, 0x0003, 0x0000, 0x0000, 0x0000, 0x0000, 
0x0000, 0x0000, 0x0000, 0x0003, 0x0003, 0x0000, 0x0000, 0x0000, 
0x0000, 0x0000, 0x0000, 0x0000, 0x0000, 0x0000, 0x0000, 0x0000, 
0x0003, 0x0003, 0x0003, 0x0000, 0x0000, 0x0000, 0x0000, 0x0000, 
0x0000, 0x0000, 0x0000, 0x0000, 0x0000, 0x0000, 0x0000, 0x0000, 
0x0000, 0x0000, 0x0003, 0x0003, 0x0000, 0x0000, 0x0000, 0x0000, 
0x0000, 0x0000, 0x0003, 0x0003, 0x0003, 0x0003, 0x0003, 0x0003, 
0x0003, 0x0003, 0x0003, 0x0003, 0x0000, 0x0000, 0x0000, 0x0000, 
0x0000, 0x0003, 0x0003, 0x0003, 0x0003, 0x0003, 0x0003, 0x0000, 
0x0000, 0x0000, 0x0000, 0x0000, 0x0000, 0x0000, 0x0000, 0x0000, 
0x0000, 0x0000, 0x0000, 0x0000, 0x0000, 0x0000, 0x0000, 0x0000, 
0x0000, 0x0000, 0x0000, 0x0000, 0x0000, 0x0000, 0x0000, 0x0000, 
0x0000, 0x0000, 0x0000, 0x0000, 0x0000, 0x0000, 0x0000, 0x0000, 
0x0000, 0x0000, 0x0000, 0x0000, 0x0000, 0x0000, 0x0000, 0x0000, 
0x0000, 0x0000, 0x0003, 0x0003, 0x0003, 0x0003, 0x0003, 0x0003, 
0x0003, 0x0003, 0x0003, 0x0003, 0x0003, 0x0000, 0x0000, 0x0000, 
0x0000, 0x0000, 0x0003, 0x0003, 0x0003, 0x0003, 0x0000, 0x0000, 
0x0000, 0x0000, 0x0000, 0x0000, 0x0000, 0x0000, 0x0000, 0x0000, 
0x0000, 0x0000, 0x0000, 0x0000, 0x0000, 0x0000, 0x0000, 0x0000, 
0x0000, 0x0000, 0x0000, 0x0000, 0x0000, 0x0000, 0x0000, 0x0000, 
0x0000, 0x0000, 0x0000, 0x0000, 0x0000, 0x0000, 0x0000, 0x0000, 
0x0000, 0x0000, 0x0000, 0x0000, 0x0000, 0x0000, 0x0000, 0x0000, 
0x0000, 0x0003, 0x0003, 0x0003, 0x0003, 0x0003, 0x0003, 0x0003, 
0x0003, 0x0003, 0x0003, 0x0003, 0x0003, 0x0003, 0x0000, 0x0000, 
0x0000, 0x0000, 0x0000, 0x0000, 0x0000, 0x0000, 0x0000, 0x0000, 
0x0000, 0x0000, 0x0000, 0x0000, 0x0000, 0x0000, 0x0000, 0x0000, 
0x0000, 0x0000, 0x0000, 0x0000, 0x0000, 0x0000, 0x0000, 0x0000, 
0x0000, 0x0000, 0x0000, 0x0000, 0x0000, 0x0000, 0x0000, 0x0000, 
0x0000, 0x0000, 0x0000, 0x0000, 0x0000, 0x0000, 0x0000, 0x0000, 
0x0000, 0x0000, 0x0000, 0x0000, 0x0000, 0x0000, 0x0000, 0x0000, 
0x0000, 0x0003, 0x0003, 0x0003, 0x0003, 0x0003, 0x0003, 0x0003, 
0x0003, 0x0003, 0x0003, 0x0003, 0x0003, 0x0003, 0x0003, 0x0000, 
0x0000, 0x0000, 0x0000, 0x0000, 0x0000, 0x0000, 0x0000, 0x0003, 
0x0003, 0x0000, 0x0000, 0x0000, 0x0000, 0x0000, 0x0000, 0x0000, 
0x0000, 0x0000, 0x0000, 0x0000, 0x0000, 0x0000, 0x0000, 0x0000, 
0x0000, 0x0000, 0x0000, 0x0000, 0x0000, 0x0000, 0x0000, 0x0000, 
0x0000, 0x0000, 0x0000, 0x0000, 0x0000, 0x0000, 0x0000, 0x0000, 
0x0000, 0x0000, 0x0000, 0x0000, 0x0000, 0x0000, 0x0000, 0x0000, 
0x0000, 0x0003, 0x0003, 0x0003, 0x0003, 0x0003, 0x0003, 0x0003, 
0x0003, 0x0003, 0x0003, 0x0003, 0x0003, 0x0003, 0x0003, 0x0003, 
0x0000, 0x0000, 0x0000, 0x0000, 0x0000, 0x0003, 0x0003, 0x0003, 
0x0003, 0x0003, 0x0000, 0x0000, 0x0000, 0x0000, 0x0000, 0x0000, 
0x0000, 0x0000, 0x0000, 0x0000, 0x0000, 0x0000, 0x0000, 0x0000, 
0x0000, 0x0000, 0x0000, 0x0000, 0x0000, 0x0000, 0x0000, 0x0000, 
0x0000, 0x0000, 0x0000, 0x0000, 0x0000, 0x0000, 0x0000, 0x0000, 
0x0000, 0x0000, 0x0000, 0x0000, 0x0000, 0x0000, 0x0000, 0x0000, 
0x0000, 0x0003, 0x0003, 0x0003, 0x0003, 0x0003, 0x0003, 0x0003, 
0x0003, 0x0003, 0x0003, 0x0003, 0x0003, 0x0003, 0x0003, 0x0003, 
0x0000, 0x0000, 0x0000, 0x0000, 0x0000, 0x0000, 0x0003, 0x0003, 
0x0000, 0x0000, 0x0000, 0x0000, 0x0000, 0x0000, 0x0000, 0x0000, 
0x0000, 0x0000, 0x0000, 0x0000, 0x0000, 0x0000, 0x0000, 0x0000, 
0x0000, 0x0000, 0x0000, 0x0000, 0x0000, 0x0000, 0x0000, 0x0000, 
0x0000, 0x0000, 0x0000, 0x0000, 0x0000, 0x0000, 0x0000, 0x0000, 
0x0000, 0x0000, 0x0000, 0x0000, 0x0000, 0x0000, 0x0000, 0x0000, 
0x0003, 0x0003, 0x0003, 0x0003, 0x0003, 0x0003, 0x0003, 0x0003, 
0x0003, 0x0003, 0x0003, 0x0003, 0x0003, 0x0003, 0x0003, 0x0003, 
0x0003, 0x0000, 0x0000, 0x0000, 0x0000, 0x0000, 0x0000, 0x0000, 
0x0000, 0x0000, 0x0000, 0x0000, 0x0000, 0x0000, 0x0000, 0x0000, 
0x0000, 0x0000, 0x0000, 0x0000, 0x0000, 0x0000, 0x0000, 0x0000, 
0x0000, 0x0000, 0x0000, 0x0000, 0x0000, 0x0000, 0x0000, 0x0000, 
0x0000, 0x0000, 0x0000, 0x0000, 0x0000, 0x0000, 0x0000, 0x0000, 
0x0000, 0x0000, 0x0000, 0x0000, 0x0000, 0x0000, 0x0000, 0x0000, 
0x0003, 0x0003, 0x0003, 0x0003, 0x0003, 0x0003, 0x0003, 0x0003, 
0x0003, 0x0003, 0x0003, 0x0003, 0x0003, 0x0003, 0x0003, 0x0003, 
0x0003, 0x0003, 0x0000, 0x0000, 0x0000, 0x0000, 0x0000, 0x0000, 
0x0000, 0x0000, 0x0000, 0x0000, 0x0000, 0x0000, 0x0000, 0x0000, 
0x0000, 0x0000, 0x0000, 0x0000, 0x0000, 0x0000, 0x0000, 0x0000, 
0x0000, 0x0000, 0x0000, 0x0000, 0x0000, 0x0000, 0x0000, 0x0000, 
0x0000, 0x0000, 0x0000, 0x0000, 0x0000, 0x0000, 0x0000, 0x0000, 
0x0000, 0x0000, 0x0000, 0x0000, 0x0000, 0x0000, 0x0000, 0x0000, 
0x0003, 0x0003, 0x0003, 0x0003, 0x0003, 0x0003, 0x0003, 0x0003, 
0x0003, 0x0003, 0x0003, 0x0003, 0x0003, 0x0003, 0x0003, 0x0003, 
0x0003, 0x0003, 0x0000, 0x0000, 0x0000, 0x0000, 0x0000, 0x0000, 
0x0000, 0x0000, 0x0000, 0x0000, 0x0000, 0x0000, 0x0000, 0x0000, 
0x0000, 0x0000, 0x0000, 0x0000, 0x0000, 0x0000, 0x0000, 0x0000, 
0x0000, 0x0000, 0x0000, 0x0000, 0x0000, 0x0000, 0x0000, 0x0000, 
0x0000, 0x0000, 0x0000, 0x0000, 0x0000, 0x0000, 0x0000, 0x0000, 
0x0000, 0x0000, 0x0000, 0x0000, 0x0000, 0x0000, 0x0000, 0x0003, 
0x0003, 0x0003, 0x0003, 0x0003, 0x0003, 0x0003, 0x0003, 0x0003, 
0x0003, 0x0003, 0x0003, 0x0003, 0x0003, 0x0003, 0x0003, 0x0003, 
0x0003, 0x0003, 0x0003, 0x0000, 0x0000, 0x0000, 0x0000, 0x0000, 
0x0000, 0x0000, 0x0000, 0x0000, 0x0000, 0x0000, 0x0000, 0x0000, 
0x0000, 0x0000, 0x0000, 0x0000, 0x0000, 0x0000, 0x0000, 0x0000, 
0x0000, 0x0000, 0x0000, 0x0000, 0x0000, 0x0000, 0x0000, 0x0000, 
0x0000, 0x0000, 0x0000, 0x0000, 0x0000, 0x0000, 0x0000, 0x0000, 
0x0000, 0x0000, 0x0000, 0x0000, 0x0000, 0x0000, 0x0000, 0x0003, 
0x0003, 0x0003, 0x0003, 0x0003, 0x0003, 0x0003, 0x0003, 0x0003, 
0x0003, 0x0003, 0x0003, 0x0003, 0x0003, 0x0003, 0x0003, 0x0003, 
0x0003, 0x0003, 0x0003, 0x0003, 0x0000, 0x0000, 0x0000, 0x0000, 
0x0000, 0x0000, 0x0000, 0x0000, 0x0000, 0x0000, 0x0000, 0x0000, 
0x0000, 0x0000, 0x0000, 0x0000, 0x0000, 0x0000, 0x0000, 0x0000, 
0x0000, 0x0000, 0x0000, 0x0000, 0x0000, 0x0000, 0x0000, 0x0000, 
0x0000, 0x0000, 0x0000, 0x0000, 0x0000, 0x0000, 0x0000, 0x0000, 
0x0000, 0x0000, 0x0000, 0x0000, 0x0000, 0x0000, 0x0000, 0x0003, 
0x0003, 0x0003, 0x0003, 0x0003, 0x0003, 0x0003, 0x0003, 0x0003, 
0x0003, 0x0003, 0x0003, 0x0003, 0x0003, 0x0003, 0x0003, 0x0003, 
0x0003, 0x0003, 0x0003, 0x0003, 0x0003, 0x0000, 0x0000, 0x0000, 
0x0000, 0x0000, 0x0000, 0x0000, 0x0000, 0x0000, 0x0000, 0x0000, 
0x0000, 0x0000, 0x0000, 0x0000, 0x0000, 0x0000, 0x0000, 0x0000, 
0x0000, 0x0000, 0x0000, 0x0000, 0x0000, 0x0000, 0x0000, 0x0000, 
0x0000, 0x0000, 0x0000, 0x0000, 0x0000, 0x0000, 0x0000, 0x0000, 
0x0000, 0x0000, 0x0000, 0x0000, 0x0000, 0x0000, 0x0003, 0x0003, 
0x0003, 0x0003, 0x0003, 0x0003, 0x0003, 0x0003, 0x0003, 0x0003, 
0x0003, 0x0003, 0x0003, 0x0003, 0x0003, 0x0003, 0x0003, 0x0003, 
0x0003, 0x0003, 0x0003, 0x0003, 0x0003, 0x0000, 0x0000, 0x0000, 
0x0000, 0x0000, 0x0000, 0x0000, 0x0000, 0x0000, 0x0000, 0x0000, 
0x0000, 0x0000, 0x0000, 0x0000, 0x0000, 0x0000, 0x0000, 0x0000, 
0x0000, 0x0000, 0x0000, 0x0000, 0x0000, 0x0000, 0x0000, 0x0000, 
0x0000, 0x0000, 0x0000, 0x0000, 0x0000, 0x0000, 0x0000, 0x0000, 
0x0000, 0x0000, 0x0000, 0x0000, 0x0000, 0x0000, 0x0003, 0x0003, 
0x0003, 0x0003, 0x0003, 0x0003, 0x0003, 0x0003, 0x0003, 0x0003, 
0x0003, 0x0003, 0x0003, 0x0003, 0x0003, 0x0003, 0x0003, 0x0003, 
0x0003, 0x0003, 0x0003, 0x0003, 0x0003, 0x0003, 0x0003, 0x0000, 
0x0000, 0x0000, 0x0000, 0x0000, 0x0000, 0x0000, 0x0000, 0x0000, 
0x0000, 0x0000, 0x0000, 0x0000, 0x0000, 0x0000, 0x0000, 0x0000, 
0x0000, 0x0000, 0x0000, 0x0000, 0x0000, 0x0000, 0x0000, 0x0000, 
0x0000, 0x0000, 0x0000, 0x0000, 0x0000, 0x0000, 0x0000, 0x0000, 
0x0000, 0x0000, 0x0000, 0x0000, 0x0000, 0x0000, 0x0003, 0x0003, 
0x0003, 0x0003, 0x0003, 0x0003, 0x0003, 0x0003, 0x0003, 0x0003, 
0x0003, 0x0003, 0x0003, 0x0003, 0x0003, 0x0003, 0x0003, 0x0003, 
0x0003, 0x0003, 0x0003, 0x0003, 0x0003, 0x0003, 0x0003, 0x0003, 
0x0003, 0x0000, 0x0000, 0x0000, 0x0000, 0x0000, 0x0000, 0x0000, 
0x0000, 0x0000, 0x0000, 0x0000, 0x0000, 0x0000, 0x0000, 0x0000, 
0x0000, 0x0000, 0x0000, 0x0000, 0x0000, 0x0000, 0x0000, 0x0000, 
0x0000, 0x0000, 0x0000, 0x0000, 0x0000, 0x0000, 0x0000, 0x0000, 
0x0000, 0x0000, 0x0000, 0x0000, 0x0000, 0x0003, 0x0003, 0x0003, 
0x0003, 0x0003, 0x0003, 0x0003, 0x0003, 0x0003, 0x0003, 0x0003, 
0x0003, 0x0003, 0x0003, 0x0003, 0x0003, 0x0003, 0x0003, 0x0003, 
0x0003, 0x0003, 0x0003, 0x0003, 0x0003, 0x0003, 0x0003, 0x0003, 
0x0003, 0x0003, 0x0000, 0x0000, 0x0000, 0x0000, 0x0000, 0x0000, 
0x0000, 0x0000, 0x0000, 0x0000, 0x0000, 0x0000, 0x0000, 0x0000, 
0x0000, 0x0000, 0x0000, 0x0000, 0x0000, 0x0000, 0x0000, 0x0000, 
0x0000, 0x0000, 0x0000, 0x0000, 0x0000, 0x0000, 0x0000, 0x0000, 
0x0000, 0x0000, 0x0000, 0x0000, 0x0003, 0x0003, 0x0003, 0x0003, 
0x0003, 0x0003, 0x0003, 0x0003, 0x0003, 0x0003, 0x0003, 0x0003, 
0x0003, 0x0003, 0x0003, 0x0003, 0x0003, 0x0003, 0x0003, 0x0003, 
0x0003, 0x0003, 0x0003, 0x0003, 0x0003, 0x0003, 0x0003, 0x0003, 
0x0003, 0x0003, 0x0003, 0x0003, 0x0003, 0x0000, 0x0000, 0x0000, 
0x0000, 0x0000, 0x0000, 0x0000, 0x0000, 0x0000, 0x0000, 0x0000, 
0x0000, 0x0000, 0x0000, 0x0000, 0x0000, 0x0000, 0x0000, 0x0000, 
0x0000, 0x0000, 0x0000, 0x0000, 0x0000, 0x0000, 0x0000, 0x0000, 
0x0000, 0x0000, 0x0000, 0x0003, 0x0003, 0x0003, 0x0003, 0x0003, 
0x0003, 0x0003, 0x0003, 0x0003, 0x0003, 0x0003, 0x0003, 0x0003, 
0x0003, 0x0003, 0x0003, 0x0003, 0x0003, 0x0003, 0x0003, 0x0003, 
0x0003, 0x0003, 0x0003, 0x0003, 0x0003, 0x0003, 0x0003, 0x0003, 
0x0003, 0x0003, 0x0003, 0x0003, 0x0003, 0x0003, 0x0003, 0x0003, 
0x0000, 0x0000, 0x0000, 0x0000, 0x0000, 0x0000, 0x0000, 0x0000, 
0x0000, 0x0000, 0x0000, 0x0000, 0x0000, 0x0000, 0x0000, 0x0000, 
0x0000, 0x0000, 0x0000, 0x0000, 0x0000, 0x0000, 0x0000, 0x0000, 
0x0000, 0x0003, 0x0003, 0x0003, 0x0003, 0x0003, 0x0003, 0x0003, 
0x0003, 0x0003, 0x0003, 0x0003, 0x0003, 0x0003, 0x0003, 0x0003, 
0x0003, 0x0003, 0x0003, 0x0003, 0x0003, 0x0003, 0x0003, 0x0003, 
0x0003, 0x0003, 0x0003, 0x0003, 0x0003, 0x0003, 0x0003, 0x0003, 
0x0003, 0x0003, 0x0003, 0x0003, 0x0000, 0x0003, 0x0003, 0x0003, 
0x0000, 0x0000, 0x0000, 0x0000, 0x0000, 0x0003, 0x0003, 0x0000, 
0x0000, 0x0000, 0x0000, 0x0000, 0x0000, 0x0000, 0x0000, 0x0000, 
0x0000, 0x0000, 0x0000, 0x0000, 0x0000, 0x0000, 0x0000, 0x0000, 
0x0000, 0x0000, 0x0003, 0x0003, 0x0003, 0x0003, 0x0003, 0x0003, 
0x0003, 0x0003, 0x0003, 0x0003, 0x0003, 0x0003, 0x0003, 0x0003, 
0x0003, 0x0003, 0x0003, 0x0003, 0x0003, 0x0003, 0x0003, 0x0003, 
0x0003, 0x0003, 0x0003, 0x0003, 0x0003, 0x0003, 0x0003, 0x0003, 
0x0003, 0x0003, 0x0000, 0x0000, 0x0000, 0x0003, 0x0003, 0x0003, 
0x0000, 0x0000, 0x0000, 0x0003, 0x0003, 0x0003, 0x0003, 0x0003, 
0x0003, 0x0000, 0x0000, 0x0000, 0x0000, 0x0000, 0x0000, 0x0000, 
0x0000, 0x0000, 0x0000, 0x0000, 0x0000, 0x0000, 0x0000, 0x0000, 
0x0000, 0x0000, 0x0003, 0x0003, 0x0003, 0x0003, 0x0003, 0x0003, 
0x0003, 0x0003, 0x0003, 0x0003, 0x0003, 0x0003, 0x0003, 0x0003, 
0x0003, 0x0003, 0x0003, 0x0003, 0x0003, 0x0003, 0x0003, 0x0003, 
0x0003, 0x0003, 0x0003, 0x0003, 0x0003, 0x0003, 0x0003, 0x0003, 
0x0003, 0x0000, 0x0000, 0x0000, 0x0000, 0x0003, 0x0003, 0x0000, 
0x0000, 0x0000, 0x0000, 0x0003, 0x0003, 0x0003, 0x0003, 0x0003, 
0x0003, 0x0003, 0x0000, 0x0000, 0x0000, 0x0000, 0x0000, 0x0000, 
0x0003, 0x0003, 0x0003, 0x0003, 0x0000, 0x0000, 0x0000, 0x0000, 
0x0000, 0x0000, 0x0003, 0x0003, 0x0003, 0x0003, 0x0003, 0x0003, 
0x0003, 0x0003, 0x0003, 0x0003, 0x0003, 0x0003, 0x0003, 0x0003, 
0x0003, 0x0003, 0x0003, 0x0003, 0x0003, 0x0003, 0x0003, 0x0003, 
0x0003, 0x0003, 0x0003, 0x0003, 0x0003, 0x0003, 0x0003, 0x0000, 
0x0000, 0x0000, 0x0000, 0x0000, 0x0000, 0x0003, 0x0003, 0x0000, 
0x0000, 0x0000, 0x0000, 0x0000, 0x0000, 0x0000, 0x0003, 0x0003, 
0x0000, 0x0000, 0x0000, 0x0000, 0x0000, 0x0000, 0x0000, 0x0003, 
0x0003, 0x0003, 0x0003, 0x0003, 0x0003, 0x0000, 0x0000, 0x0000, 
0x0000, 0x0000, 0x0003, 0x0003, 0x0000, 0x0000, 0x0003, 0x0003, 
0x0003, 0x0003, 0x0003, 0x0003, 0x0003, 0x0003, 0x0003, 0x0003, 
0x0003, 0x0003, 0x0003, 0x0003, 0x0003, 0x0003, 0x0003, 0x0003, 
0x0003, 0x0003, 0x0003, 0x0003, 0x0003, 0x0000, 0x0000, 0x0000, 
0x0000, 0x0000, 0x0000, 0x0000, 0x0000, 0x0000, 0x0003, 0x0000, 
0x0000, 0x0000, 0x0000, 0x0000, 0x0000, 0x0000, 0x0000, 0x0000, 
0x0000, 0x0000, 0x0000, 0x0000, 0x0000, 0x0000, 0x0000, 0x0000, 
0x0000, 0x0003, 0x0003, 0x0003, 0x0003, 0x0003, 0x0000, 0x0000, 
0x0000, 0x0000, 0x0000, 0x0003, 0x0000, 0x0000, 0x0003, 0x0003, 
0x0003, 0x0003, 0x0003, 0x0003, 0x0003, 0x0003, 0x0003, 0x0003, 
0x0003, 0x0003, 0x0003, 0x0003, 0x0003, 0x0003, 0x0003, 0x0003, 
0x0003, 0x0003, 0x0003, 0x0003, 0x0000, 0x0000, 0x0000, 0x0000, 
0x0000, 0x0000, 0x0000, 0x0000, 0x0000, 0x0000, 0x0003, 0x0000, 
0x0000, 0x0000, 0x0000, 0x0000, 0x0000, 0x0000, 0x0000, 0x0000, 
0x0000, 0x0000, 0x0000, 0x0000, 0x0000, 0x0000, 0x0000, 0x0000, 
0x0000, 0x0000, 0x0000, 0x0000, 0x0000, 0x0000, 0x0000, 0x0000, 
0x0000, 0x0000, 0x0000, 0x0003, 0x0000, 0x0000, 0x0003, 0x0003, 
0x0003, 0x0003, 0x0003, 0x0003, 0x0003, 0x0003, 0x0003, 0x0003, 
0x0003, 0x0003, 0x0003, 0x0003, 0x0003, 0x0003, 0x0003, 0x0003, 
0x0003, 0x0003, 0x0003, 0x0000, 0x0000, 0x0000, 0x0000, 0x0000, 
0x0000, 0x0000, 0x0000, 0x0000, 0x0000, 0x0000, 0x0000, 0x0000, 
0x0000, 0x0000, 0x0000, 0x0000, 0x0003, 0x0000, 0x0000, 0x0000, 
0x0000, 0x0000, 0x0000, 0x0000, 0x0000, 0x0000, 0x0000, 0x0000, 
0x0000, 0x0000, 0x0000, 0x0000, 0x0000, 0x0000, 0x0000, 0x0000, 
0x0000, 0x0000, 0x0000, 0x0000, 0x0000, 0x0000, 0x0003, 0x0003, 
0x0003, 0x0003, 0x0003, 0x0003, 0x0003, 0x0003, 0x0003, 0x0003, 
0x0003, 0x0003, 0x0003, 0x0003, 0x0003, 0x0003, 0x0003, 0x0003, 
0x0003, 0x0003, 0x0003, 0x0000, 0x0000, 0x0000, 0x0000, 0x0003, 
0x0003, 0x0003, 0x0000, 0x0000, 0x0000, 0x0000, 0x0000, 0x0000, 
0x0000, 0x0000, 0x0003, 0x0003, 0x0003, 0x0003, 0x0003, 0x0000, 
0x0000, 0x0000, 0x0000, 0x0000, 0x0003, 0x0003, 0x0000, 0x0000, 
0x0000, 0x0000, 0x0000, 0x0000, 0x0000, 0x0000, 0x0000, 0x0000, 
0x0000, 0x0000, 0x0000, 0x0000, 0x0000, 0x0000, 0x0000, 0x0003, 
0x0003, 0x0000, 0x0003, 0x0003, 0x0003, 0x0003, 0x0003, 0x0003, 
0x0003, 0x0003, 0x0003, 0x0003, 0x0003, 0x0003, 0x0003, 0x0003, 
0x0003, 0x0003, 0x0003, 0x0000, 0x0000, 0x0000, 0x0003, 0x0003, 
0x0003, 0x0003, 0x0003, 0x0000, 0x0000, 0x0000, 0x0000, 0x0000, 
0x0000, 0x0000, 0x0000, 0x0003, 0x0003, 0x0003, 0x0003, 0x0003, 
0x0000, 0x0000, 0x0000, 0x0003, 0x0003, 0x0003, 0x0003, 0x0003, 
0x0003, 0x0000, 0x0000, 0x0000, 0x0000, 0x0000, 0x0000, 0x0000, 
0x0000, 0x0000, 0x0000, 0x0000, 0x0000, 0x0000, 0x0000, 0x0003, 
0x0000, 0x0000, 0x0000, 0x0003, 0x0003, 0x0003, 0x0003, 0x0003, 
0x0003, 0x0003, 0x0003, 0x0003, 0x0003, 0x0003, 0x0003, 0x0003, 
0x0003, 0x0003, 0x0003, 0x0000, 0x0000, 0x0000, 0x0000, 0x0000, 
0x0003, 0x0000, 0x0000, 0x0000, 0x0000, 0x0000, 0x0000, 0x0000, 
0x0000, 0x0000, 0x0000, 0x0000, 0x0003, 0x0003, 0x0000, 0x0000, 
0x0000, 0x0000, 0x0000, 0x0003, 0x0003, 0x0003, 0x0003, 0x0003, 
0x0003, 0x0000, 0x0000, 0x0000, 0x0000, 0x0000, 0x0000, 0x0000, 
0x0000, 0x0000, 0x0000, 0x0000, 0x0000, 0x0000, 0x0000, 0x0003, 
0x0000, 0x0000, 0x0000, 0x0000, 0x0003, 0x0003, 0x0003, 0x0003, 
0x0003, 0x0003, 0x0003, 0x0003, 0x0003, 0x0003, 0x0003, 0x0003, 
0x0000, 0x0003, 0x0003, 0x0000, 0x0000, 0x0000, 0x0000, 0x0000, 
0x0000, 0x0000, 0x0000, 0x0000, 0x0000, 0x0000, 0x0003, 0x0000, 
0x0000, 0x0000, 0x0000, 0x0000, 0x0000, 0x0000, 0x0000, 0x0000, 
0x0000, 0x0000, 0x0000, 0x0000, 0x0000, 0x0003, 0x0003, 0x0003, 
0x0000, 0x0000, 0x0000, 0x0000, 0x0000, 0x0000, 0x0000, 0x0003, 
0x0003, 0x0003, 0x0003, 0x0000, 0x0000, 0x0000, 0x0000, 0x0000, 
0x0000, 0x0000, 0x0000, 0x0000, 0x0003, 0x0003, 0x0003, 0x0003, 
0x0003, 0x0003, 0x0003, 0x0003, 0x0003, 0x0003, 0x0003, 0x0000, 
0x0000, 0x0003, 0x0000, 0x0000, 0x0000, 0x0000, 0x0000, 0x0000, 
0x0000, 0x0000, 0x0000, 0x0000, 0x0003, 0x0003, 0x0003, 0x0003, 
0x0003, 0x0000, 0x0000, 0x0000, 0x0000, 0x0000, 0x0000, 0x0000, 
0x0000, 0x0000, 0x0000, 0x0000, 0x0000, 0x0000, 0x0000, 0x0000, 
0x0000, 0x0000, 0x0000, 0x0000, 0x0000, 0x0000, 0x0003, 0x0003, 
0x0003, 0x0003, 0x0003, 0x0003, 0x0003, 0x0000, 0x0000, 0x0000, 
0x0000, 0x0000, 0x0000, 0x0000, 0x0003, 0x0003, 0x0000, 0x0003, 
0x0003, 0x0003, 0x0003, 0x0003, 0x0003, 0x0003, 0x0000, 0x0000, 
0x0000, 0x0003, 0x0000, 0x0000, 0x0000, 0x0000, 0x0000, 0x0000, 
0x0000, 0x0000, 0x0000, 0x0000, 0x0003, 0x0003, 0x0003, 0x0003, 
0x0003, 0x0003, 0x0000, 0x0000, 0x0000, 0x0000, 0x0000, 0x0000, 
0x0000, 0x0000, 0x0000, 0x0000, 0x0000, 0x0000, 0x0000, 0x0000, 
0x0000, 0x0000, 0x0000, 0x0000, 0x0000, 0x0000, 0x0000, 0x0003, 
0x0003, 0x0003, 0x0003, 0x0003, 0x0000, 0x0000, 0x0000, 0x0000, 
0x0000, 0x0000, 0x0000, 0x0000, 0x0000, 0x0003, 0x0000, 0x0003, 
0x0003, 0x0003, 0x0003, 0x0000, 0x0003, 0x0003, 0x0000, 0x0000, 
0x0000, 0x0000, 0x0000, 0x0000, 0x0000, 0x0000, 0x0000, 0x0000, 
0x0000, 0x0000, 0x0000, 0x0000, 0x0000, 0x0000, 0x0003, 0x0003, 
0x0000, 0x0000, 0x0000, 0x0000, 0x0000, 0x0000, 0x0000, 0x0000, 
0x0000, 0x0000, 0x0000, 0x0000, 0x0000, 0x0000, 0x0000, 0x0000, 
0x0000, 0x0000, 0x0000, 0x0000, 0x0000, 0x0000, 0x0000, 0x0000, 
0x0000, 0x0000, 0x0003, 0x0000, 0x0000, 0x0000, 0x0000, 0x0000, 
0x0000, 0x0000, 0x0000, 0x0000, 0x0000, 0x0003, 0x0000, 0x0003, 
0x0003, 0x0000, 0x0000, 0x0000, 0x0003, 0x0000, 0x0000, 0x0000, 
0x0000, 0x0000, 0x0000, 0x0000, 0x0000, 0x0000, 0x0000, 0x0000, 
0x0000, 0x0000, 0x0000, 0x0000, 0x0000, 0x0000, 0x0000, 0x0000, 
0x0000, 0x0000, 0x0000, 0x0000, 0x0000, 0x0000, 0x0000, 0x0000, 
0x0003, 0x0003, 0x0003, 0x0000, 0x0000, 0x0000, 0x0000, 0x0000, 
0x0000, 0x0000, 0x0000, 0x0000, 0x0000, 0x0000, 0x0000, 0x0000, 
0x0000, 0x0000, 0x0000, 0x0000, 0x0000, 0x0000, 0x0003, 0x0003, 
0x0003, 0x0000, 0x0000, 0x0000, 0x0000, 0x0000, 0x0000, 0x0003, 
0x0003, 0x0000, 0x0000, 0x0000, 0x0003, 0x0000, 0x0000, 0x0000, 
0x0000, 0x0000, 0x0000, 0x0000, 0x0000, 0x0003, 0x0003, 0x0003, 
0x0003, 0x0000, 0x0000, 0x0000, 0x0000, 0x0000, 0x0000, 0x0000, 
0x0000, 0x0000, 0x0000, 0x0000, 0x0000, 0x0000, 0x0003, 0x0003, 
0x0003, 0x0003, 0x0003, 0x0003, 0x0003, 0x0000, 0x0000, 0x0000, 
0x0000, 0x0000, 0x0000, 0x0000, 0x0000, 0x0000, 0x0000, 0x0000, 
0x0000, 0x0000, 0x0000, 0x0000, 0x0000, 0x0003, 0x0003, 0x0003, 
0x0003, 0x0003, 0x0003, 0x0000, 0x0000, 0x0000, 0x0000, 0x0003, 
0x0003, 0x0000, 0x0000, 0x0000, 0x0000, 0x0000, 0x0000, 0x0000, 
0x0000, 0x0000, 0x0000, 0x0000, 0x0003, 0x0003, 0x0003, 0x0003, 
0x0003, 0x0003, 0x0000, 0x0000, 0x0000, 0x0000, 0x0000, 0x0000, 
0x0000, 0x0000, 0x0000, 0x0000, 0x0000, 0x0000, 0x0000, 0x0003, 
0x0003, 0x0003, 0x0003, 0x0003, 0x0000, 0x0000, 0x0000, 0x0000, 
0x0000, 0x0000, 0x0000, 0x0000, 0x0000, 0x0000, 0x0000, 0x0000, 
0x0000, 0x0000, 0x0003, 0x0000, 0x0000, 0x0000, 0x0000, 0x0003, 
0x0003, 0x0003, 0x0000, 0x0000, 0x0000, 0x0000, 0x0000, 0x0003, 
0x0003, 0x0000, 0x0000, 0x0000, 0x0003, 0x0003, 0x0003, 0x0003, 
0x0000, 0x0000, 0x0000, 0x0000, 0x0000, 0x0000, 0x0003, 0x0000, 
0x0000, 0x0000, 0x0000, 0x0000, 0x0000, 0x0000, 0x0000, 0x0003, 
0x0003, 0x0000, 0x0000, 0x0000, 0x0000, 0x0000, 0x0000, 0x0000, 
0x0000, 0x0003, 0x0003, 0x0000, 0x0000, 0x0000, 0x0000, 0x0000, 
0x0000, 0x0000, 0x0000, 0x0000, 0x0000, 0x0003, 0x0003, 0x0000, 
0x0000, 0x0003, 0x0003, 0x0003, 0x0000, 0x0000, 0x0000, 0x0000, 
0x0000, 0x0000, 0x0000, 0x0000, 0x0000, 0x0000, 0x0000, 0x0003, 
0x0003, 0x0000, 0x0000, 0x0003, 0x0003, 0x0003, 0x0003, 0x0003, 
0x0003, 0x0003, 0x0000, 0x0000, 0x0000, 0x0000, 0x0000, 0x0000, 
0x0000, 0x0000, 0x0000, 0x0000, 0x0000, 0x0003, 0x0003, 0x0003, 
0x0003, 0x0003, 0x0000, 0x0000, 0x0000, 0x0000, 0x0000, 0x0000, 
0x0000, 0x0000, 0x0000, 0x0000, 0x0000, 0x0000, 0x0000, 0x0000, 
0x0000, 0x0000, 0x0000, 0x0000, 0x0003, 0x0003, 0x0003, 0x0003, 
0x0003, 0x0003, 0x0003, 0x0003, 0x0000, 0x0000, 0x0000, 0x0000, 
0x0000, 0x0000, 0x0003, 0x0003, 0x0003, 0x0003, 0x0000, 0x0003, 
0x0003, 0x0000, 0x0000, 0x0003, 0x0003, 0x0003, 0x0003, 0x0003, 
0x0003, 0x0000, 0x0000, 0x0000, 0x0000, 0x0000, 0x0000, 0x0000, 
0x0000, 0x0000, 0x0000, 0x0000, 0x0000, 0x0000, 0x0003, 0x0003, 
0x0003, 0x0003, 0x0003, 0x0003, 0x0000, 0x0000, 0x0000, 0x0000, 
0x0000, 0x0000, 0x0000, 0x0000, 0x0000, 0x0000, 0x0000, 0x0000, 
0x0000, 0x0000, 0x0000, 0x0000, 0x0000, 0x0000, 0x0003, 0x0003, 
0x0003, 0x0003, 0x0000, 0x0000, 0x0000, 0x0000, 0x0000, 0x0000, 
0x0000, 0x0003, 0x0003, 0x0003, 0x0003, 0x0003, 0x0000, 0x0003, 
0x0003, 0x0000, 0x0000, 0x0000, 0x0000, 0x0000, 0x0003, 0x0000, 
0x0000, 0x0000, 0x0000, 0x0000, 0x0000, 0x0000, 0x0000, 0x0000, 
0x0000, 0x0000, 0x0000, 0x0000, 0x0000, 0x0000, 0x0000, 0x0000, 
0x0000, 0x0000, 0x0000, 0x0000, 0x0000, 0x0000, 0x0000, 0x0000, 
0x0000, 0x0000, 0x0000, 0x0000, 0x0000, 0x0000, 0x0000, 0x0000, 
0x0000, 0x0000, 0x0000, 0x0000, 0x0000, 0x0000, 0x0000, 0x0000, 
0x0000, 0x0000, 0x0000, 0x0000, 0x0000, 0x0000, 0x0000, 0x0000, 
0x0000, 0x0000, 0x0000, 0x0003, 0x0003, 0x0000, 0x0000, 0x0003, 
0x0003, 0x0000, 0x0000, 0x0000, 0x0000, 0x0000, 0x0000, 0x0000, 
0x0000, 0x0000, 0x0000, 0x0000, 0x0000, 0x0003, 0x0003, 0x0003, 
0x0003, 0x0000, 0x0000, 0x0000, 0x0000, 0x0000, 0x0000, 0x0000, 
0x0000, 0x0000, 0x0000, 0x0000, 0x0000, 0x0000, 0x0000, 0x0000, 
0x0000, 0x0000, 0x0000, 0x0000, 0x0000, 0x0003, 0x0003, 0x0003, 
0x0003, 0x0003, 0x0003, 0x0000, 0x0000, 0x0000, 0x0000, 0x0000, 
0x0000, 0x0000, 0x0000, 0x0000, 0x0000, 0x0000, 0x0000, 0x0000, 
0x0000, 0x0000, 0x0000, 0x0000, 0x0000, 0x0000, 0x0000, 0x0003, 
0x0003, 0x0000, 0x0000, 0x0000, 0x0000, 0x0000, 0x0000, 0x0000, 
0x0000, 0x0003, 0x0003, 0x0003, 0x0003, 0x0003, 0x0003, 0x0003, 
0x0003, 0x0003, 0x0003, 0x0003, 0x0003, 0x0003, 0x0003, 0x0003, 
0x0003, 0x0003, 0x0003, 0x0003, 0x0003, 0x0000, 0x0000, 0x0000, 
0x0000, 0x0000, 0x0003, 0x0003, 0x0003, 0x0003, 0x0003, 0x0003, 
0x0003, 0x0003, 0x0003, 0x0003, 0x0003, 0x0003, 0x0003, 0x0003, 
0x0003, 0x0003, 0x0003, 0x0003, 0x0000, 0x0000, 0x0000, 0x0000, 
0x0000, 0x0000, 0x0000, 0x0000, 0x0000, 0x0000, 0x0003, 0x0003, 
0x0003, 0x0003, 0x0000, 0x0000, 0x0000, 0x0003, 0x0003, 0x0003, 
0x0003, 0x0003, 0x0003, 0x0003, 0x0003, 0x0003, 0x0003, 0x0003, 
0x0003, 0x0003, 0x0003, 0x0003, 0x0003, 0x0003, 0x0003, 0x0003, 
0x0003, 0x0003, 0x0003, 0x0003, 0x0003, 0x0003, 0x0003, 0x0003, 
0x0003, 0x0003, 0x0003, 0x0003, 0x0003, 0x0003, 0x0003, 0x0003, 
0x0003, 0x0003, 0x0003, 0x0003, 0x0003, 0x0003, 0x0003, 0x0003, 
0x0003, 0x0003, 0x0003, 0x0003, 0x0003, 0x0003, 0x0003, 0x0003, 
0x0000, 0x0000, 0x0000, 0x0000, 0x0000, 0x0000, 0x0003, 0x0003, 
0x0003, 0x0003, 0x0003, 0x0003, 0x0003, 0x0003, 0x0003, 0x0003, 
0x0003, 0x0003, 0x0003, 0x0003, 0x0003, 0x0003, 0x0003, 0x0003, 
0x0003, 0x0003, 0x0003, 0x0003, 0x0003, 0x0003, 0x0003, 0x0003, 
0x0003, 0x0003, 0x0003, 0x0003, 0x0003, 0x0003, 0x0003, 0x0003, 
0x0003, 0x0003, 0x0003, 0x0003, 0x0003, 0x0003, 0x0003, 0x0003, 
0x0003, 0x0003, 0x0003, 0x0003, 0x0003, 0x0003, 0x0003, 0x0003, 
0x0003, 0x0003, 0x0003, 0x0003, 0x0003, 0x0003, 0x0003, 0x0003, 
0x0003, 0x0003, 0x0003, 0x0003, 0x0003, 0x0003, 0x0003, 0x0003, 
0x0003, 0x0003, 0x0003, 0x0003, 0x0003, 0x0003, 0x0003, 0x0003, 
0x0003, 0x0003, 0x0003, 0x0003, 0x0003, 0x0003, 0x0003, 0x0003, 
0x0003, 0x0003, 0x0003, 0x0003, 0x0003, 0x0003, 0x0003, 0x0003, 
0x0003, 0x0003, 0x0003, 0x0003, 0x0003, 0x0003, 0x0003, 0x0003, 
0x0003, 0x0003, 0x0003, 0x0003, 0x0003, 0x0003, 0x0003, 0x0003, 
0x0003, 0x0003, 0x0003, 0x0003, 0x0003, 0x0003, 0x0003, 0x0003, 
0x0003, 0x0003, 0x0003, 0x0003, 0x0003, 0x0003, 0x0003, 0x0003, 
0x0003, 0x0003, 0x0003, 0x0003, 0x0003, 0x0003, 0x0003, 0x0003, 
0x0003, 0x0003, 0x0003, 0x0003, 0x0003, 0x0003, 0x0003, 0x0003, 
0x0003, 0x0003, 0x0003, 0x0003, 0x0003, 0x0003, 0x0003, 0x0003, 
0x0003, 0x0003, 0x0003, 0x0003, 0x0003, 0x0003, 0x0003, 0x0003, 
0x0003, 0x0003, 0x0003, 0x0003, 0x0003, 0x0003, 0x0003, 0x0003, 
0x0003, 0x0003, 0x0003, 0x0003, 0x0003, 0x0003, 0x0003, 0x0003, 
0x0003, 0x0003, 0x0003, 0x0003, 0x0003, 0x0003, 0x0003, 0x0003, 
0x0003, 0x0003, 0x0003, 0x0003, 0x0003, 0x0003, 0x0003, 0x0003, 
0x0003, 0x0003, 0x0003, 0x0003, 0x0003, 0x0003, 0x0003, 0x0003, 
0x0003, 0x0003, 0x0003, 0x0003, 0x0003, 0x0003, 0x0003, 0x0003, 
0x0003, 0x0003, 0x0003, 0x0003, 0x0003, 0x0003, 0x0003, 0x0003, 
0x0003, 0x0003, 0x0003, 0x0003, 0x0003, 0x0003, 0x0003, 0x0003, 
0x0003, 0x0003, 0x0003, 0x0003, 0x0003, 0x0003, 0x0003, 0x0003, 
0x0003, 0x0003, 0x0003, 0x0003, 0x0003, 0x0003, 0x0003, 0x0003, 
0x0003, 0x0003, 0x0003, 0x0003, 0x0003, 0x0003, 0x0003, 0x0003, 
0x0003, 0x0003, 0x0003, 0x0003, 0x0003, 0x0003, 0x0003, 0x0003, 
0x0003, 0x0003, 0x0003, 0x0003, 0x0003, 0x0003, 0x0003, 0x0003, 
0x0003, 0x0003, 0x0003, 0x0003, 0x0003, 0x0003, 0x0003, 0x0003, 
0x0003, 0x0003, 0x0003, 0x0003, 0x0003, 0x0003, 0x0003, 0x0003, 
0x0003, 0x0003, 0x0003, 0x0003, 0x0003, 0x0003, 0x0003, 0x0003, 
0x0003, 0x0003, 0x0003, 0x0003, 0x0003, 0x0003, 0x0003, 0x0003, 
0x0003, 0x0003, 0x0003, 0x0003, 0x0003, 0x0003, 0x0003, 0x0003, 
0x0003, 0x0003, 0x0003, 0x0003, 0x0003, 0x0003, 0x0003, 0x0003, 
0x0003, 0x0003, 0x0003, 0x0003, 0x0003, 0x0003, 0x0003, 0x0003, 
0x0003, 0x0003, 0x0003, 0x0003, 0x0003, 0x0003, 0x0003, 0x0003, 
0x0003, 0x0003, 0x0003, 0x0003, 0x0003, 0x0003, 0x0003, 0x0003, 
0x0003, 0x0003, 0x0003, 0x0003, 0x0003, 0x0003, 0x0003, 0x0003, 
0x0003, 0x0003, 0x0003, 0x0003, 0x0003, 0x0003, 0x0003, 0x0003, 
0x0003, 0x0003, 0x0003, 0x0003, 0x0003, 0x0003, 0x0003, 0x0003, 
0x0003, 0x0003, 0x0003, 0x0003, 0x0003, 0x0003, 0x0003, 0x0003, 
0x0003, 0x0003, 0x0003, 0x0003, 0x0003, 0x0003, 0x0003, 0x0003, 
0x0003, 0x0003, 0x0003, 0x0003, 0x0003, 0x0003, 0x0003, 0x0003, 
0x0003, 0x0003, 0x0003, 0x0003, 0x0003, 0x0003, 0x0003, 0x0003, 
0x0003, 0x0003, 0x0003, 0x0003, 0x0003, 0x0003, 0x0003, 0x0003, 
0x0003, 0x0003, 0x0003, 0x0003, 0x0003, 0x0003, 0x0003, 0x0003, 
0x0003, 0x0003, 0x0003, 0x0003, 0x0003, 0x0003, 0x0003, 0x0003, 
0x0003, 0x0003, 0x0003, 0x0003, 0x0003, 0x0003, 0x0003, 0x0003, 
0x0003, 0x0003, 0x0003, 0x0003, 0x0003, 0x0003, 0x0003, 0x0003, 
0x0003, 0x0003, 0x0003, 0x0003, 0x0003, 0x0003, 0x0003, 0x0003, 
0x0003, 0x0003, 0x0003, 0x0003, 0x0003, 0x0003, 0x0003, 0x0003, 
0x0003, 0x0003, 0x0003, 0x0003, 0x0003, 0x0003, 0x0003, 0x0003
};

