/* ELECZap_InternalFault2_abw.h
 * generated by raw2gba */

#include "Music.h"

const signed char ELECZap_InternalFault[ELECZap_InternalFault_bytes] = {
    0x00, 0xFF, 0x01, 0x00, 0xFF, 0x00, 0xFF, 0x00, 0xFF, 0x00, 0xFE, 0x01, 
    0xFD, 0x00, 0xFF, 0x00, 0xFE, 0x00, 0xFD, 0x00, 0xFD, 0x02, 0xFB, 0x02, 
    0x19, 0xEF, 0x0D, 0x03, 0xF6, 0x00, 0xF4, 0xFD, 0xFD, 0x13, 0x01, 0xF7, 
    0x00, 0xF7, 0x0A, 0xFE, 0xFD, 0x0D, 0xFA, 0xF9, 0xF7, 0xFF, 0xE9, 0x07, 
    0x0B, 0xF5, 0xFB, 0xFF, 0x06, 0xF9, 0x17, 0xFD, 0x08, 0x10, 0xF1, 0x08, 
    0xF9, 0xFB, 0x02, 0x07, 0x01, 0xFD, 0xF6, 0xFC, 0x0F, 0xE8, 0x1B, 0x06, 
    0xEC, 0x21, 0xFD, 0xF7, 0xF1, 0xFA, 0x09, 0x10, 0xFE, 0xFF, 0x03, 0xF3, 
    0x13, 0xF2, 0x01, 0xFA, 0xF5, 0x21, 0xFA, 0xFE, 0xFE, 0x00, 0xF6, 0xF3, 
    0x03, 0xF7, 0x02, 0x0C, 0x0D, 0xE9, 0x05, 0x07, 0xFB, 0x10, 0xF0, 0x18, 
    0x0F, 0xEE, 0x06, 0xFD, 0xF1, 0x00, 0xF4, 0xEB, 0x19, 0x00, 0xFE, 0xFD, 
    0xF5, 0x0F, 0xF0, 0x11, 0xF8, 0x02, 0x24, 0xE8, 0x11, 0x0E, 0xEB, 0x06, 
    0x06, 0xE2, 0xFA, 0x14, 0xF9, 0x08, 0xEF, 0x07, 0x0A, 0xF3, 0x0F, 0xED, 
    0x0B, 0x02, 0xE4, 0x16, 0x0B, 0xE6, 0x03, 0x10, 0xEC, 0x07, 0x04, 0xEB, 
    0xFE, 0x05, 0x05, 0x02, 0xF8, 0xFC, 0x10, 0xF9, 0x03, 0xF7, 0xFD, 0x0D, 
    0xEC, 0x1E, 0xEA, 0xF4, 0x28, 0xEB, 0x10, 0x0B, 0xF3, 0xF6, 0x01, 0xFD, 
    0xEF, 0x00, 0x01, 0x0F, 0xFA, 0xF3, 0x03, 0xFE, 0x07, 0xF7, 0xF9, 0x02, 
    0xF1, 0x0C, 0x09, 0xE2, 0x09, 0x0B, 0xF8, 0x0B, 0xF5, 0x08, 0xFC, 0x09, 
    0xFC, 0x01, 0x20, 0xF3, 0x05, 0xFB, 0xFC, 0x01, 0x07, 0xF5, 0xFA, 0x06, 
    0x00, 0x08, 0xEF, 0xF9, 0x01, 0x01, 0x06, 0xF8, 0xF7, 0xFB, 0xFF, 0x0F, 
    0xEF, 0xFF, 0x04, 0x16, 0x04, 0x00, 0x02, 0xF1, 0x0C, 0xFE, 0x04, 0xED, 
    0xFE, 0x0C, 0x0A, 0xEB, 0x03, 0xFD, 0xF4, 0x15, 0xF3, 0xFC, 0xF9, 0xF9, 
    0x0C, 0xFD, 0xEC, 0x0E, 0xF5, 0x05, 0x05, 0x0B, 0x06, 0x01, 0x0B, 0xFC, 
    0x08, 0xE6, 0x0E, 0xF6, 0xF8, 0x0D, 0x03, 0x03, 0xF4, 0xFD, 0xFF, 0x03, 
    0xFD, 0xF7, 0x08, 0xF8, 0xF2, 0x0E, 0xF9, 0x12, 0x02, 0x06, 0xF7, 0xFC, 
    0x04, 0xFC, 0x09, 0xEA, 0x08, 0x04, 0x03, 0x06, 0xF8, 0xF9, 0x02, 0x01, 
    0x02, 0xFA, 0xFE, 0x09, 0x08, 0x05, 0xFE, 0x01, 0xF4, 0x00, 0x00, 0xFA, 
    0xFD, 0x01, 0x03, 0x06, 0xFD, 0xF6, 0xFF, 0x0C, 0x05, 0xFF, 0x07, 0xF0, 
    0x00, 0x08, 0xF7, 0x04, 0xFA, 0xF5, 0x07, 0x04, 0xF7, 0x02, 0x00, 0xFB, 
    0x04, 0xF6, 0x04, 0x03, 0xF4, 0x05, 0xFB, 0xFE, 0x0A, 0xF1, 0x01, 0x09, 
    0xED, 0x0C, 0x06, 0xF6, 0x0B, 0x04, 0xFE, 0x04, 0x01, 0x01, 0x02, 0x02, 
    0xFF, 0xFA, 0x05, 0x03, 0xF8, 0x00, 0x02, 0xF9, 0x05, 0xFE, 0xF9, 0x03, 
    0x00, 0xFF, 0xFE, 0xFF, 0xFE, 0xFA, 0x02, 0xFF, 0xF7, 0x02, 0xFC, 0xFE, 
    0xFD, 0xFD, 0x01, 0xFB, 0xFE, 0xFF, 0x00, 0x01, 0xFA, 0x02, 0xFF, 0xFF, 
    0x07, 0xFD, 0x00, 0x00, 0xFF, 0x00, 0x00, 0xFE, 0xFE, 0x04, 0xFC, 0xFF, 
    0x03, 0xFB, 0x03, 0x01, 0xFC, 0x02, 0x00, 0xFF, 0x02, 0x01, 0xFF, 0x04, 
    0xFF, 0xFC, 0x05, 0xFD, 0x01, 0x02, 0xFB, 0x05, 0xFD, 0xFE, 0x04, 0xFA, 
    0x01, 0x03, 0xFC, 0x01, 0x01, 0xFE, 0xFC, 0xFF, 0xFF, 0xFF, 0x03, 0xFD, 
    0x02, 0x01, 0xFE, 0x01, 0x01, 0xFE, 0x02, 0x02, 0xFE, 0x01, 0xFF, 0xFF, 
    0xFE, 0xFF, 0xFD, 0x00, 0x00, 0xFE, 0xFE, 0x00, 0x00, 0xFF, 0x00, 0xFF, 
    0x00, 0x00, 0xFE, 0x01, 0x01, 0x00, 0x00, 0xFF, 0x00, 0x01, 0x00, 0xFC, 
    0x02, 0xFE, 0xFE, 0x03, 0xFE, 0xFF, 0x02, 0xFC, 0x01, 0x00, 0xFC, 0x00, 
    0xFD, 0x01, 0xFF, 0xFE, 0x00, 0xFE, 0x00, 0xFF, 0xFE, 0x00, 0xFF, 0xFE, 
    0x01, 0x04, 0xFE, 0xFF, 0x00, 0xFE, 0x00, 0xFF, 0xFF, 0x01, 0xFF, 0xFE, 
    0x01, 0xFF, 0x00, 0x00, 0xFF, 0xFF, 0x00, 0xFF, 0x00, 0xFF, 0xFF, 0x00, 
    0xFF, 0x05, 0xFD, 0xFE, 0x00, 0xFE, 0x00, 0xFE, 0xFF, 0x00, 0xFF, 0xFF, 
    0x00, 0x00, 0xFF, 0xFF, 0x01, 0xFF, 0x00, 0xFF, 0x01, 0x00, 0x01, 0x00, 
    0xFF, 0x02, 0xFC, 0xFF, 0x00, 0xFF, 0x00, 0xFD, 0x01, 0x00, 0xFE, 0x00, 
    0xFF, 0xFF, 0xFF, 0x00, 0xFF, 0xFF, 0x00, 0xFD, 0xFE, 0x00, 0x00, 0x01, 
    0xFF, 0x01, 0x00, 0x00, 0x00, 0x00, 0x00, 0x00, 0x00, 0xFF, 0x00, 0xFF, 
    0x00, 0x00, 0xFE, 0x00, 0xFF, 0x00, 0x00, 0xFD, 0x00, 0x00, 0xFF, 0x01, 
    0xFF, 0xFF, 0x00, 0xFF, 0x00, 0xFF, 0x00, 0x00, 0xFF, 0x01, 0xFF, 0x00, 
    0x00, 0xFF, 0x00, 0x00, 0xFF, 0xFF, 0x00, 0xFE, 0x01, 0xFF, 0xFF, 0x00, 
    0xFF, 0x01, 0xFF, 0x00, 0xFF, 0xFF, 0x00, 0x00, 0xFF, 0xFF, 0x00, 0xFF, 
    0x00, 0xFF, 0x03, 0x01, 0xFE, 0xFF, 0xFF, 0xFF, 0xFF, 0x00, 0xFE, 0x00, 
    0xFE, 0x00, 0x00, 0xFF, 0xFF, 0x00, 0xFF, 0x00, 0xFF, 0xFF, 0xFF, 0x01, 
    0x00, 0x01, 0x04, 0xFF, 0xFF, 0xFE, 0x00, 0xFF, 0xFF, 0x00, 0xFE, 0x00, 
    0xFF, 0xFF, 0xFF, 0xFF, 0x00, 0x00, 0xFF, 0x00, 0x00, 0xFF, 0x00, 0xFF, 
    0xFF, 0x00, 0xFF, 0x00, 0xFF, 0x00, 0x00, 0x00, 0x00, 0xFF, 0x00, 0x00, 
    0xFF, 0x00, 0x00, 0x00, 0x00, 0x00, 0xFF, 0x01, 0xFE, 0xFB, 0x01, 0x00, 
    0x00, 0x00, 0x00, 0xFF, 0x00, 0x00, 0x00, 0xFF, 0x00, 0xFF, 0xFF, 0x00, 
    0xFF, 0x00, 0xFF, 0xFF, 0x00, 0x00, 0xFF, 0x00, 0xFE, 0xFF, 0x01, 0x00, 
    0x00, 0x00, 0x00, 0xFF, 0x00, 0xFF, 0x00, 0xFF, 0x00, 0x00, 0xFF, 0x00, 
    0x00, 0x00, 0x00, 0x00, 0xFF, 0x00, 0xFF, 0xFF, 0x00, 0xFF, 0xFF, 0xFF, 
    0xFF, 0xFF, 0xFF, 0xFF, 0x00, 0xFF, 0x00, 0xFF, 0xFE, 0xFF, 0xFF, 0xFF, 
    0xFF, 0x00, 0xFF, 0x03, 0x00, 0xFE, 0xFF, 0xFF, 0x00, 0xFF, 0xFF, 0xFF, 
    0xFF, 0xFF, 0x00, 0xFF, 0xFF, 0xFF, 0xFF, 0xFF, 0xFF, 0xFF, 0x00, 0xFF, 
    0x00, 0xFF, 0x00, 0x04, 0xFF, 0xFF, 0xFF, 0xFF, 0xFF, 0xFF, 0x00, 0xFF, 
    0xFF, 0xFF, 0xFF, 0xFF, 0xFF, 0xFF, 0x00, 0xFF, 0xFF, 0xFF, 0xFF, 0xFF, 
    0xFF, 0xFF, 0xFF, 0xFF, 0xFF, 0x00, 0xFF, 0xFF, 0x00, 0xFF, 0x00, 0xFF, 
    0x00, 0x00, 0x00, 0x00, 0x00, 0xFF, 0x00, 0xFF, 0x01, 0xFE, 0xFB, 0x01, 
    0xFF, 0x00, 0xFF, 0xFF, 0x00, 0xFF, 0xFF, 0xFF, 0x00, 0xFF, 0xFF, 0x00, 
    0xFF, 0xFF, 0xFF, 0x00, 0x00, 0xFF, 0x00, 0x00, 0x00, 0xFE, 0x00, 0x00, 
    0x00, 0x00, 0x00, 0xFF, 0x01, 0x00, 0xFF, 0x00, 0xFF, 0x00, 0xFF, 0x00, 
    0xFF, 0x00, 0x00, 0xFF, 0xFF, 0x00, 0xFF, 0x00, 0xFF, 0xFF, 0x00, 0xFF, 
    0x00, 0x00, 0xFF, 0x00, 0x00, 0xFF, 0x00, 0xFF, 0x00, 0xFF, 0x00, 0xFF, 
    0x00, 0x00, 0x00, 0xFF, 0x03, 0x01, 0xFE, 0x00, 0xFF, 0x00, 0xFF, 0xFF, 
    0xFF, 0xFF, 0xFF, 0xFF, 0xFF, 0xFF, 0xFF, 0x00, 0xFF, 0x00, 0xFF, 0x00, 
    0xFF, 0xFF, 0xFF, 0x00, 0x04, 0xFF, 0xFF, 0xFF, 0xFF, 0xFF, 0xFF, 0xFF, 
    0x00, 0xFF, 0xFF, 0x00, 0xFF, 0xFF, 0xFF, 0x00, 0xFF, 0xFF, 0x00, 0x00, 
    0xFF, 0xFF, 0x00, 0x00, 0x00, 0xFF, 0x00, 0xFF, 0xFF, 0xFF, 0xFF, 0x00, 
    0xFF, 0x00, 0xFF, 0x00, 0xFF, 0x00, 0xFF, 0x00, 0xFF, 0x00, 0xFE, 0xFB, 
    0x00, 0xFE, 0x00, 0x00, 0x00, 0x00, 0x00, 0x00, 0xFF, 0x00, 0x00, 0x00, 
    0x00, 0x00, 0xFF, 0x00, 0xFF, 0x00, 0xFF, 0x00, 0xFF, 0x00, 0xFE, 0xFF, 
    0x00, 0x00, 0x00, 0x00, 0x00, 0xFF, 0x00, 0x00, 0x00, 0xFF, 0xFF, 0xFF, 
    0xFF, 0x00, 0x00, 0xFF, 0xFF, 0x00, 0xFF, 0xFF, 0xFF, 0xFF, 0x00, 0xFF, 
    0x00, 0xFF, 0xFF, 0xFF, 0xFF, 0xFF, 0xFF, 0xFF, 0xFF, 0xFF, 0xFF, 0x00, 
    0xFF, 0x00, 0xFF, 0x00, 0xFE, 0x03, 0x02, 0xFE, 0xFF, 0xFE, 0xFF, 0xFF, 
    0xFF, 0xFF, 0xFF, 0xFF, 0x00, 0xFF, 0xFF, 0xFF, 0xFF, 0x00, 0x00, 0xFF, 
    0xFF, 0xFF, 0xFF, 0x00, 0xFF, 0x04, 0xFF, 0xFE, 0xFF, 0xFE, 0xFF, 0xFF, 
    0x00, 0xFF, 0x00, 0xFF, 0x00, 0xFF, 0xFF, 0xFF, 0xFF, 0x01, 0x00, 0xFF, 
    0xFF, 0xFF, 0x00, 0xFF, 0xFF, 0xFF, 0x00, 0xFF, 0xFF, 0xFF, 0x00, 0xFF, 
    0x00, 0xFF, 0x00, 0xFF, 0x00, 0xFF, 0x00, 0xFF, 0x00, 0xFF, 0x00, 0xFF, 
    0xFB, 0x00, 0x00, 0x00, 0x00, 0x00, 0x00, 0x00, 0x00, 0x00, 0x00, 0xFF, 
    0x00, 0xFF, 0x00, 0x00, 0x00, 0x00, 0x00, 0xFF, 0x00, 0xFF, 0x00, 0xFE, 
    0xFF, 0x00, 0x00, 0x00, 0xFF, 0x00, 0x00, 0x00, 0x00, 0x00, 0x00, 0x00, 
    0x00, 0x00, 0xFF, 0x00, 0xFF, 0x00, 0xFF, 0xFF, 0xFF, 0xFF, 0xFF, 0xFF, 
    0xFF, 0xFF, 0xFF, 0x00, 0xFF, 0xFF, 0xFF, 0x00, 0xFF, 0x00, 0xFF, 0xFF, 
    0xFF, 0xFF, 0x00, 0xFF, 0x00, 0xFE, 0x03, 0x02, 0xFE, 0xFF, 0xFF, 0xFF, 
    0xFF, 0xFF, 0xFF, 0xFF, 0x00, 0xFE, 0xFE, 0x00, 0xFF, 0x00, 0xFF, 0x00, 
    0xFF, 0xFF, 0x00, 0xFF, 0x00, 0xFF, 0x04, 0x00, 0xFE, 0xFF, 0xFF, 0x00, 
    0xFF, 0xFF, 0xFF, 0xFF, 0xFF, 0xFF, 0xFF, 0xFF, 0xFF, 0xFF, 0x00, 0xFF, 
    0x00, 0xFF, 0x00, 0xFF, 0x00, 0x00, 0xFF, 0x00, 0x00, 0x00, 0xFF, 0x00, 
    0xFF, 0x00, 0x00, 0x00, 0xFF, 0x00, 0xFF, 0x00, 0xFF, 0x00, 0xFF, 0x00, 
    0x00, 0xFA, 0x00, 0x00, 0x00, 0x00, 0x00, 0x00, 0x00, 0x00, 0x00, 0x00, 
    0x00, 0x00, 0x00, 0x00, 0x00, 0x00, 0xFF, 0x00, 0xFF, 0x00, 0xFF, 0x00, 
    0xFE, 0xFE, 0x01, 0x00, 0x00, 0x00, 0x00, 0x00, 0x00, 0x00, 0x00, 0x00, 
    0x00, 0x00, 0x00, 0x00, 0x00, 0x00, 0x00, 0x00, 0x00, 0x00, 0x00, 0x00, 
    0xFF, 0x00, 0x01, 0x00, 0xFF, 0x00, 0xFF, 0x00, 0xFF, 0x00, 0xFF, 0x00, 
    0xFF, 0x00, 0xFF, 0x00, 0xFF, 0x00, 0xFF, 0x02, 0x02, 0xFE, 0xFF, 0xFF, 
    0xFF, 0xFF, 0xFF, 0xFF, 0xFF, 0xFF, 0xFF, 0xFF, 0xFF, 0xFF, 0x00, 0xFF, 
    0xFF, 0xFF, 0xFF, 0x00, 0xFF, 0x00, 0xFF, 0x04, 0x00, 0xFE, 0x00, 0xFE, 
    0xFF, 0xFF, 0x00, 0xFF, 0xFF, 0xFF, 0x00, 0xFF, 0xFF, 0xFF, 0xFF, 0x00, 
    0xFF, 0xFF, 0xFF, 0xFF, 0xFF, 0x00, 0x00, 0x00, 0x00, 0x00, 0x00, 0xFF, 
    0x00, 0xFF, 0x00, 0xFF, 0x00, 0xFF, 0x00, 0xFF, 0x00, 0x00, 0xFF, 0xFF, 
    0x00, 0x00, 0xFA, 0xFF, 0x00, 0xFF, 0x00, 0x00, 0x00, 0x00, 0x00, 0x00, 
    0x00, 0xFF, 0x00, 0x00, 0x00, 0x00, 0x00, 0x00, 0x00, 0x00, 0xFE, 0xFE, 
    0x00, 0xFE, 0xFF, 0x01, 0x00, 0x00, 0x00, 0x00, 0x00, 0x00, 0x00, 0xFF, 
    0x00, 0x00, 0x00, 0x00, 0x00, 0x00, 0xFF, 0x00, 0x00, 0xFF, 0x00, 0xFF, 
    0xFF, 0xFF, 0xFF, 0x00, 0xFF, 0x00, 0x00, 0xFF, 0xFF, 0xFF, 0x00, 0xFF, 
    0x00, 0xFF, 0x00, 0xFF, 0x00, 0xFF, 0x00, 0xFF, 0x02, 0x03, 0xFE, 0xFF, 
    0xFF, 0xFF, 0xFF, 0xFF, 0xFF, 0xFF, 0xFF, 0xFF, 0xFF, 0xFF, 0xFF, 0xFF, 
    0xFF, 0xFF, 0xFF, 0xFF, 0x00, 0xFF, 0x00, 0xFE, 0x04, 0x01, 0xFD, 0x00, 
    0xFE, 0xFF, 0xFF, 0x00, 0xFF, 0xFF, 0xFF, 0xFF, 0xFF, 0xFF, 0xFF, 0x00, 
    0xFF, 0xFF, 0xFF, 0x00, 0x00, 0xFF, 0x00, 0x00, 0x00, 0x00, 0x00, 0x00, 
    0x00, 0x00, 0xFF, 0xFF, 0x00, 0xFF, 0x00, 0x02, 0xFF, 0x00, 0xFF, 0xFF, 
    0x00, 0xFF, 0x00, 0xFB, 0xFF, 0x01, 0xFF, 0x00, 0x00, 0x00, 0x00, 0x00, 
    0xFF, 0x00, 0x00, 0x00, 0x00, 0x00, 0xFF, 0x00, 0x00, 0x00, 0x00, 0x00, 
    0xFF, 0x00, 0xFF, 0xFE, 0x01, 0x00, 0x00, 0x00, 0x00, 0x00, 0x00, 0x00, 
    0x00, 0x00, 0x00, 0x00, 0xFF, 0x00, 0xFF, 0x00, 0x00, 0xFF, 0x00, 0x00, 
    0xFF, 0xFF, 0x00, 0xFF, 0x00, 0xFF, 0xFF, 0xFF, 0xFF, 0x00, 0xFF, 0x00, 
    0xFF, 0x00, 0xFF, 0x00, 0xFF, 0x00, 0xFF, 0x00, 0xFF, 0x01, 0x03, 0xFE, 
    0xFF, 0xFE, 0xFF, 0xFF, 0xFF, 0xFF, 0xFF, 0xFF, 0xFF, 0xFF, 0xFF, 0x00, 
    0xFF, 0x00, 0xFF, 0x00, 0xFF, 0x00, 0xFF, 0x00, 0xFE, 0x04, 0x02, 0xFD, 
    0xFF, 0xFF, 0x00, 0xFD, 0xFF, 0xFF, 0xFF, 0xFF, 0xFF, 0xFF, 0xFF, 0xFF, 
    0x00, 0xFF, 0xFF, 0x00, 0xFF, 0x00, 0xFF, 0xFF, 0x00, 0xFF, 0x00, 0xFF, 
    0x00, 0xFF, 0x00, 0xFF, 0xFF, 0xFF, 0x00, 0xFF, 0x00, 0xFF, 0x00, 0xFF, 
    0xFF, 0x00, 0xFF, 0x01, 0xFA, 0xFE, 0x01, 0xFF, 0x00, 0xFF, 0x00, 0xFF, 
    0x00, 0x00, 0x00, 0x00, 0x00, 0x00, 0x00, 0xFF, 0x00, 0xFF, 0x00, 0xFF, 
    0x00, 0x00, 0x00, 0xFF, 0xFE, 0x00, 0x00, 0x00, 0x00, 0x00, 0x00, 0x00, 
    0x00, 0x00, 0x00, 0x00, 0x00, 0x00, 0x00, 0x00, 0x00, 0x00, 0xFF, 0xFF, 
    0x00, 0xFF, 0xFF, 0xFF, 0x00, 0xFF, 0xFF, 0xFF, 0x00, 0xFF, 0xFF, 0xFF, 
    0x00, 0xFF, 0x00, 0xFF, 0xFF, 0xFF, 0xFF, 0xFF, 0x00, 0xFF, 0x00, 0x04, 
    0x00, 0xFE, 0xFF, 0xFF, 0xFF, 0xFF, 0xFF, 0xFF, 0xFF, 0xFF, 0xFF, 0xFF, 
    0xFF, 0xFF, 0xFF, 0xFF, 0x00, 0xFF, 0x00, 0xFF, 0x00, 0xFE, 0x03, 0x03, 
    0xFD, 0xFF, 0xFE, 0xFF, 0xFF, 0xFF, 0xFF, 0xFF, 0xFF, 0xFF, 0xFF, 0xFF, 
    0xFF, 0xFF, 0xFF, 0xFF, 0xFF, 0xFF, 0xFF, 0xFF, 0xFF, 0xFF, 0x00, 0xFF, 
    0xFF, 0x00, 0xFF, 0x00, 0xFF, 0xFF, 0x00, 0xFF, 0xFF, 0xFF, 0xFF, 0xFF, 
    0x00, 0x00, 0x00, 0xFF, 0x01, 0xFB, 0xFD, 0x01, 0xFF, 0x00, 0xFF, 0x00, 
    0x00, 0x00, 0x00, 0x00, 0xFF, 0x00, 0x00, 0x00, 0xFF, 0x00, 0xFF, 0x00, 
    0x00, 0x00, 0xFF, 0x00, 0xFF, 0xFD, 0x01, 0x00, 0x00, 0x00, 0x00, 0x00, 
    0x00, 0x00, 0x00, 0x00, 0x00, 0x00, 0xFF, 0x00, 0xFE, 0xFF, 0x00, 0xFF, 
    0x00, 0xFF, 0xFF, 0xFF, 0xFF, 0xFF, 0xFF, 0xFF, 0xFF, 0xFF, 0xFF, 0xFF, 
    0xFF, 0x00, 0xFF, 0xFF, 0xFF, 0x00, 0xFF, 0x00, 0xFF, 0x00, 0xFF, 0x00, 
    0x04, 0xFE, 0xFE, 0xFF, 0xFF, 0xFF, 0xFF, 0xFF, 0xFF, 0xFF, 0xFF, 0xFF, 
    0xFF, 0xFF, 0xFF, 0xFF, 0xFF, 0x00, 0xFF, 0x00, 0xFF, 0x00, 0xFE, 0x03, 
    0x03, 0xFD, 0x00, 0xFE, 0xFF, 0xFE, 0x00, 0xFF, 0xFF, 0xFF, 0xFF, 0xFF, 
    0xFF, 0xFF, 0xFF, 0xFF, 0xFF, 0xFF, 0xFF, 0xFF, 0xFF, 0xFF, 0xFF, 0x00, 
    0xFF, 0xFF, 0x00, 0xFF, 0x00, 0xFF, 0xFF, 0xFF, 0xFF, 0x00, 0xFF, 0x00, 
    0xFF, 0x00, 0xFF, 0x00, 0xFF, 0x00, 0xFB, 0xFC, 0x02, 0xFF, 0x01, 0xFF, 
    0x00, 0xFF, 0x00, 0xFF, 0x01, 0x01, 0xFF, 0x00, 0xFF, 0xFF, 0x00, 0x00, 
    0xFF, 0x00, 0xFF, 0xFF, 0x00, 0xFF, 0xFD, 0x00, 0x00, 0xFF, 0x00, 0x00, 
    0x00, 0xFF, 0x00, 0xFF, 0x00, 0x00, 0x00, 0xFF, 0x00, 0xFF, 0x00, 0xFF, 
    0xFF, 0x00, 0xFF, 0xFF, 0x00, 0xFF, 0xFF, 0x00, 0xFF, 0xFF, 0xFF, 0x00, 
    0xFF, 0xFF, 0x00, 0xFF, 0x00, 0xFF, 0xFF, 0xFF, 0xFF, 0xFF, 0x00, 0xFF, 
    0x00, 0x04, 0xFF, 0xFE, 0xFF, 0xFE, 0xFF, 0xFF, 0xFF, 0xFF, 0xFF, 0xFF, 
    0xFF, 0xFF, 0xFF, 0xFF, 0x00, 0xFF, 0x00, 0xFF, 0x00, 0xFF, 0x00, 0xFF, 
    0x02, 0x04, 0xFD, 0xFF, 0xFE, 0xFF, 0xFF, 0xFF, 0xFF, 0xFF, 0xFF, 0xFF, 
    0xFF, 0xFF, 0xFF, 0xFF, 0xFF, 0x00, 0xFF, 0xFF, 0xFF, 0xFF, 0xFF, 0xFF, 
    0x00, 0xFD, 0xFF, 0x00, 0x00, 0xFF, 0xFF, 0x00, 0xFF, 0xFF, 0x00, 0xFF, 
    0xFF, 0xFF, 0x00, 0xFF, 0x00, 0xFF, 0x00, 0xFC, 0xFC, 0x01, 0xFF, 0x00, 
    0xFF, 0x00, 0xFF, 0x00, 0xFF, 0x00, 0x00, 0xFF, 0x00, 0x00, 0xFF, 0xFF, 
    0x00, 0xFF, 0x00, 0xFF, 0x00, 0xFF, 0xFF, 0xFD, 0x00, 0x00, 0x00, 0x00, 
    0x00, 0x00, 0xFF, 0x00, 0xFF, 0x00, 0xFF, 0x00, 0xFF, 0xFF, 0xFF, 0xFF, 
    0xFF, 0x00, 0xFF, 0xFF, 0x00, 0xFF, 0xFF, 0x00, 0xFF, 0xFF, 0xFF, 0xFF, 
    0xFF, 0xFF, 0xFF, 0x00, 0xFF, 0xFF, 0xFF, 0xFF, 0xFF, 0x00, 0xFF, 0xFF, 
    0xFF, 0xFF, 0x04, 0xFF, 0xFE, 0xFE, 0xFE, 0xFF, 0xFF, 0xFF, 0xFF, 0xFF, 
    0xFF, 0xFF, 0xFF, 0xFF, 0xFF, 0xFF, 0xFF, 0xFF, 0xFE, 0x01, 0x00, 0x00, 
    0xFE, 0x01, 0x04, 0xFD, 0xFF, 0xFE, 0xFF, 0xFF, 0xFF, 0xFF, 0xFF, 0xFF, 
    0xFF, 0xFF, 0xFF, 0xFF, 0xFF, 0xFF, 0xFF, 0xFF, 0xFF, 0xFF, 0xFF, 0xFF, 
    0xFF, 0xFF, 0xFF, 0xFF, 0xFF, 0xFF, 0xFF, 0xFF, 0xFF, 0xFF, 0xFF, 0xFF, 
    0xFF, 0xFF, 0xFF, 0x00, 0xFF, 0x00, 0xFE, 0x01, 0xFC, 0xFB, 0x01, 0xFF, 
    0x00, 0xFF, 0x00, 0xFF, 0x00, 0x00, 0x00, 0xFF, 0x00, 0xFF, 0xFF, 0x00, 
    0xFF, 0xFF, 0xFF, 0xFF, 0xFF, 0x00, 0xFF, 0x00, 0xFD, 0x00, 0x00, 0xFF, 
    0x00, 0xFF, 0x00, 0xFF, 0x00, 0xFF, 0xFF, 0xFF, 0xFF, 0x00, 0x00, 0xFF, 
    0xFF, 0xFF, 0x00, 0xFF, 0xFF, 0xFF, 0xFF, 0xFF, 0xFF, 0xFF, 0xFF, 0xFF, 
    0xFF, 0xFF, 0xFF, 0xFF, 0x00, 0xFF, 0xFE, 0xFF, 0x00, 0xFF, 0x00, 0xFE, 
    0x00, 0xFF, 0xFF, 0x04, 0xFF, 0xFE, 0xFF, 0xFE, 0xFF, 0xFE, 0xFF, 0xFF, 
    0xFF, 0xFF, 0xFF, 0xFF, 0xFF, 0xFF, 0xFF, 0xFF, 0x00, 0xFE, 0x00, 0xFE, 
    0x00, 0xFF, 0x01, 0x04, 0xFD, 0xFF, 0xFF, 0xFF, 0xFF, 0xFE, 0xFF, 0xFF, 
    0xFF, 0xFF, 0xFF, 0xFF, 0xFF, 0xFF, 0xFF, 0xFF, 0xFF, 0xFF, 0xFF, 0xFF, 
    0x00, 0xFF, 0x00, 0xFF, 0xFF, 0xFF, 0x00, 0xFF, 0xFF, 0xFF, 0xFF, 0x00, 
    0xFF, 0xFF, 0xFF, 0xFF, 0x00, 0xFF, 0x00, 0xFE, 0x00, 0xFC, 0xFA, 0x01, 
    0xFF, 0x00, 0x00, 0x00, 0x00, 0x00, 0xFF, 0x00, 0xFF, 0x00, 0x00, 0xFF, 
    0xFF, 0xFF, 0xFF, 0xFF, 0xFF, 0xFF, 0xFF, 0xFF, 0x00, 0xFD, 0xFF, 0x00, 
    0x00, 0xFF, 0x00, 0x01, 0xFF, 0x00, 0xFF, 0x00, 0xFF, 0xFF, 0xFF, 0xFF, 
    0xFF, 0xFF, 0xFF, 0x00, 0xFF, 0xFF, 0xFF, 0xFF, 0xFF, 0x00, 0xFF, 0xFF, 
    0xFF, 0xFF, 0xFF, 0xFF, 0xFF, 0xFF, 0xFF, 0xFF, 0xFF, 0xFF, 0xFF, 0x00, 
    0xFF, 0xFF, 0xFF, 0xFF, 0x04, 0x00, 0xFE, 0xFF, 0xFE, 0xFF, 0xFF, 0xFF, 
    0xFF, 0xFF, 0xFF, 0xFF, 0xFF, 0x00, 0xFF, 0x00, 0xFF, 0xFF, 0xFF, 0x00, 
    0xFE, 0xFF, 0xFF, 0x00, 0x05, 0xFE, 0xFE, 0xFF, 0xFE, 0xFF, 0xFF, 0xFF, 
    0xFF, 0xFF, 0xFF, 0xFF, 0xFF, 0xFF, 0xFF, 0xFF, 0xFF, 0xFF, 0xFF, 0xFF, 
    0xFF, 0x00, 0xFF, 0xFF, 0xFF, 0xFF, 0xFF, 0xFF, 0xFF, 0xFF, 0xFF, 0x00, 
    0xFF, 0x00, 0xFF, 0xFF, 0x00, 0xFF, 0xFF, 0x00, 0xFE, 0x01, 0xFD, 0xF8, 
    0x01, 0xFF, 0x00, 0x00, 0xFF, 0x00, 0x00, 0x00, 0x00, 0xFF, 0xFF, 0x00, 
    0xFF, 0x00, 0xFF, 0xFF, 0x00, 0xFF, 0xFF, 0xFF, 0xFF, 0x00, 0xFD, 0xFF, 
    0x00, 0xFF, 0x00, 0x00, 0x00, 0x00, 0x00, 0x00, 0xFF, 0x00, 0x00, 0xFF, 
    0x00, 0xFF, 0x00, 0xFF, 0xFF, 0xFF, 0xFF, 0xFF, 0x00, 0xFF, 0x00, 0xFF, 
    0xFF, 0xFF, 0xFF, 0x00, 0xFF, 0xFF, 0xFF, 0x00, 0xFF, 0xFF, 0x00, 0xFF, 
    0xFF, 0x00, 0xFF, 0x00, 0xFE, 0x04, 0x01, 0xFD, 0xFF, 0xFE, 0xFF, 0xFE, 
    0x00, 0xFE, 0x00, 0xFF, 0xFF, 0xFF, 0xFF, 0xFF, 0xFF, 0xFF, 0x00, 0xFE, 
    0xFF, 0xFF, 0x00, 0xFF, 0x00, 0x06, 0xFF, 0xFE, 0xFF, 0xFF, 0xFF, 0xFF, 
    0xFF, 0xFF, 0xFF, 0xFF, 0xFF, 0xFF, 0xFF, 0x00, 0x00, 0xFF, 0xFF, 0xFF, 
    0xFF, 0xFF, 0x00, 0xFF, 0x00, 0xFF, 0xFF, 0xFF, 0x00, 0xFF, 0x00, 0xFF, 
    0xFF, 0xFF, 0x00, 0xFF, 0x00, 0xFF, 0x00, 0x00, 0xFF, 0xFF, 0x00, 0xFE, 
    0xF9, 0x01, 0x00, 0xFF, 0x00, 0x01, 0xFF, 0x00, 0x00, 0x00, 0x00, 0x00, 
    0x00, 0xFF, 0x00, 0xFF, 0x00, 0xFF, 0x00, 0xFF, 0x00, 0xFF, 0x00, 0xFD, 
    0xFE, 0x01, 0x00, 0x01, 0xFF, 0x00, 0xFF, 0x00, 0x00, 0x00, 0xFF, 0x00, 
    0x00, 0x00, 0x00, 0x00, 0x00, 0xFF, 0x00, 0xFF, 0x00, 0x00, 0xFF, 0x00, 
    0xFF, 0x00, 0x00, 0xFF, 0xFF, 0x00, 0xFF, 0x00, 0xFF, 0xFF, 0x00, 0xFF, 
    0x00, 0xFF, 0x00, 0xFF, 0x00, 0xFE, 0x04, 0x01, 0xFE, 0xFF, 0xFE, 0xFF, 
    0xFF, 0xFF, 0xFF, 0xFF, 0xFD, 0x00, 0xFF, 0x00, 0xFF, 0xFF, 0xFF, 0xFF, 
    0xFF, 0x00, 0xFF, 0x00, 0xFF, 0xFF, 0x06, 0xFF, 0xFE, 0xFF, 0xFE, 0xFF, 
    0xFF, 0xFF, 0xFF, 0xFF, 0xFF, 0xFF, 0xFF, 0xFF, 0xFF, 0x00, 0xFE, 0x00, 
    0xFF, 0x00, 0x00, 0xFF, 0x00, 0xFF, 0xFF, 0xFF, 0xFF, 0x00, 0x00, 0xFF, 
    0xFF, 0x00, 0xFF, 0x00, 0xFF, 0xFF, 0xFF, 0x00, 0xFF, 0x00, 0xFF, 0x00, 
    0xFF, 0xF9, 0x01, 0x00, 0x00, 0x00, 0x00, 0x00, 0xFF, 0x00, 0x00, 0x00, 
    0xFF, 0x01, 0x00, 0xFF, 0xFF, 0x00, 0xFF, 0x00, 0xFF, 0x00, 0xFF, 0x00, 
    0xFE, 0xFE, 0x01, 0x00, 0x00, 0x00, 0x00, 0x00, 0x00, 0x00, 0x00, 0x00, 
    0x00, 0x00, 0x00, 0xFF, 0x01, 0xFF, 0x00, 0x00, 0xFF, 0x00, 0xFF, 0xFF, 
    0x01, 0x00, 0xFF, 0xFF, 0xFF, 0xFF, 0x00, 0xFF, 0xFF, 0xFF, 0xFF, 0x00, 
    0xFF, 0x00, 0xFF, 0x00, 0xFF, 0x01, 0xFE, 0x03, 0x03, 0xFD, 0x00, 0xFE, 
    0xFF, 0xFE, 0xFF, 0xFF, 0xFF, 0xFF, 0xFF, 0xFF, 0xFF, 0xFF, 0x00, 0xFF, 
    0x00, 0xFF, 0x00, 0xFF, 0xFF, 0x00, 0xFF, 0x06, 0x00, 0xFE, 0x00, 0xFE, 
    0xFF, 0xFF, 0xFF, 0xFF, 0xFF, 0xFF, 0xFF, 0xFF, 0xFF, 0x00, 0xFF, 0xFF, 
    0xFF, 0xFF, 0xFF, 0x00, 0x00, 0xFF, 0xFF, 0x00, 0xFF, 0x00, 0x00, 0x00, 
    0xFF, 0xFF, 0x00, 0xFF, 0x00, 0xFF, 0x00, 0xFF, 0xFF, 0xFF, 0x00, 0xFF, 
    0x00, 0xFF, 0xF9, 0x00, 0x00, 0xFF, 0x01, 0x00, 0x00, 0x00, 0x00, 0x00, 
    0x00, 0x00, 0x00, 0x00, 0x00, 0x00, 0x00, 0x00, 0xFF, 0xFE, 0x00, 0xFF, 
    0x00, 0xFE, 0xFE, 0x01, 0x00, 0x00, 0x00, 0x00, 0x00, 0x00, 0x00, 0x00, 
    0x00, 0x00, 0x00, 0x00, 0x00, 0xFF, 0x00, 0x00, 0x00, 0x00, 0xFF, 0xFF, 
    0x00, 0x00, 0xFF, 0x00, 0xFF, 0x00, 0xFF, 0xFF, 0x00, 0x00, 0x00, 0xFF, 
    0xFF, 0x00, 0x00, 0xFF, 0x00, 0xFF, 0x00, 0xFE, 0x03, 0x03, 0xFD, 0xFF, 
    0xFE, 0xFF, 0xFF, 0x00, 0xFF, 0xFF, 0xFF, 0xFF, 0x00, 0xFF, 0xFF, 0xFF, 
    0x00, 0xFF, 0xFE, 0x00, 0x00, 0x00, 0xFF, 0xFE, 0x05, 0x01, 0xFD, 0xFF, 
    0xFF, 0xFE, 0xFF, 0xFF, 0xFE, 0x00, 0xFF, 0xFF, 0xFF, 0xFF, 0xFF, 0x00, 
    0xFF, 0xFF, 0xFF, 0xFF, 0xFF, 0xFF, 0x00, 0xFF, 0x00, 0x00, 0xFF, 0xFF, 
    0x00, 0xFF, 0x00, 0xFF, 0xFF, 0x01, 0xFF, 0x00, 0xFF, 0xFF, 0x00, 0xFF, 
    0xFF, 0x00, 0x00, 0xF8, 0xFF, 0x01, 0xFF, 0x00, 0x00, 0x00, 0x00, 0x00, 
    0xFF, 0x00, 0x00, 0x00, 0x00, 0x00, 0xFF, 0x00, 0xFF, 0x00, 0xFF, 0x00, 
    0xFF, 0x00, 0xFF, 0xFD, 0x01, 0xFF, 0x01, 0x00, 0xFF, 0x00, 0x00, 0x00, 
    0x00, 0x00, 0x00, 0x00, 0x00, 0x00, 0x00, 0xFF, 0x00, 0xFF, 0x00, 0x00, 
    0xFF, 0xFF, 0xFF, 0x00, 0xFF, 0x00, 0x00, 0xFF, 0x00, 0xFF, 0xFF, 0xFF, 
    0xFF, 0x00, 0xFF, 0xFF, 0xFF, 0x00, 0xFF, 0x00, 0xFE, 0x02, 0x04, 0xFD, 
    0xFF, 0xFE, 0xFF, 0xFF, 0xFF, 0xFF, 0xFF, 0xFF, 0xFF, 0xFF, 0xFF, 0xFF, 
    0xFF, 0xFF, 0x00, 0xFF, 0xFF, 0xFF, 0xFF, 0x00, 0xFE, 0x06, 0x02, 0xFD, 
    0x00, 0xFD, 0xFF, 0xFF, 0xFF, 0xFF, 0xFF, 0xFF, 0xFF, 0xFF, 0xFF, 0xFF, 
    0xFF, 0xFF, 0xFF, 0xFF, 0xFF, 0xFF, 0xFF, 0xFF, 0x00, 0xFF, 0xFF, 0x00, 
    0xFF, 0x00, 0x00, 0x00, 0x00, 0xFF, 0x00, 0xFF, 0x00, 0xFF, 0x00, 0xFF, 
    0x00, 0x00, 0xFF, 0x00, 0xF8, 0xFE, 0x01, 0xFF, 0x01, 0xFF, 0x00, 0x00, 
    0x00, 0xFF, 0x00, 0xFF, 0x00, 0x00, 0x00, 0x00, 0x00, 0x00, 0x00, 0x00, 
    0x00, 0xFF, 0x00, 0xFE, 0xFD, 0x01, 0x00, 0x00, 0x00, 0x00, 0x00, 0x00, 
    0xFF, 0x00, 0x00, 0xFF, 0x00, 0x00, 0x00, 0x00, 0x00, 0xFF, 0x00, 0x00, 
    0x00, 0xFF, 0xFF, 0x00, 0x00, 0xFF, 0x00, 0x00, 0x00, 0x00, 0x00, 0xFF, 
    0x00, 0x00, 0x00, 0xFF, 0xFF, 0x00, 0x00, 0xFF, 0xFF, 0xFF, 0x04, 0x05, 
    0xFD, 0xFF, 0xFE, 0xFF, 0xFF, 0xFF, 0xFF, 0xFF, 0xFF, 0xFF, 0xFF, 0xFF, 
    0xFF, 0xFF, 0x00, 0xFF, 0x00, 0xFF, 0x00, 0xFF, 0x00, 0xFE, 0x05, 0x03, 
    0xFD, 0x00, 0xFE, 0x00, 0xFF, 0xFF, 0xFF, 0x00, 0xFF, 0xFF, 0xFF, 0xFF, 
    0x00, 0x00, 0x00, 0xFF, 0x00, 0xFF, 0x00, 0xFF, 0x00, 0x00, 0x00, 0x00, 
    0xFF, 0x00, 0x00, 0x00, 0xFF, 0x00, 0xFF, 0xFF, 0x00, 0x00, 0x00, 0xFF, 
    0x00, 0xFF, 0xFF, 0xFF, 0x01, 0xF9, 0xFE, 0x01, 0xFF, 0x00, 0x00, 0x00, 
    0x00, 0x00, 0xFF, 0x01, 0xFF, 0x01, 0xFF, 0x00, 0x00, 0x00, 0x00, 0x00, 
    0x00, 0x00, 0x00, 0x00, 0xFF, 0xFD, 0x01, 0x00, 0x01, 0x00, 0x00, 0x00, 
    0x00, 0x00, 0x00, 0x00, 0x00, 0x00, 0xFE, 0xFF, 0x00, 0x00, 0x00, 0x00, 
    0x00, 0x00, 0x00, 0x00, 0x00, 0x00, 0x00, 0x00, 0xFF, 0x00, 0xFF, 0x00, 
    0x00, 0x00, 0xFF, 0x00, 0xFF, 0x00, 0xFF, 0x00, 0xFF, 0x00, 0xFF, 0x01, 
    0x06, 0xFE, 0xFF, 0xFF, 0xFF, 0xFF, 0xFF, 0xFF, 0xFF, 0xFF, 0xFF, 0xFF, 
    0xFF, 0x00, 0xFF, 0x00, 0xFF, 0xFF, 0xFF, 0x00, 0xFF, 0x01, 0xFD, 0x05, 
    0x04, 0xFD, 0x00, 0xFE, 0xFF, 0xFF, 0xFF, 0xFF, 0x00, 0xFF, 0xFF, 0x00, 
    0x00, 0xFF, 0x00, 0x00, 0xFF, 0xFF, 0xFF, 0x00, 0x00, 0xFF, 0x00, 0x00, 
    0x00, 0xFF, 0x00, 0xFF, 0x00, 0x00, 0xFF, 0xFF, 0x00, 0x00, 0xFF, 0x00, 
    0x00, 0xFF, 0xFF, 0x00, 0xFF, 0x01, 0xFA, 0xFC, 0x02, 0xFF, 0x01, 0xFF, 
    0x01, 0xFF, 0x00, 0x01, 0x00, 0x00, 0x00, 0x00, 0x00, 0x00, 0x00, 0x00, 
    0x00, 0xFF, 0x00, 0xFF, 0x00, 0xFF, 0xFD, 0x01, 0x00, 0x00, 0x00, 0x00, 
    0x00, 0x00, 0x00, 0x00, 0x00, 0x00, 0x00, 0x00, 0x00, 0x00, 0x00, 0xFF, 
    0x00, 0x00, 0x00, 0x00, 0x00, 0x00, 0xFF, 0xFF, 0x00, 0x00, 0xFF, 0xFF, 
    0x00, 0xFF, 0x00, 0xFF, 0x00, 0xFF, 0x00, 0xFF, 0x00, 0xFF, 0x00, 0xFF, 
    0x01, 0x06, 0xFE, 0xFF, 0xFF, 0xFF, 0xFF, 0xFF, 0x00, 0xFF, 0xFF, 0xFF, 
    0xFF, 0xFF, 0xFF, 0xFF, 0x00, 0xFF, 0x00, 0xFE, 0x00, 0xFF, 0x00, 0xFE, 
    0x04, 0x04, 0xFC, 0x00, 0xFE, 0x00, 0xFF, 0xFE, 0x00, 0xFF, 0xFF, 0xFF, 
    0x00, 0x00, 0xFF, 0xFF, 0xFF, 0x00, 0xFF, 0x00, 0xFF, 0xFF, 0x00, 0xFE, 
    0xFF, 0x00, 0xFF, 0xFF, 0x00, 0xFF, 0x00, 0xFF, 0xFF, 0x00, 0x00, 0xFF, 
    0x00, 0xFF, 0x00, 0x00, 0x00, 0xFF, 0x01, 0xF9, 0xFC, 0x02, 0xFF, 0x02, 
    0xFF, 0x00, 0x00, 0x00, 0x00, 0x00, 0x00, 0x00, 0x00, 0x00, 0xFF, 0x00, 
    0x00, 0x00, 0xFF, 0x00, 0x00, 0x00, 0x00, 0xFC, 0x00, 0x01, 0x00, 0x00, 
    0x00, 0x00, 0x00, 0x00, 0x00, 0x00, 0x00, 0x00, 0x00, 0x00, 0x00, 0x00, 
    0x00, 0x00, 0x00, 0x00, 0x00, 0xFF, 0x00, 0xFF, 0xFF, 0x00, 0xFF, 0x00, 
    0xFF, 0x00, 0x00, 0x00, 0xFF, 0x00, 0xFF, 0x00, 0x00, 0x00, 0xFF, 0x00, 
    0xFF, 0x00, 0x06, 0xFF, 0xFE, 0xFF, 0xFF, 0xFF, 0xFF, 0xFF, 0xFF, 0x00, 
    0xFF, 0x00, 0xFF, 0xFF, 0xFF, 0x00, 0xFE, 0x00, 0x01, 0xFF, 0xFF, 0x00, 
    0xFE, 0x03, 0x06, 0xFD, 0xFF, 0xFF, 0xFF, 0xFF, 0xFF, 0xFF, 0xFF, 0xFF, 
    0xFF, 0x00, 0xFF, 0xFF, 0x00, 0xFF, 0xFF, 0x00, 0xFF, 0x00, 0xFF, 0x00, 
    0x00, 0x00, 0x00, 0xFF, 0x00, 0x00, 0x00, 0x00, 0xFF, 0x00, 0x00, 0x00, 
    0x00, 0x00, 0xFF, 0x00, 0xFF, 0x00, 0xFF, 0x01, 0xFA, 0xFB, 0x02, 0xFF, 
    0x01, 0x00, 0x00, 0x00, 0x00, 0x00, 0x00, 0x00, 0x00, 0x00, 0x00, 0x00, 
    0x00, 0x00, 0x00, 0x00, 0x00, 0x00, 0xFF, 0x00, 0xFC, 0x00, 0x00, 0x00, 
    0x00, 0x00, 0x00, 0x00, 0x00, 0x00, 0x00, 0x00, 0x00, 0x00, 0x00, 0x00, 
    0x00, 0x00, 0x00, 0x00, 0x00, 0x00, 0x00, 0x00, 0x00, 0x00, 0x00, 0x00, 
    0x00, 0xFF, 0x00, 0x00, 0xFE, 0xFF, 0x00, 0xFF, 0x00, 0xFF, 0x00, 0x00, 
    0x00, 0xFF, 0x00, 0x06, 0xFF, 0xFE, 0xFF, 0xFF, 0xFF, 0xFF, 0xFF, 0xFF, 
    0x00, 0xFF, 0x00, 0xFF, 0x00, 0xFF, 0x00, 0xFF, 0x00, 0xFF, 0x00, 0xFF, 
    0x01, 0xFE, 0x02, 0x06, 0xFD, 0xFF, 0xFE, 0xFF, 0xFF, 0xFF, 0x00, 0xFF, 
    0xFF, 0xFF, 0xFF, 0xFF, 0xFF, 0xFF, 0xFF, 0xFF, 0x00, 0x00, 0xFF, 0x00, 
    0x00, 0x00, 0xFF, 0x00, 0x00, 0xFF, 0x00, 0x00, 0x00, 0xFF, 0x00, 0x00, 
    0x00, 0xFF, 0x00, 0xFF, 0x00, 0xFF, 0x00, 0xFF, 0x01, 0xFB, 0xFA, 0x02, 
    0xFF, 0x01, 0x00, 0x01, 0x00, 0x00, 0x00, 0x00, 0x00, 0x00, 0x00, 0x00, 
    0x00, 0x00, 0x00, 0x00, 0x00, 0xFF, 0x00, 0xFF, 0x00, 0xFC, 0x00, 0x00, 
    0x01, 0x02, 0x00, 0x00, 0x00, 0x00, 0x00, 0x00, 0x00, 0x00, 0x00, 0x00, 
    0x00, 0x00, 0x00, 0x00, 0x00, 0x00, 0x00, 0x00, 0x00, 0x00, 0x00, 0x00, 
    0x00, 0x00, 0xFF, 0x00, 0x00, 0x00, 0xFF, 0xFF, 0x00, 0x00, 0xFF, 0x00, 
    0xFF, 0xFF, 0x00, 0xFF, 0x07, 0x00, 0xFE, 0xFF, 0xFF, 0xFF, 0xFF, 0xFF, 
    0xFF, 0x00, 0xFF, 0x00, 0xFF, 0x00, 0xFF, 0x00, 0x00, 0x01, 0xFE, 0x00, 
    0xFF, 0x01, 0xFE, 0x02, 0x07, 0xFD, 0xFF, 0xFE, 0xFF, 0xFF, 0xFF, 0xFF, 
    0xFF, 0xFF, 0xFF, 0x00, 0xFF, 0x00, 0xFF, 0x00, 0x00, 0x00, 0xFF, 0x00, 
    0x00, 0x00, 0x00, 0x00, 0x00, 0x00, 0xFF, 0x00, 0x00, 0x00, 0x00, 0x00, 
    0xFF, 0x00, 0xFF, 0x00, 0xFF, 0x00, 0xFF, 0x00, 0xFE, 0x00, 0xFC, 0xF9, 
    0x02, 0x00, 0x00, 0x00, 0x01, 0x00, 0x00, 0x00, 0x00, 0x00, 0x00, 0x00, 
    0x00, 0x00, 0x00, 0x00, 0x00, 0x00, 0xFF, 0x00, 0x00, 0x00, 0xFD, 0xFF, 
    0x01, 0x00, 0x01, 0x00, 0x00, 0x00, 0x00, 0x00, 0x00, 0x00, 0x00, 0x00, 
    0x00, 0x00, 0x00, 0x00, 0x00, 0x00, 0x00, 0x00, 0x00, 0x00, 0x00, 0x00, 
    0x00, 0x00, 0x00, 0x00, 0x00, 0x00, 0x00, 0x00, 0x00, 0x00, 0x00, 0x00, 
    0x00, 0x00, 0xFF, 0x00, 0xFE, 0x06, 0x01, 0xFD, 0x00, 0xFE, 0x00, 0xFF, 
    0x00, 0xFF, 0x00, 0xFF, 0x00, 0xFF, 0x00, 0xFF, 0x00, 0xFF, 0x00, 0xFF, 
    0x00, 0xFF, 0x00, 0xFF, 0x01, 0x08, 0xFE, 0xFF, 0xFF, 0xFF, 0xFF, 0xFF, 
    0xFF, 0xFF, 0xFF, 0xFF, 0xFF, 0x00, 0x01, 0xFF, 0x00, 0xFF, 0x00, 0xFF, 
    0xFF, 0x00, 0x00, 0x00, 0x00, 0x00, 0x00, 0x00, 0x00, 0x00, 0x00, 0x00, 
    0x00, 0x00, 0x00, 0x00, 0x00, 0xFF, 0x01, 0xFF, 0x00, 0xFE, 0x01, 0xFD, 
    0xF8, 0x02, 0xFF, 0x01, 0x00, 0x00, 0x00, 0x00, 0x00, 0x00, 0x00, 0x01, 
    0x00, 0x00, 0x00, 0xFF, 0x01, 0x00, 0x00, 0xFF, 0x00, 0x00, 0x01, 0xFD, 
    0xFE, 0x01, 0x00, 0x01, 0x00, 0x01, 0x00, 0x00, 0x01, 0x00, 0x00, 0x00, 
    0x00, 0x00, 0x00, 0x00, 0x00, 0x00, 0x00, 0x00, 0x00, 0x00, 0xFF, 0x00, 
    0x00, 0x00, 0xFF, 0x01, 0xFF, 0x00, 0x00, 0x00, 0x00, 0xFF, 0x00, 0xFF, 
    0x00, 0xFF, 0x00, 0x00, 0x00, 0xFE, 0x06, 0x01, 0xFD, 0xFF, 0xFE, 0x00, 
    0xFE, 0x00, 0xFE, 0x00, 0xFF, 0x00, 0xFF, 0x00, 0xFF, 0x00, 0xFF, 0xFF, 
    0xFF, 0x00, 0xFF, 0x00, 0xFF, 0x00, 0x08, 0xFF, 0xFE, 0xFF, 0xFF, 0xFF, 
    0xFF, 0x00, 0xFF, 0x00, 0xFF, 0xFF, 0x00, 0x00, 0xFF, 0x00, 0x00, 0xFF, 
    0xFF, 0x00, 0xFF, 0xFF, 0x00, 0x00, 0xFF, 0x00, 0x00, 0x00, 0xFF, 0x00, 
    0x00, 0xFF, 0xFF, 0x00, 0x00, 0x00, 0x00, 0x00, 0xFF, 0x00, 0xFF, 0x01, 
    0xFD, 0xF8, 0x01, 0xFF, 0x00, 0x01, 0x00, 0x00, 0x00, 0x00, 0x00, 0x00, 
    0x00, 0x00, 0x00, 0x00, 0xFF, 0x01, 0xFF, 0x00, 0x00, 0x00, 0xFF, 0x01, 
    0xFD, 0xFE, 0x01, 0x00, 0x00, 0x00, 0x00, 0x00, 0x01, 0x00, 0x00, 0x00, 
    0x00, 0x00, 0x00, 0x00, 0xFF, 0x00, 0xFF, 0x00, 0x01, 0xFF, 0x01, 0x00, 
    0x00, 0x00, 0xFF, 0x00, 0x00, 0x00, 0x00, 0xFF, 0x00, 0x00, 0xFF, 0x00, 
    0x00, 0x00, 0xFF, 0x00, 0xFF, 0x00, 0xFE, 0x05, 0x03, 0xFD, 0x00, 0xFE, 
    0x00, 0xFE, 0x00, 0xFF, 0x00, 0xFF, 0xFF, 0x00, 0x00, 0xFF, 0x00, 0xFF, 
    0xFF, 0x00, 0x00, 0xFF, 0x00, 0xFF, 0x00, 0x08, 0xFF, 0xFE, 0xFF, 0xFE, 
    0x00, 0xFF, 0x00, 0xFF, 0xFF, 0xFF, 0xFF, 0xFF, 0xFF, 0x00, 0xFF, 0xFF, 
    0x00, 0x00, 0x00, 0xFF, 0x00, 0x00, 0x00, 0xFF, 0x01, 0xFF, 0x00, 0xFF, 
    0x00, 0x00, 0x00, 0xFF, 0x00, 0x00, 0x00, 0xFF, 0x00, 0x00, 0x00, 0xFF, 
    0x00, 0xFF, 0xF7, 0x01, 0x00, 0x00, 0x00, 0x00, 0x00, 0xFF, 0x01, 0x00, 
    0x00, 0x00, 0x01, 0x00, 0x00, 0x00, 0x00, 0xFF, 0x01, 0xFF, 0x01, 0xFF, 
    0x01, 0xFD, 0xFE, 0x02, 0x00, 0x01, 0x00, 0x01, 0xFF, 0x01, 0x00, 0x00, 
    0x00, 0x00, 0x00, 0xFF, 0x00, 0x00, 0x00, 0x00, 0x00, 0x00, 0xFF, 0xFF, 
    0x00, 0x00, 0x00, 0x00, 0x00, 0xFF, 0x00, 0x00, 0xFF, 0x00, 0x00, 0xFF, 
    0x00, 0xFF, 0x00, 0x00, 0x00, 0xFF, 0x01, 0xFE, 0x04, 0x04, 0xFD, 0xFF, 
    0xFF, 0x00, 0xFE, 0x00, 0xFF, 0xFF, 0x00, 0x00, 0xFF, 0xFF, 0x00, 0xFF, 
    0xFF, 0x00, 0xFF, 0xFF, 0x00, 0xFF, 0x00, 0x00, 0x07, 0x01, 0xFE, 0xFF, 
    0xFF, 0xFF, 0xFF, 0xFF, 0xFF, 0xFF, 0xFF, 0x00, 0xFF, 0xFF, 0x00, 0xFF, 
    0xFF, 0x00, 0xFF, 0xFF, 0xFF, 0xFF, 0x00, 0x00, 0xFF, 0x00, 0xFF, 0x00, 
    0x00, 0x00, 0xFF, 0x01, 0x00, 0x00, 0x00, 0x00, 0x00, 0x00, 0xFF, 0x00, 
    0x00, 0x00, 0xFF, 0xF7, 0x00, 0x00, 0x00, 0x00, 0x00, 0x01, 0x00, 0x00, 
    0x00, 0x00, 0x00, 0x00, 0x00, 0x00, 0x00, 0x00, 0xFF, 0x01, 0xFF, 0x00, 
    0x00, 0x01, 0xFE, 0xFE, 0x01, 0x00, 0x01, 0x00, 0x00, 0x00, 0x01, 0x00, 
    0x00, 0x00, 0x01, 0x00, 0x00, 0x00, 0x00, 0x00, 0x00, 0x00, 0x00, 0x00, 
    0x00, 0x00, 0x00, 0x00, 0xFF, 0x00, 0x00, 0x00, 0x00, 0xFF, 0x00, 0x00, 
    0xFF, 0x00, 0x00, 0x00, 0x00, 0x00, 0xFF, 0x01, 0xFE, 0x04, 0x05, 0xFC, 
    0xFF, 0xFE, 0x00, 0xFF, 0x00, 0xFF, 0x00, 0xFF, 0x00, 0xFF, 0xFF, 0xFF, 
    0xFF, 0x00, 0xFF, 0x00, 0x00, 0x00, 0xFF, 0x00, 0xFE, 0x08, 0x02, 0xFC, 
    0xFE, 0xFF, 0x00, 0xFE, 0x00, 0xFF, 0x00, 0xFF, 0xFF, 0xFF, 0x00, 0x00, 
    0x00, 0xFF, 0xFF, 0x00, 0x00, 0xFF, 0x00, 0xFF, 0xFF, 0x00, 0x00, 0xFF, 
    0x00, 0xFF, 0xFF, 0x00, 0x00, 0x00, 0x00, 0x00, 0x00, 0x00, 0x00, 0x00, 
    0x00, 0xFF, 0x00, 0x00, 0xF7, 0xFF, 0x01, 0xFF, 0x01, 0x00, 0x01, 0x00, 
    0x00, 0x00, 0x00, 0x00, 0x00, 0xFF, 0x00, 0xFF, 0x01, 0x00, 0x00, 0xFF, 
    0x01, 0xFF, 0x01, 0xFE, 0xFD, 0x01, 0x00, 0x00, 0x01, 0x00, 0x00, 0x01, 
    0xFF, 0x00, 0x00, 0x00, 0x00, 0x00, 0x00, 0x00, 0x00, 0x00, 0x00, 0x00, 
    0x00, 0x00, 0x00, 0x00, 0x00, 0x00, 0xFF, 0x00, 0x00, 0xFF, 0x00, 0xFF, 
    0x00, 0xFF, 0x00, 0x00, 0x00, 0xFF, 0x00, 0xFF, 0x02, 0xFF, 0x03, 0x05, 
    0xFC, 0x00, 0xFE, 0x00, 0xFF, 0x00, 0xFF, 0x00, 0xFF, 0xFF, 0xFF, 0xFF, 
    0xFF, 0x00, 0xFF, 0xFF, 0x00, 0xFF, 0x01, 0xFF, 0x00, 0xFE, 0x07, 0x02, 
    0xFD, 0x00, 0xFE, 0x00, 0xFF, 0x00, 0x00, 0xFF, 0xFF, 0xFF, 0xFF, 0xFF, 
    0xFF, 0xFF, 0xFF, 0x00, 0xFF, 0x00, 0x00, 0xFF, 0xFF, 0x00, 0x00, 0xFF, 
    0x00, 0x00, 0xFF, 0x00, 0x00, 0xFF, 0xFF, 0x00, 0xFF, 0x00, 0x00, 0x00, 
    0x00, 0x00, 0xFF, 0xFF, 0x01, 0xF7, 0xFF, 0x01, 0xFF, 0x01, 0xFF, 0x00, 
    0xFF, 0x00, 0x00, 0x00, 0x00, 0x00, 0x00, 0x00, 0x00, 0x00, 0xFF, 0x00, 
    0xFF, 0x00, 0xFF, 0x00, 0xFE, 0xFC, 0x01, 0x00, 0x01, 0x01, 0x00, 0x00, 
    0x00, 0x00, 0x00, 0x01, 0xFF, 0xFE, 0x01, 0x00, 0x00, 0x00, 0x00, 0x00, 
    0x00, 0x00, 0x00, 0x00, 0xFF, 0x00, 0xFF, 0xFF, 0xFF, 0x00, 0x00, 0x00, 
    0x00, 0x00, 0xFF, 0x00, 0xFF, 0x00, 0xFF, 0x00, 0xFF, 0x00, 0xFE, 0x03, 
    0x06, 0xFD, 0xFF, 0xFD, 0x00, 0xFF, 0xFF, 0xFF, 0xFF, 0xFF, 0xFF, 0xFF, 
    0xFF, 0xFF, 0xFF, 0x00, 0x00, 0x00, 0xFE, 0x00, 0xFF, 0x01, 0xFD, 0x07, 
    0x04, 0xFC, 0x00, 0xFE, 0xFF, 0xFF, 0x00, 0xFF, 0x00, 0xFF, 0xFF, 0xFF, 
    0x00, 0xFF, 0xFF, 0xFF, 0xFF, 0xFF, 0xFF, 0x00, 0xFF, 0x00, 0x00, 0x00, 
    0xFF, 0x00, 0xFF, 0xFF, 0xFF, 0xFF, 0x00, 0xFF, 0xFF, 0x00, 0x00, 0xFF, 
    0x00, 0xFF, 0x00, 0x00, 0xFF, 0x01, 0xF8, 0xFE, 0x02, 0xFF, 0x01, 0xFF, 
    0x01, 0x01, 0x00, 0x00, 0x00, 0xFF, 0x00, 0x00, 0x00, 0x00, 0x00, 0x00, 
    0x00, 0xFF, 0x00, 0xFF, 0x00, 0xFF, 0xFC, 0x01, 0x00, 0x00, 0x00, 0x00, 
    0x00, 0x00, 0x01, 0x00, 0x00, 0x00, 0x00, 0x00, 0x00, 0x00, 0x00, 0x00, 
    0x00, 0x00, 0x00, 0x00, 0x00, 0x00, 0x00, 0x00, 0x00, 0x00, 0x00, 0x00, 
    0x00, 0xFF, 0x00, 0xFF, 0x00, 0xFF, 0x00, 0xFF, 0x00, 0xFF, 0x00, 0xFE, 
    0x02, 0x06, 0xFD, 0xFF, 0xFE, 0xFF, 0xFF, 0xFF, 0xFF, 0xFF, 0xFF, 0xFF, 
    0xFF, 0xFF, 0xFF, 0xFF, 0xFF, 0xFF, 0x00, 0xFF, 0x01, 0xFE, 0x01, 0xFD, 
    0x06, 0x04, 0xFC, 0x00, 0xFE, 0x00, 0xFE, 0x00, 0xFF, 0xFF, 0xFF, 0xFF, 
    0xFF, 0xFF, 0xFF, 0xFF, 0x00, 0xFF, 0x00, 0xFF, 0x00, 0xFE, 0xFE, 0x01, 
    0xFF, 0x00, 0x00, 0xFF, 0xFF, 0x00, 0x00, 0x00, 0xFF, 0x00, 0xFF, 0xFF, 
    0x00, 0xFF, 0x00, 0x00, 0x00, 0xFF, 0x01, 0xF8, 0xFD, 0x02, 0xFF, 0x01, 
    0xFF, 0x01, 0x00, 0x00, 0x00, 0x00, 0x00, 0x00, 0x00, 0x00, 0x00, 0x00, 
    0x00, 0x00, 0xFF, 0x00, 0xFF, 0x00, 0xFF, 0xFC, 0x00, 0x00, 0x00, 0x01, 
    0x00, 0x01, 0x00, 0x00, 0x00, 0x00, 0x00, 0xFF, 0x00, 0x00, 0x00, 0x00, 
    0x00, 0x00, 0x00, 0x00, 0x00, 0x00, 0x00, 0xFF, 0xFF, 0xFF, 0x00, 0x00, 
    0xFF, 0x00, 0x00, 0x00, 0xFF, 0x00, 0x00, 0x00, 0xFF, 0x00, 0xFF, 0x00, 
    0xFF, 0x01, 0x07, 0xFE, 0xFE, 0xFE, 0xFF, 0xFF, 0xFF, 0xFF, 0xFF, 0x00, 
    0xFF, 0xFF, 0xFF, 0x00, 0xFF, 0x00, 0x00, 0x00, 0xFF, 0x00, 0xFE, 0x01, 
    0xFD, 0x05, 0x06, 0xFC, 0x00, 0xFE, 0xFF, 0xFF, 0xFF, 0xFE, 0xFF, 0xFF, 
    0xFF, 0xFF, 0xFF, 0xFF, 0x00, 0x00, 0xFE, 0xFF, 0xFF, 0xFF, 0x00, 0x00, 
    0x00, 0xFF, 0x00, 0xFF, 0x00, 0xFF, 0xFF, 0x00, 0x00, 0x00, 0xFF, 0xFF, 
    0x00, 0x00, 0xFF, 0x00, 0xFF, 0x00, 0xFF, 0x02, 0xF9, 0xFC, 0x02, 0xFE, 
    0x01, 0xFF, 0x00, 0xFF, 0x00, 0xFF, 0x01, 0x00, 0x00, 0x00, 0x00, 0x00, 
    0x00, 0x00, 0x00, 0x00, 0x00, 0x00, 0x00, 0x00, 0xFC, 0x01, 0x00, 0x00, 
    0x01, 0x01, 0x00, 0x00, 0x00, 0x00, 0x00, 0x00, 0xFF, 0x00, 0x00, 0xFF, 
    0x01, 0xFF, 0x00, 0x00, 0xFF, 0x00, 0x00, 0x00, 0x00, 0x00, 0x00, 0x00, 
    0x00, 0x00, 0xFE, 0xFE, 0x01, 0xFF, 0x00, 0xFF, 0x00, 0xFF, 0x00, 0x00, 
    0x00, 0xFF, 0x00, 0x07, 0xFF, 0xFE, 0xFF, 0xFE, 0xFF, 0xFF, 0xFF, 0xFF, 
    0xFF, 0xFF, 0x00, 0xFF, 0xFF, 0xFE, 0x00, 0xFF, 0x00, 0xFF, 0x00, 0xFF, 
    0x01, 0xFE, 0x04, 0x06, 0xFC, 0x00, 0xFE, 0xFF, 0xFF, 0xFF, 0xFF, 0xFF, 
    0xFF, 0x00, 0xFF, 0xFF, 0xFF, 0xFF, 0xFF, 0x00, 0xFF, 0xFF, 0x00, 0x00, 
    0xFF, 0xFF, 0xFF, 0x00, 0x00, 0xFF, 0xFF, 0x00, 0xFF, 0xFF, 0x00, 0x00, 
    0xFF, 0x00, 0x00, 0x00, 0x00, 0xFF, 0x00, 0xFF, 0x02, 0xF9, 0xFA, 0x02, 
    0xFF, 0x01, 0xFF, 0x00, 0x00, 0x00, 0x00, 0x00, 0xFF, 0x00, 0xFF, 0x00, 
    0x01, 0x00, 0xFF, 0x00, 0x00, 0x00, 0x00, 0xFF, 0x00, 0xFB, 0x01, 0x03, 
    0x00, 0x01, 0x00, 0x00, 0x00, 0x00, 0x00, 0x00, 0x00, 0x00, 0x00, 0x01, 
    0x00, 0x00, 0x00, 0x01, 0x00, 0x00, 0x00, 0xFF, 0xFF, 0xFF, 0xFF, 0xFF, 
    0xFF, 0x00, 0x00, 0x00, 0x00, 0x00, 0x00, 0x01, 0xFF, 0x01, 0x00, 0x00, 
    0x00, 0x00, 0x00, 0xFF, 0x07, 0x00, 0xFE, 0xFF, 0xFE, 0xFF, 0xFE, 0xFE, 
    0xFF, 0xFF, 0xFE, 0x00, 0xFE, 0x00, 0xFF, 0x01, 0xFF, 0x00, 0xFE, 0xFF, 
    0xFF, 0x01, 0xFD, 0x04, 0x09, 0xFC, 0x01, 0xFE, 0xFF, 0xFF, 0xFE, 0xFF, 
    0xFE, 0x00, 0xFF, 0xFF, 0xFF, 0x00, 0xFF, 0xFE, 0x00, 0xFF, 0xFF, 0x00, 
    0xFF, 0x00, 0x00, 0xFF, 0xFF, 0xFF, 0xFF, 0x00, 0x00, 0x01, 0xFF, 0x00, 
    0x00, 0x00, 0x00, 0x00, 0xFF, 0x00, 0x00, 0xFF, 0xFE, 0x03, 0xFA, 0xF9, 
    0x03, 0x00, 0x01, 0xFF, 0x01, 0xFF, 0x01, 0x00, 0x00, 0x00, 0x00, 0x00, 
    0x00, 0x00, 0x00, 0x00, 0x00, 0x00, 0xFF, 0x00, 0x00, 0x00, 0xFC, 0x00, 
    0x01, 0x00, 0x00, 0x00, 0x01, 0x00, 0x00, 0x01, 0x01, 0x00, 0x00, 0x00, 
    0x00, 0x00, 0x00, 0x00, 0x00, 0xFF, 0x00, 0x00, 0x00, 0x00, 0xFF, 0x00, 
    0x00, 0xFF, 0x00, 0x00, 0x00, 0x00, 0x00, 0x00, 0x00, 0xFF, 0x00, 0x00, 
    0x00, 0x00, 0xFF, 0x00, 0x00, 0x08, 0x00, 0xFE, 0xFF, 0xFE, 0xFF, 0xFF, 
    0xFF, 0xFF, 0x00, 0xFF, 0x00, 0xFF, 0x00, 0xFE, 0x00, 0xFF, 0x00, 0xFF, 
    0x00, 0xFE, 0x00, 0xFE, 0x02, 0x08, 0xFC, 0xFF, 0xFF, 0xFF, 0xFF, 0xFF, 
    0xFF, 0xFF, 0xFF, 0xFF, 0x01, 0xFF, 0xFF, 0xFF, 0xFF, 0x00, 0xFF, 0xFF, 
    0xFF, 0x00, 0xFF, 0xFF, 0x00, 0xFF, 0xFF, 0xFF, 0x00, 0x00, 0x00, 0x00, 
    0xFF, 0xFF, 0x00, 0xFF, 0x00, 0xFF, 0x00, 0xFE, 0x00, 0xFF, 0x01, 0xFB, 
    0xF9, 0x03, 0xFF, 0x01, 0x00, 0x00, 0x00, 0x00, 0x00, 0x00, 0x00, 0x00, 
    0x00, 0x00, 0x00, 0x00, 0x00, 0x00, 0x00, 0xFF, 0x00, 0x00, 0x00, 0xFC, 
    0xFF, 0x01, 0x00, 0x00, 0x00, 0x00, 0x00, 0x00, 0x00, 0x00, 0x00, 0x00, 
    0x00, 0x00, 0x00, 0x00, 0x00, 0x00, 0x00, 0xFF, 0xFF, 0x00, 0xFF, 0x00, 
    0xFF, 0x00, 0xFF, 0x00, 0xFF, 0x00, 0x00, 0xFF, 0x00, 0xFF, 0xFF, 0x00, 
    0x00, 0x00, 0x00, 0xFF, 0x00, 0xFF, 0x07, 0x01, 0xFD, 0x00, 0xFE, 0x00, 
    0xFD, 0xFF, 0xFF, 0x00, 0xFF, 0xFF, 0xFF, 0xFF, 0xFF, 0xFF, 0xFE, 0x00, 
    0xFF, 0x00, 0xFF, 0x00, 0xFF, 0x01, 0x08, 0xFE, 0xFE, 0xFE, 0xFE, 0xFF, 
    0xFE, 0xFF, 0xFF, 0xFF, 0xFF, 0xFF, 0xFF, 0xFF, 0xFF, 0xFF, 0xFF, 0x00, 
    0xFF, 0xFF, 0xFF, 0xFF, 0xFF, 0x00, 0x00, 0xFF, 0x00, 0x00, 0xFF, 0xFF, 
    0xFF, 0xFF, 0xFF, 0xFF, 0x00, 0x00, 0xFF, 0x00, 0xFF, 0x00, 0xFE, 0x01, 
    0xFB, 0xF7, 0x03, 0xFF, 0x01, 0x00, 0x01, 0x00, 0x00, 0x00, 0x00, 0x00, 
    0x00, 0x00, 0x00, 0x00, 0x00, 0x00, 0xFF, 0x00, 0x00, 0x00, 0xFF, 0x01, 
    0xFC, 0xFF, 0x01, 0x00, 0x00, 0x00, 0x01, 0x00, 0x00, 0x00, 0x00, 0x00, 
    0x00, 0x00, 0x00, 0x00, 0x00, 0xFF, 0x00, 0xFF, 0x01, 0x01, 0xFF, 0x00, 
    0xFF, 0x00, 0xFF, 0x00, 0x00, 0xFF, 0x00, 0xFF, 0x00, 0xFF, 0x00, 0x00, 
    0xFF, 0x00, 0x00, 0xFF, 0xFF, 0x00, 0xFE, 0x07, 0x02, 0xFD, 0xFF, 0xFE, 
    0xFF, 0xFE, 0xFF, 0xFE, 0xFF, 0xFF, 0x00, 0xFF, 0x00, 0xFF, 0x00, 0xFF, 
    0x00, 0xFF, 0x00, 0xFF, 0x00, 0xFF, 0x00, 0x09, 0xFE, 0xFE, 0xFF, 0xFE, 
    0xFF, 0xFE, 0xFF, 0xFE, 0xFF, 0xFF, 0xFF, 0xFF, 0xFF, 0xFF, 0xFF, 0x00, 
    0xFF, 0xFF, 0x00, 0xFF, 0xFF, 0xFF, 0x00, 0xFF, 0x00, 0xFF, 0xFF, 0x00, 
    0xFF, 0xFF, 0xFF, 0xFF, 0x00, 0xFF, 0x00, 0xFF, 0x00, 0xFF, 0x00, 0xFF, 
    0x01, 0xFC, 0xF7, 0x02, 0xFF, 0x00, 0x00, 0x00, 0x00, 0x00, 0x00, 0x00, 
    0x00, 0x00, 0x00, 0x00, 0x00, 0xFE, 0x00, 0x00, 0x00, 0x00, 0x00, 0xFF, 
    0x00, 0xFD, 0xFF, 0x01, 0x01, 0x01, 0x00, 0x01, 0x00, 0x00, 0x00, 0x00, 
    0x00, 0x00, 0x00, 0x00, 0x00, 0xFF, 0x00, 0x00, 0xFF, 0x00, 0x00, 0x00, 
    0xFF, 0x00, 0xFF, 0xFF, 0x00, 0x00, 0x00, 0x00, 0xFF, 0xFF, 0x00, 0x00, 
    0x00, 0xFF, 0xFF, 0x00, 0x00, 0xFF, 0x00, 0xFE, 0x07, 0x03, 0xFC, 0xFF, 
    0xFE, 0xFF, 0xFE, 0xFF, 0xFF, 0xFF, 0xFF, 0x00, 0xFF, 0x00, 0xFF, 0x00, 
    0xFF, 0xFF, 0xFF, 0x00, 0xFF, 0xFF, 0xFF, 0x00, 0x09, 0x00, 0xFD, 0xFE, 
    0xFE, 0x00, 0xFF, 0xFF, 0xFE, 0xFF, 0xFF, 0xFF, 0xFF, 0xFF, 0x00, 0xFF, 
    0xFF, 0x00, 0xFF, 0x00, 0xFF, 0xFF, 0x00, 0xFF, 0xFF, 0x00, 0xFF, 0x00, 
    0xFF, 0x00, 0x01, 0xFF, 0x00, 0xFF, 0xFF, 0xFF, 0xFF, 0x00, 0xFF, 0x00, 
    0xFF, 0x01, 0xFD, 0xF7, 0x01, 0x00, 0xFF, 0x00, 0x00, 0x00, 0x00, 0x01, 
    0x00, 0x00, 0x00, 0x00, 0x00, 0x00, 0xFF, 0x00, 0xFF, 0x00, 0xFF, 0x01, 
    0xFF, 0x00, 0xFD, 0xFD, 0x01, 0x00, 0x01, 0x00, 0x01, 0xFF, 0x00, 0x00, 
    0x00, 0x00, 0x00, 0x00, 0x00, 0x00, 0xFF, 0x00, 0x00, 0xFF, 0x00, 0x00, 
    0x00, 0xFF, 0x00, 0x00, 0xFF, 0x00, 0xFF, 0x00, 0xFF, 0xFF, 0x00, 0xFF, 
    0x00, 0x00, 0xFF, 0x00, 0x00, 0x00, 0xFF, 0x01, 0xFF, 0x05, 0x03, 0xFD, 
    0xFF, 0xFE, 0x00, 0xFE, 0xFF, 0xFE, 0xFF, 0xFF, 0xFF, 0xFF, 0xFF, 0xFE, 
    0x00, 0xFF, 0xFF, 0x00, 0xFF, 0xFF, 0xFF, 0xFF, 0xFF, 0x08, 0xFF, 0xFD, 
    0xFF, 0xFE, 0xFF, 0xFF, 0xFF, 0xFE, 0x00, 0xFF, 0xFF, 0xFF, 0x00, 0xFE, 
    0x00, 0xFF, 0xFF, 0xFF, 0xFF, 0xFF, 0xFF, 0xFF, 0xFF, 0xFF, 0xFF, 0xFF, 
    0xFF, 0xFF, 0xFF, 0xFF, 0x00, 0xFF, 0x00, 0xFF, 0x00, 0xFF, 0x00, 0xFF, 
    0x00, 0xFF, 0x00, 0xFF, 0xF7, 0x00, 0xFF, 0x01, 0x00, 0x00, 0x00, 0x00, 
    0x00, 0xFF, 0x00, 0x00, 0x00, 0x00, 0x00, 0xFF, 0x01, 0xFE, 0x01, 0xFF, 
    0x00, 0xFF, 0xFF, 0xFE, 0xFD, 0x01, 0x00, 0x00, 0x00, 0x00, 0x00, 0x01, 
    0xFF, 0x01, 0xFF, 0x01, 0x00, 0xFF, 0x00, 0x00, 0x00, 0x00, 0x00, 0x00, 
    0x00, 0x00, 0xFF, 0x00, 0x00, 0x00, 0x00, 0x00, 0xFF, 0x00, 0xFF, 0xFF, 
    0x00, 0xFF, 0x00, 0xFF, 0x00, 0xFE, 0x01, 0x00, 0x00, 0xFE, 0x05, 0x04, 
    0xFD, 0xFF, 0xFE, 0xFF, 0xFE, 0xFF, 0xFF, 0x00, 0xFF, 0xFF, 0xFE, 0x00, 
    0xFF, 0xFF, 0xFF, 0x00, 0xFE, 0x00, 0x00, 0xFF, 0x00, 0xFF, 0x08, 0x00, 
    0xFD, 0xFF, 0xFE, 0xFE, 0xFF, 0xFF, 0xFF, 0xFF, 0xFF, 0xFF, 0xFF, 0xFF, 
    0xFF, 0x00, 0xFE, 0x00, 0xFF, 0xFF, 0xFF, 0x00, 0xFF, 0x00, 0x00, 0xFF, 
    0x00, 0xFF, 0x00, 0x00, 0xFF, 0x00, 0xFF, 0x00, 0xFF, 0x00, 0xFF, 0xFF, 
    0xFF, 0xFF, 0xFF, 0x00, 0xFF, 0xF6, 0x00, 0x01, 0x00, 0x01, 0x01, 0x00, 
    0x00, 0x01, 0x00, 0x00, 0x00, 0x01, 0x00, 0x00, 0x00, 0x00, 0x00, 0x00, 
    0xFF, 0x00, 0xFF, 0x00, 0xFD, 0xFE, 0x00, 0xFF, 0x01, 0x00, 0x00, 0x00, 
    0x00, 0x01, 0x00, 0xFE, 0x01, 0x01, 0x01, 0x00, 0x01, 0x00, 0xFF, 0xFF, 
    0xFF, 0xFF, 0xFF, 0x00, 0xFF, 0xFF, 0xFF, 0xFF, 0xFF, 0xFF, 0x00, 0x00, 
    0x00, 0x00, 0x00, 0x00, 0x00, 0x00, 0xFF, 0x01, 0xFF, 0x01, 0xFE, 0x04, 
    0x06, 0xFC, 0x00, 0xFE, 0x00, 0xFF, 0xFF, 0xFE, 0xFF, 0xFF, 0xFE, 0xFF, 
    0xFF, 0xFF, 0x00, 0xFF, 0xFF, 0x00, 0xFF, 0x00, 0xFF, 0x01, 0xFE, 0x08, 
    0x02, 0xFC, 0x00, 0xFD, 0xFF, 0xFE, 0x00, 0xFE, 0xFF, 0xFF, 0x00, 0xFF, 
    0x00, 0xFF, 0xFF, 0xFF, 0xFF, 0xFF, 0xFF, 0xFF, 0xFE, 0xFF, 0xFF, 0x00, 
    0xFF, 0xFF, 0x00, 0xFF, 0x00, 0xFF, 0xFF, 0xFF, 0xFF, 0xFF, 0x00, 0x00, 
    0x00, 0x00, 0x01, 0x00, 0x00, 0x00, 0xF6, 0x00, 0x01, 0x00, 0x00, 0x01, 
    0x01, 0xFF, 0x01, 0xFF, 0x00, 0xFF, 0x00, 0xFF, 0x00, 0xFF, 0x00, 0xFF, 
    0x01, 0xFF, 0x00, 0xFF, 0x00, 0xFE, 0xFD, 0x01, 0x00, 0x01, 0x01, 0x01, 
    0x00, 0x01, 0x00, 0x01, 0x00, 0x00, 0x00, 0x00, 0x00, 0x00, 0x00, 0xFF, 
    0x00, 0xFF, 0x00, 0x00, 0xFF, 0x00, 0xFF, 0x00, 0x00, 0xFF, 0x00, 0xFF, 
    0x00, 0x00, 0xFF, 0x00, 0x00, 0xFF, 0x00, 0xFF, 0x01, 0xFF, 0x00, 0xFF, 
    0x03, 0x06, 0xFD, 0xFF, 0xFF, 0xFF, 0x00, 0xFF, 0xFF, 0xFF, 0xFF, 0x00, 
    0xFF, 0x00, 0xFF, 0xFF, 0xFF, 0xFF, 0xFF, 0x00, 0xFF, 0xFE, 0x01, 0xFD, 
    0x07, 0x04, 0xFC, 0x00, 0xFE, 0xFF, 0xFF, 0x00, 0xFF, 0xFF, 0x01, 0xFF, 
    0xFE, 0xFF, 0xFE, 0xFF, 0x00, 0xFF, 0xFF, 0xFF, 0xFD, 0xFF, 0xFF, 0xFF, 
    0xFF, 0xFF, 0xFF, 0xFF, 0xFF, 0xFF, 0xFF, 0x00, 0x00, 0x00, 0x00, 0x00, 
    0xFF, 0x00, 0x00, 0x01, 0x01, 0xFF, 0x01, 0xF7, 0xFE, 0x02, 0xFF, 0x01, 
    0xFF, 0x00, 0xFF, 0x00, 0xFF, 0x00, 0xFF, 0x00, 0x00, 0x00, 0x00, 0x00, 
    0xFF, 0x00, 0xFF, 0x00, 0xFF, 0x00, 0xFF, 0xFC, 0x02, 0x00, 0x01, 0x01, 
    0x00, 0x00, 0x00, 0x00, 0x00, 0x00, 0x00, 0x00, 0x00, 0x00, 0x00, 0x00, 
    0xFF, 0x00, 0x00, 0x00, 0x00, 0x00, 0x00, 0x00, 0x00, 0x00, 0xFF, 0x00, 
    0xFF, 0xFF, 0xFF, 0x00, 0xFF, 0xFF, 0x00, 0x01, 0xFF, 0x01, 0xFF, 0x01, 
    0xFF, 0x03, 0x07, 0xFD, 0xFF, 0xFE, 0xFF, 0xFE, 0xFF, 0xFF, 0xFF, 0xFF, 
    0xFF, 0xFF, 0xFF, 0xFF, 0x00, 0xFF, 0xFF, 0xFF, 0xFE, 0x01, 0xFC, 0xFD, 
    0xFB, 0x04, 0x02, 0xF8, 0xFD, 0xFC, 0xFD, 0xFC, 0xFC, 0xFC, 0xFC, 0xFC, 
    0xFD, 0xFD, 0xFC, 0xFD, 0xFC, 0xFD, 0xFD, 0xFD, 0xFD, 0xFC, 0xFD, 0xFC, 
    0xFC, 0xFC, 0xFD, 0xFB, 0xFC, 0xFC, 0xFE, 0xFF, 0xFF, 0xFF, 0x00, 0xFF, 
    0x00, 0x00, 0xFF, 0x00, 0xFF, 0x00, 0xFE, 0x01, 0xF7, 0xFC, 0x02, 0xFF, 
    0x00, 0xFF, 0x00, 0xFF, 0x00, 0xFF, 0x00, 0xFF, 0x00, 0xFF, 0x00, 0xFF, 
    0x00, 0xFF, 0xFF, 0xFE, 0x00, 0x00, 0x00, 0xFE, 0xFB, 0x01, 0x00, 0x00, 
    0x00, 0xFF, 0x00, 0xFF, 0x00, 0x00, 0x00, 0x00, 0x00, 0xFF, 0x00, 0x00, 
    0x00, 0x00, 0x00, 0x00, 0xFF, 0x00, 0x00, 0xFF, 0x00, 0xFF, 0xFF, 0xFF, 
    0xFF, 0xFE, 0x00, 0xFF, 0xFF, 0xFF, 0xFF, 0xFF, 0xFF, 0xFF, 0xFF, 0xFE, 
    0x00, 0xFE, 0x01, 0x07, 0xFD, 0xFF, 0xFE, 0xFF, 0xFF, 0xFF, 0xFF, 0xFF, 
    0xFE, 0xFE, 0xFF, 0xFF, 0xFF, 0xFF, 0xFF, 0xFF, 0x00, 0xFE, 0x00, 0xFE, 
    0x00, 0xFD, 0x06, 0x05, 0xFA, 0x00, 0xFD, 0xFE, 0xFE, 0xFE, 0xFF, 0xFE, 
    0xFE, 0xFF, 0xFF, 0xFF, 0xFF, 0xFF, 0xFF, 0xFF, 0x00, 0xFF, 0xFF, 0x00, 
    0xFF, 0x00, 0xFE, 0x00, 0x00, 0xFE, 0xFF, 0xFF, 0xFF, 0xFE, 0xFF, 0xFF, 
    0xFF, 0xFF, 0xFF, 0xFF, 0xFF, 0xFE, 0xFF, 0xFD, 0x02, 0xF7, 0xFA, 0x03, 
    0xFE, 0x01, 0xFF, 0x01, 0xFF, 0x01, 0xFF, 0x01, 0x00, 0x00, 0xFE, 0xFD, 
    0xFE, 0xFD, 0xFD, 0xFD, 0xFD, 0xFD, 0xFE, 0xFD, 0xFD, 0xFA, 0xFE, 0xFE, 
    0xFD, 0xFD, 0xFC, 0xFD, 0xFE, 0xFD, 0xFD, 0xFD, 0xFE, 0xFD, 0xFD, 0xFE, 
    0xFE, 0xFD, 0xFD, 0xFD, 0xFC, 0xFD, 0xFD, 0xFE, 0xFD, 0xFD, 0xFE, 0xFC, 
    0xFD, 0xFE, 0xFC, 0xFD, 0xFD, 0xFD, 0xFD, 0xFE, 0xFD, 0xFD, 0xFE, 0xFC, 
    0xFD, 0xFE, 0xFC, 0xFE, 0x06, 0xFB, 0xFC, 0xFC, 0xFB, 0xFD, 0xFC, 0xFC, 
    0xFD, 0xFD, 0xFC, 0xFD, 0xFC, 0xFD, 0xFC, 0xFE, 0xFD, 0xFD, 0xFB, 0xFE, 
    0xFB, 0xFE, 0xFB, 0x03, 0x05, 0xF8, 0xFD, 0xFB, 0xFB, 0xFC, 0xFC, 0xFC, 
    0xFC, 0xFD, 0xFC, 0xFC, 0xFD, 0xFC, 0xFD, 0xFC, 0xFD, 0xFD, 0xFD, 0xFD, 
    0xFD, 0xFD, 0xFD, 0xFD, 0xFD, 0xFD, 0xFE, 0xFD, 0xFE, 0xFE, 0xFC, 0xFE, 
    0xFE, 0xFD, 0xFD, 0xFE, 0xFC, 0xFD, 0xFB, 0xFE, 0xFB, 0xFF, 0xF5, 0xF7, 
    0x01, 0xFC, 0xFF, 0xFD, 0xFF, 0xFD, 0xFF, 0xFD, 0xFE, 0xFE, 0xFE, 0xFE, 
    0xFE, 0xFE, 0xFF, 0xFE, 0xFE, 0xFE, 0xFE, 0xFE, 0xFE, 0xFE, 0xF9, 0xFF, 
    0xFE, 0xFE, 0xFE, 0xFD, 0xFF, 0xFD, 0xFF, 0xFF, 0xFE, 0xFF, 0xFE, 0xFE, 
    0xFE, 0xFE, 0xFE, 0xFE, 0xFE, 0xFE, 0xFE, 0xFE, 0xFD, 0xFE, 0xFE, 0xFE, 
    0xFE, 0xFE, 0xFF, 0xFD, 0xFE, 0xFE, 0xFE, 0xFD, 0xFE, 0xFD, 0xFF, 0xFE, 
    0xFD, 0xFE, 0xFE, 0xFE, 0xFF, 0x07, 0xFD, 0xFC, 0xFD, 0xFC, 0xFD, 0xFD, 
    0xFE, 0xFD, 0xFE, 0xFD, 0xFD, 0xFE, 0xFD, 0xFD, 0xFE, 0xFC, 0xFF, 0xFC, 
    0xFE, 0xFD, 0xFF, 0xFD, 0x02, 0x05, 0xFA, 0xFE, 0xFC, 0xFD, 0xFD, 0xFE, 
    0xFD, 0xFE, 0xFF, 0xFE, 0xFD, 0xFD, 0xFE, 0xFD, 0xFE, 0xFD, 0xFE, 0xFD, 
    0xFE, 0xFE, 0xFD, 0xFE, 0xFE, 0xFE, 0xFE, 0xFE, 0xFD, 0xFE, 0xFE, 0xFE, 
    0xFE, 0xFE, 0xFE, 0xFE, 0xFF, 0xFD, 0xFE, 0xFE, 0xFE, 0xFC, 0x00, 0xF7, 
    0xF7, 0x01, 0xFD, 0x00, 0xFE, 0xFF, 0xFE, 0xFF, 0xFE, 0xFE, 0xFF, 0xFE, 
    0xFE, 0xFE, 0xFF, 0xFE, 0xFF, 0xFF, 0xFE, 0xFE, 0xFF, 0xFE, 0xFF, 0xFA, 
    0xFE, 0x00, 0xFE, 0xFF, 0xFE, 0xFF, 0xFF, 0xFF, 0xFE, 0xFF, 0xFE, 0xFE, 
    0xFE, 0xFE, 0xFE, 0xFF, 0xFE, 0xFE, 0xFF, 0xFE, 0xFE, 0xFE, 0xFE, 0xFE, 
    0xFE, 0xFF, 0xFF, 0xFE, 0xFE, 0xFF, 0xFF, 0xFE, 0xFF, 0xFE, 0xFE, 0xFF, 
    0xFE, 0xFF, 0xFE, 0xFE, 0xFE, 0xFF, 0x07, 0xFE, 0xFC, 0xFE, 0xFB, 0xFD, 
    0xFD, 0xFD, 0xFE, 0xFD, 0xFE, 0xFF, 0xFD, 0xFE, 0xFD, 0xFF, 0xFD, 0xFE, 
    0xFF, 0xFF, 0xFD, 0xFF, 0xFC, 0x02, 0x08, 0xFA, 0xFE, 0xFC, 0xFD, 0xFD, 
    0xFE, 0xFD, 0xFE, 0xFE, 0xFD, 0xFF, 0xFC, 0xFF, 0xFC, 0xFD, 0xFF, 0xFD, 
    0xFD, 0xFD, 0xFE, 0xFD, 0xFE, 0xFE, 0xFD, 0xFD, 0xFF, 0xFE, 0xFE, 0xFE, 
    0xFE, 0xFE, 0xFE, 0xFF, 0xFD, 0xFF, 0xFE, 0xFF, 0xFD, 0xFF, 0xFD, 0x00, 
    0xF7, 0xF7, 0x01, 0xFD, 0x00, 0xFE, 0xFF, 0xFE, 0xFF, 0xFE, 0xFE, 0xFE, 
    0xFE, 0xFF, 0xFD, 0xFE, 0xFF, 0xFF, 0xFE, 0xFF, 0xFE, 0xFF, 0xFE, 0xFF, 
    0xFB, 0xFD, 0x00, 0xFE, 0xFF, 0xFE, 0xFE, 0xFF, 0xFF, 0xFE, 0xFE, 0xFF, 
    0xFF, 0xFF, 0xFE, 0xFF, 0xFF, 0xFE, 0xFE, 0x00, 0xFE, 0xFD, 0xFE, 0xFD, 
    0xFE, 0xFE, 0xFE, 0xFE, 0xFE, 0xFE, 0xFF, 0xFE, 0xFF, 0xFF, 0xFF, 0xFE, 
    0xFF, 0xFE, 0xFE, 0xFE, 0xFE, 0xFE, 0xFC, 0x06, 0xFF, 0xFC, 0xFD, 0xFD, 
    0xFE, 0xFD, 0xFE, 0xFC, 0xFE, 0xFE, 0xFE, 0xFC, 0xFE, 0xFD, 0xFF, 0xFE, 
    0xFE, 0xFD, 0xFE, 0xFD, 0x01, 0xFE, 0x00, 0x07, 0xFC, 0xFD, 0xFC, 0xFC, 
    0xFC, 0xFC, 0xFD, 0xFD, 0xFD, 0xFD, 0xFD, 0xFF, 0xFE, 0xFD, 0xFE, 0xFF, 
    0xFE, 0xFD, 0xFD, 0xFE, 0xFE, 0xFD, 0xFE, 0xFE, 0xFF, 0xFE, 0xFD, 0xFD, 
    0xFF, 0xFF, 0xFE, 0xFD, 0xFD, 0xFF, 0xFE, 0xFD, 0xFF, 0xFE, 0x00, 0xFD, 
    0x01, 0xF9, 0xF6, 0x02, 0xFE, 0x00, 0xFE, 0xFF, 0xFE, 0xFF, 0xFE, 0xFE, 
    0xFE, 0xFE, 0xFF, 0xFC, 0xFE, 0xFE, 0xFE, 0xFF, 0xFE, 0xFF, 0xFF, 0xFE, 
    0xFF, 0xFB, 0xFF, 0x00, 0xFF, 0xFF, 0x00, 0xFF, 0xFE, 0xFF, 0xFE, 0x00, 
    0xFE, 0xFF, 0xFF, 0xFF, 0xFF, 0xFF, 0xFF, 0xFF, 0xFF, 0xFF, 0xFF, 0xFE, 
    0xFE, 0xFF, 0xFF, 0xFE, 0xFE, 0xFE, 0xFD, 0xFF, 0xFE, 0xFE, 0xFC, 0xFB, 
    0xFC, 0xFB, 0xFB, 0xFB, 0xFB, 0xFB, 0xFC, 0xFA, 0x04, 0xFD, 0xF8, 0xFB, 
    0xF9, 0xFB, 0xFA, 0xFB, 0xFB, 0xFB, 0xFA, 0xFB, 0xFA, 0xFA, 0xFA, 0xFB, 
    0xFA, 0xFB, 0xFB, 0xFC, 0xFB, 0xFC, 0xFB, 0x00, 0x08, 0xFC, 0xFC, 0xFD, 
    0xFD, 0xFD, 0xFD, 0xFE, 0xFD, 0xFD, 0xFD, 0xFD, 0xFD, 0xFD, 0xFE, 0xFD, 
    0xFE, 0xFE, 0xFD, 0xFD, 0xFD, 0xFD, 0xFE, 0xFD, 0xFD, 0xFE, 0xFC, 0xFE, 
    0xFF, 0xFD, 0xFE, 0xFE, 0xFE, 0xFD, 0xFD, 0xFE, 0xFE, 0xFF, 0xFD, 0xFF, 
    0xFC, 0x00, 0xFB, 0xF4, 0x01, 0xFE, 0xFF, 0xFE, 0xFF, 0xFE, 0xFE, 0xFF, 
    0xFE, 0xFE, 0xFE, 0xFE, 0xFE, 0xFE, 0xFE, 0xFD, 0xFE, 0xFE, 0xFD, 0xFF, 
    0xFD, 0xFF, 0xFA, 0xFD, 0x00, 0xFE, 0x00, 0xFF, 0x00, 0xFF, 0xFF, 0xFF, 
    0xFF, 0xFF, 0xFF, 0xFE, 0xFE, 0xFE, 0xFE, 0xFE, 0xFE, 0xFE, 0xFE, 0xFE, 
    0xFE, 0xFE, 0xFE, 0xFE, 0xFF, 0xFE, 0xFE, 0xFE, 0xFE, 0xFE, 0xFE, 0xFF, 
    0xFE, 0xFE, 0xFF, 0xFE, 0xFE, 0xFF, 0xFD, 0xFF, 0xFC, 0x07, 0x01, 0xFA, 
    0xFD, 0xFC, 0xFE, 0xFD, 0xFF, 0xFD, 0xFE, 0xFD, 0xFE, 0xFD, 0xFF, 0xFD, 
    0xFD, 0xFD, 0xFE, 0xFE, 0xFE, 0xFD, 0xFE, 0xFD, 0xFD, 0x09, 0xFD, 0xFB, 
    0xFE, 0xFC, 0xFE, 0xFD, 0xFE, 0xFD, 0xFD, 0xFD, 0xFD, 0xFD, 0xFE, 0xFE, 
    0xFE, 0xFD, 0xFE, 0xFD, 0xFD, 0xFE, 0xFE, 0xFF, 0xFD, 0xFE, 0xFD, 0xFE, 
    0xFD, 0xFD, 0xFE, 0xFE, 0xFE, 0xFD, 0xFF, 0xFD, 0xFF, 0xFD, 0xFF, 0xFD, 
    0xFF, 0xFD, 0xFF, 0xFB, 0xF3, 0x00, 0xFE, 0xFF, 0xFE, 0xFF, 0xFF, 0xFF, 
    0xFE, 0xFE, 0xFF, 0xFE, 0xFF, 0xFE, 0xFF, 0xFE, 0xFF, 0xFE, 0xFF, 0xFE, 
    0xFE, 0xFD, 0xFF, 0xFA, 0xFC, 0x00, 0xFE, 0xFF, 0xFE, 0xFF, 0xFF, 0xFF, 
    0xFF, 0xFF, 0xFE, 0xFF, 0xFE, 0xFF, 0xFE, 0xFF, 0xFE, 0xFE, 0xFE, 0xFF, 
    0xFF, 0xFE, 0xFE, 0xFF, 0xFE, 0xFE, 0xFE, 0xFE, 0xFE, 0xFE, 0xFF, 0xFE, 
    0xFE, 0xFD, 0x00, 0xFD, 0x00, 0xFF, 0xFF, 0xFE, 0xFE, 0xFE, 0x05, 0x02, 
    0xFA, 0xFE, 0xFC, 0xFD, 0xFC, 0xFF, 0xFD, 0xFE, 0xFD, 0xFE, 0xFE, 0xFF, 
    0xFE, 0xFE, 0xFE, 0xFE, 0xFE, 0xFE, 0xFE, 0xFE, 0xFE, 0xFD, 0x09, 0xFD, 
    0xFB, 0xFE, 0xFC, 0xFE, 0xFD, 0xFE, 0xFD, 0xFE, 0xFE, 0xFE, 0xFD, 0xFE, 
    0xFE, 0xFE, 0xFE, 0xFF, 0xFE, 0xFE, 0xFE, 0xFE, 0xFE, 0xFE, 0xFE, 0xFE, 
    0xFE, 0xFE, 0xFE, 0xFE, 0xFE, 0xFE, 0xFE, 0xFF, 0xFE, 0xFF, 0xFE, 0xFF, 
    0xFE, 0xFF, 0xFD, 0xFF, 0xFD, 0xF2, 0x00, 0xFF, 0xFE, 0xFF, 0xFE, 0xFF, 
    0xFE, 0xFF, 0xFE, 0x00, 0xFE, 0xFF, 0xFE, 0xFF, 0xFF, 0xFF, 0xFF, 0x00, 
    0xFE, 0xFF, 0xFD, 0x00, 0xFB, 0xFC, 0x01, 0xFF, 0x01, 0xFF, 0xFF, 0x00, 
    0xFF, 0xFD, 0xFF, 0xFF, 0xFF, 0xFF, 0xFF, 0xFE, 0xFF, 0xFE, 0xFF, 0xFF, 
    0xFF, 0xFF, 0xFF, 0xFF, 0xFF, 0xFE, 0xFF, 0xFE, 0xFF, 0xFF, 0xFE, 0xFF, 
    0xFF, 0xFF, 0xFE, 0xFF, 0xFE, 0xFF, 0xFE, 0x00, 0xFE, 0x00, 0xFD, 0x05, 
    0x03, 0xFA, 0xFE, 0xFB, 0xFD, 0xFC, 0xFD, 0xFC, 0xFD, 0xFC, 0xFE, 0xFE, 
    0xFE, 0xFE, 0xFF, 0xFE, 0x00, 0xFF, 0xFF, 0xFF, 0xFF, 0xFF, 0xFD, 0x0A, 
    0x01, 0xFB, 0xFF, 0xFC, 0xFE, 0xFE, 0xFE, 0xFD, 0xFE, 0xFC, 0xFE, 0xFD, 
    0xFC, 0xFE, 0xFD, 0xFE, 0xFD, 0xFE, 0xFF, 0xFE, 0xFF, 0xFE, 0xFF, 0xFE, 
    0xFE, 0x00, 0xFF, 0xFF, 0xFF, 0xFE, 0xFF, 0xFE, 0xFF, 0xFE, 0xFF, 0xFD, 
    0xFF, 0xFE, 0xFF, 0xFD, 0xFF, 0xFE, 0xF3, 0xFF, 0xFF, 0x00, 0x01, 0xFE, 
    0xFF, 0xFE, 0x00, 0xFE, 0xFF, 0xFE, 0xFF, 0xFF, 0xFF, 0xFF, 0xFF, 0xFF, 
    0x00, 0xFF, 0x00, 0xFF, 0x00, 0xFD, 0xFC, 0x01, 0x00, 0x01, 0x00, 0x00, 
    0x00, 0xFF, 0x00, 0xFF, 0xFF, 0xFF, 0xFF, 0xFF, 0xFF, 0xFF, 0xFE, 0xFF, 
    0xFF, 0xFF, 0xFF, 0xFF, 0xFE, 0xFF, 0xFF, 0xFE, 0xFF, 0xFF, 0xFF, 0xFF, 
    0xFF, 0xFF, 0xFF, 0xFF, 0xFF, 0xFE, 0xFF, 0xFF, 0x00, 0xFE, 0x00, 0xFD, 
    0x04, 0x05, 0xFB, 0xFE, 0xFC, 0xFF, 0xFD, 0xFD, 0xFE, 0xFE, 0xFD, 0xFE, 
    0xFE, 0xFE, 0xFE, 0xFF, 0xFF, 0xFF, 0xFE, 0xFE, 0xFF, 0xFD, 0xFF, 0xFC, 
    0x09, 0x01, 0xFB, 0xFF, 0xFE, 0xFF, 0xFE, 0xFF, 0xFE, 0xFF, 0xFE, 0xFE, 
    0xFE, 0xFE, 0xFE, 0xFE, 0xFE, 0xFD, 0xFC, 0xFE, 0xFE, 0xFF, 0xFE, 0xFF, 
    0xFF, 0xFE, 0xFE, 0xFF, 0xFE, 0xFE, 0xFF, 0xFE, 0xFF, 0xFF, 0xFE, 0xFF, 
    0xFE, 0xFF, 0xFF, 0xFF, 0xFF, 0xFF, 0xFF, 0xF4, 0xFE, 0x00, 0xFE, 0x00, 
    0xFF, 0x00, 0xFE, 0xFF, 0xFE, 0xFF, 0xFF, 0x00, 0xFE, 0x00, 0xFE, 0xFF, 
    0xFF, 0xFF, 0xFF, 0x00, 0xFE, 0x00, 0xFD, 0xFB, 0x01, 0xFF, 0x00, 0xFF, 
    0x00, 0xFF, 0xFF, 0xFF, 0xFF, 0xFF, 0x00, 0xFF, 0xFF, 0xFF, 0xFF, 0xFF, 
    0xFF, 0xFF, 0xFF, 0xFF, 0xFF, 0xFE, 0xFF, 0xFF, 0xFF, 0xFF, 0x00, 0x00, 
    0xFF, 0xFF, 0xFF, 0x00, 0xFE, 0xFF, 0xFF, 0xFF, 0xFE, 0x00, 0xFE, 0x00, 
    0xFD, 0x04, 0x06, 0xFB, 0xFF, 0xFD, 0xFF, 0xFD, 0xFE, 0xFD, 0xFE, 0xFE, 
    0xFE, 0xFD, 0x00, 0xFF, 0xFE, 0xFF, 0xFE, 0xFF, 0xFF, 0xFF, 0xFE, 0x01, 
    0xFC, 0x09, 0x02, 0xFB, 0xFF, 0xFC, 0xFF, 0xFD, 0xFE, 0xFD, 0xFE, 0xFE, 
    0xFE, 0xFE, 0xFF, 0xFE, 0xFE, 0xFE, 0xFF, 0xFF, 0xFF, 0xFE, 0xFF, 0xFF, 
    0xFF, 0xFF, 0xFE, 0xFF, 0xFF, 0xFF, 0xFF, 0xFF, 0xFF, 0xFF, 0x00, 0xFF, 
    0xFF, 0xFF, 0xFF, 0xFE, 0xFF, 0xFE, 0xFF, 0x00, 0xF4, 0xFD, 0x01, 0xFE, 
    0x00, 0x00, 0x00, 0xFF, 0x00, 0xFF, 0x00, 0xFF, 0xFF, 0xFF, 0xFF, 0xFF, 
    0x00, 0xFE, 0x00, 0xFF, 0x00, 0xFF, 0x00, 0xFE, 0xFC, 0x02, 0x00, 0x00, 
    0x01, 0x01, 0x00, 0x01, 0x00, 0x00, 0x00, 0x00, 0x00, 0x00, 0xFF, 0xFF, 
    0xFF, 0xFF, 0xFF, 0xFF, 0xFF, 0xFF, 0xFF, 0xFF, 0xFF, 0x00, 0xFE, 0xFD, 
    0x00, 0xFF, 0x00, 0xFF, 0x00, 0xFF, 0x00, 0xFF, 0x00, 0xFF, 0x00, 0xFE, 
    0x01, 0xFE, 0x03, 0x07, 0xFB, 0xFF, 0xFD, 0xFE, 0xFE, 0xFF, 0xFE, 0xFF, 
    0xFF, 0xFE, 0xFE, 0xFE, 0xFF, 0xFE, 0xFF, 0xFF, 0xFF, 0xFF, 0xFF, 0xFE, 
    0x01, 0xFC, 0x08, 0x03, 0xFB, 0x00, 0xFD, 0xFF, 0xFE, 0xFF, 0xFE, 0xFF, 
    0xFE, 0xFF, 0xFE, 0xFF, 0xFF, 0xFE, 0xFF, 0xFF, 0xFF, 0xFF, 0xFF, 0xFF, 
    0xFE, 0xFF, 0xFF, 0xFF, 0xFF, 0xFF, 0xFF, 0xFF, 0xFF, 0xFF, 0xFF, 0xFF, 
    0xFF, 0x00, 0xFF, 0x00, 0xFF, 0x00, 0x00, 0xFF, 0x01, 0xF4, 0xFD, 0x02, 
    0xFE, 0x01, 0xFF, 0x01, 0xFF, 0x00, 0xFF, 0x00, 0xFF, 0x00, 0xFF, 0x00, 
    0xFF, 0x00, 0xFF, 0x00, 0xFF, 0x00, 0xFF, 0x02, 0xFF, 0xFB, 0x01, 0xFF, 
    0x00, 0x00, 0x01, 0x00, 0x00, 0x00, 0x00, 0x00, 0x00, 0x00, 0x00, 0x00, 
    0x00, 0x00, 0x00, 0x00, 0xFF, 0x00, 0xFF, 0x00, 0xFF, 0xFF, 0xFF, 0xFF, 
    0xFF, 0xFF, 0xFF, 0x00, 0xFF, 0x00, 0xFF, 0xFF, 0xFF, 0x00, 0xFE, 0x00, 
    0xFF, 0x00, 0xFE, 0x02, 0x08, 0xFD, 0xFF, 0xFE, 0xFF, 0xFF, 0xFF, 0xFF, 
    0xFF, 0xFE, 0xFE, 0xFE, 0xFE, 0xFF, 0xFE, 0xFF, 0xFF, 0xFF, 0xFE, 0x00, 
    0xFE, 0x01, 0xFC, 0x08, 0x05, 0xFB, 0xFF, 0xFD, 0xFF, 0xFE, 0xFF, 0xFE, 
    0xFE, 0xFE, 0xFF, 0xFE, 0xFE, 0xFF, 0xFE, 0xFE, 0xFF, 0xFF, 0xFF, 0xFE, 
    0xFF, 0xFF, 0xFF, 0xFE, 0xFF, 0xFF, 0xFF, 0xFF, 0xFF, 0xFE, 0xFF, 0xFE, 
    0xFF, 0xFF, 0x00, 0xFE, 0xFD, 0x00, 0xFF, 0x00, 0xFE, 0x01, 0xF4, 0xFB, 
    0x02, 0xFE, 0x01, 0xFF, 0x01, 0xFF, 0x00, 0xFF, 0x00, 0x00, 0x00, 0x00, 
    0x00, 0xFF, 0xFF, 0xFF, 0xFF, 0xFF, 0xFF, 0xFF, 0xFF, 0xFE, 0xFB, 0x01, 
    0x00, 0x00, 0x00, 0x00, 0x00, 0x00, 0x00, 0x00, 0xFF, 0xFF, 0x00, 0xFF, 
    0x00, 0x00, 0x00, 0x00, 0x00, 0x00, 0x00, 0xFF, 0x00, 0xFF, 0xFF, 0xFF, 
    0xFF, 0xFF, 0xFF, 0xFF, 0xFF, 0xFF, 0xFF, 0xFF, 0xFF, 0xFF, 0x01, 0xFE, 
    0x00, 0xFE, 0x00, 0xFE, 0x01, 0x08, 0xFC, 0xFE, 0xFD, 0xFE, 0xFF, 0xFE, 
    0xFF, 0xFF, 0xFF, 0xFF, 0xFF, 0xFE, 0xFF, 0xFE, 0xFE, 0xFE, 0xFE, 0xFE, 
    0xFF, 0xFD, 0x00, 0xFB, 0x06, 0x06, 0xFB, 0xFF, 0xFD, 0xFF, 0xFD, 0xFE, 
    0x00, 0xFE, 0xFF, 0xFE, 0xFE, 0xFE, 0xFF, 0xFF, 0xFE, 0xFF, 0xFE, 0xFF, 
    0xFE, 0xFF, 0xFF, 0xFF, 0xFE, 0xFF, 0xFF, 0xFF, 0xFF, 0xFF, 0xFE, 0xFF, 
    0xFF, 0xFF, 0xFF, 0xFF, 0xFF, 0xFF, 0xFF, 0xFE, 0x00, 0xFE, 0x02, 0xF6, 
    0xFA, 0x03, 0xFD, 0x01, 0xFF, 0x00, 0xFF, 0x00, 0xFF, 0x00, 0x00, 0x00, 
    0xFF, 0x00, 0x00, 0x00, 0xFF, 0x00, 0xFF, 0x00, 0xFF, 0x00, 0x00, 0xFB, 
    0x01, 0x00, 0x00, 0x00, 0x00, 0x00, 0x00, 0x00, 0x00, 0x00, 0x00, 0x00, 
    0xFF, 0x00, 0x00, 0xFF, 0x00, 0x00, 0xFF, 0x00, 0xFF, 0xFF, 0xFF, 0xFF, 
    0xFF, 0x00, 0xFF, 0x00, 0xFF, 0x00, 0xFF, 0x00, 0x00, 0x00, 0xFF, 0x00, 
    0xFF, 0x00, 0xFF, 0x00, 0xFF, 0x00, 0x09, 0xFE, 0xFD, 0xFD, 0xFE, 0xFF, 
    0xFE, 0xFF, 0xFE, 0xFF, 0xFE, 0xFF, 0xFF, 0xFF, 0xFE, 0x00, 0xFF, 0x00, 
    0xFF, 0x00, 0xFD, 0x01, 0xFC, 0x05, 0x08, 0xFA, 0x00, 0xFC, 0xFF, 0xFE, 
    0xFF, 0xFE, 0xFE, 0xFF, 0xFD, 0xFF, 0xFD, 0x00, 0xFE, 0xFF, 0xFE, 0xFF, 
    0xFF, 0xFF, 0x00, 0xFF, 0xFF, 0xFF, 0xFF, 0xFF, 0x00, 0xFF, 0x00, 0xFE, 
    0x01, 0xFF, 0xFF, 0xFF, 0xFF, 0x00, 0xFE, 0x01, 0xFE, 0x01, 0xFD, 0x02, 
    0xF8, 0xF7, 0x03, 0xFE, 0x01, 0xFF, 0x01, 0xFF, 0x00, 0x00, 0x00, 0x00, 
    0x00, 0x00, 0x00, 0x00, 0x00, 0x00, 0xFF, 0x00, 0x00, 0xFF, 0x00, 0x00, 
    0xFC, 0x00, 0x01, 0xFF, 0x01, 0x00, 0x00, 0x00, 0x00, 0x00, 0x00, 0x00, 
    0x00, 0xFF, 0x00, 0xFF, 0x00, 0x01, 0x00, 0xFF, 0x00, 0x00, 0x00, 0x00, 
    0x00, 0x00, 0x00, 0x00, 0x00, 0x00, 0xFF, 0xFF, 0x00, 0xFF, 0xFF, 0xFF, 
    0x00, 0xFF, 0x00, 0x00, 0x00, 0xFF, 0x00, 0x08, 0xFF, 0xFD, 0xFE, 0xFE, 
    0xFF, 0xFE, 0xFF, 0xFF, 0xFF, 0xFF, 0xFF, 0xFE, 0x00, 0xFF, 0x00, 0xFF, 
    0x00, 0xFF, 0x00, 0xFE, 0x01, 0xFD, 0x04, 0x09, 0xFC, 0xFF, 0xFE, 0xFF, 
    0xFE, 0xFE, 0xFE, 0xFE, 0xFF, 0xFE, 0xFF, 0xFE, 0xFF, 0xFE, 0xFF, 0xFF, 
    0xFF, 0xFF, 0xFF, 0xFF, 0xFF, 0xFF, 0xFF, 0xFF, 0xFF, 0x00, 0xFF, 0xFF, 
    0xFF, 0xFE, 0xFF, 0xFF, 0xFF, 0xFF, 0xFF, 0xFE, 0xFF, 0xFE, 0x00, 0xFD, 
    0x01, 0xF8, 0xF7, 0x03, 0xFE, 0x01, 0xFF, 0x01, 0x00, 0x00, 0x00, 0x00, 
    0x00, 0xFF, 0xFF, 0x00, 0x00, 0x00, 0x00, 0x00, 0x00, 0x00, 0xFF, 0xFF, 
    0x00, 0xFA, 0xFF, 0x00, 0xFF, 0x00, 0xFF, 0x00, 0xFF, 0x00, 0x00, 0x00, 
    0x01, 0x00, 0x00, 0x00, 0x00, 0x00, 0x00, 0x00, 0xFF, 0x00, 0xFF, 0xFF, 
    0x00, 0xFF, 0xFF, 0x00, 0xFF, 0x00, 0xFF, 0xFF, 0xFF, 0xFF, 0xFF, 0xFF, 
    0xFF, 0xFF, 0xFF, 0xFF, 0xFF, 0xFF, 0xFF, 0xFF, 0x08, 0xFF, 0xFD, 0xFE, 
    0xFE, 0xFE, 0xFE, 0xFF, 0xFD, 0xFF, 0xFD, 0xFF, 0xFE, 0xFE, 0xFF, 0x00, 
    0xFF, 0x00, 0xFF, 0x00, 0xFE, 0x01, 0xFD, 0x03, 0x09, 0xFB, 0xFE, 0xFD, 
    0xFD, 0xFE, 0xFD, 0xFE, 0xFE, 0xFF, 0xFE, 0xFE, 0xFE, 0xFE, 0xFF, 0xFF, 
    0xFE, 0xFF, 0xFE, 0xFF, 0x00, 0xFF, 0xFF, 0x00, 0xFF, 0x00, 0x01, 0xFF, 
    0xFF, 0xFF, 0xFF, 0xFE, 0xFF, 0xFF, 0xFE, 0xFF, 0xFE, 0xFF, 0xFE, 0x00, 
    0xFD, 0x01, 0xF9, 0xF6, 0x03, 0xFE, 0x01, 0x00, 0x01, 0x00, 0x00, 0x00, 
    0x00, 0x00, 0x00, 0x00, 0xFF, 0x00, 0x00, 0x00, 0x00, 0x00, 0xFF, 0x00, 
    0xFF, 0x00, 0xFB, 0xFE, 0x01, 0x00, 0x00, 0xFF, 0x00, 0x00, 0x00, 0x00, 
    0x01, 0x00, 0x00, 0x00, 0x00, 0x00, 0x00, 0x00, 0x00, 0xFF, 0x00, 0xFF, 
    0xFF, 0x00, 0x00, 0xFF, 0x00, 0x00, 0x00, 0xFF, 0xFF, 0x00, 0xFF, 0xFF, 
    0x00, 0xFF, 0xFF, 0x00, 0xFF, 0x00, 0xFF, 0x00, 0xFF, 0x08, 0x00, 0xFC, 
    0xFF, 0xFE, 0xFF, 0xFD, 0xFF, 0xFE, 0x00, 0xFE, 0xFF, 0xFE, 0xFF, 0xFF, 
    0xFF, 0xFE, 0x00, 0xFE, 0xFF, 0xFE, 0xFE, 0xFD, 0x01, 0x0A, 0xFC, 0xFD, 
    0xFE, 0xFE, 0xFF, 0xFE, 0xFF, 0xFE, 0xFF, 0xFE, 0xFF, 0xFF, 0x00, 0xFF, 
    0xFF, 0xFF, 0xFF, 0xFF, 0xFF, 0xFF, 0xFF, 0xFF, 0xFF, 0xFF, 0xFF, 0xFF, 
    0xFF, 0xFF, 0xFF, 0x00, 0xFF, 0xFF, 0xFF, 0xFF, 0x00, 0xFF, 0x00, 0xFE, 
    0x01, 0xFE, 0x00, 0xFB, 0xF5, 0x02, 0xFE, 0x00, 0x00, 0x00, 0x00, 0x00, 
    0x00, 0x00, 0x00, 0xFF, 0x00, 0x00, 0x00, 0xFF, 0xFF, 0xFF, 0x00, 0xFF, 
    0x00, 0xFF, 0x00, 0xFC, 0xFF, 0x01, 0x00, 0x00, 0x00, 0x00, 0x00, 0x00, 
    0xFF, 0x00, 0x00, 0x00, 0x00, 0x00, 0x00, 0x00, 0x00, 0x00, 0xFF, 0x00, 
    0x00, 0xFF, 0x00, 0xFF, 0xFF, 0xFF, 0x00, 0xFF, 0xFF, 0xFF, 0xFF, 0xFF, 
    0xFF, 0xFF, 0xFF, 0x01, 0xFF, 0xFF, 0x00, 0xFE, 0x00, 0xFE, 0x08, 0x02, 
    0xFC, 0xFF, 0xFD, 0x00, 0xFE, 0xFF, 0xFE, 0xFF, 0xFE, 0xFF, 0xFE, 0x00, 
    0xFF, 0xFF, 0xFF, 0xFF, 0xFE, 0xFF, 0xFF, 0x00, 0xFF, 0x00, 0x0A, 0xFE, 
    0xFE, 0xFE, 0xFD, 0xFF, 0xFD, 0xFF, 0xFE, 0xFF, 0xFE, 0xFF, 0xFE, 0xFF, 
    0xFF, 0xFE, 0xFE, 0xFF, 0xFF, 0xFF, 0xFE, 0xFF, 0xFF, 0xFF, 0x00, 0xFF, 
    0xFF, 0xFF, 0xFF, 0xFF, 0xFF, 0xFF, 0xFF, 0x00, 0xFF, 0xFF, 0xFF, 0x00, 
    0xFF, 0xFF, 0xFE, 0x00, 0xFB, 0xF4, 0x01, 0xFF, 0xFF, 0x00, 0xFF, 0x00, 
    0xFF, 0x00, 0xFF, 0x00, 0xFF, 0x00, 0xFF, 0x00, 0xFF, 0x00, 0xFF, 0x00, 
    0xFF, 0x00, 0xFF, 0x00, 0xFC, 0xFF, 0x01, 0xFF, 0x00, 0x00, 0x01, 0xFF, 
    0x00, 0x00, 0xFF, 0x00, 0xFF, 0x00, 0x00, 0xFF, 0x00, 0xFF, 0x00, 0xFF, 
    0x00, 0xFF, 0x00, 0xFF, 0xFF, 0xFF, 0xFF, 0xFF, 0xFE, 0x00, 0xFE, 0xFF, 
    0xFF, 0xFF, 0xFF, 0xFF, 0xFF, 0xFF, 0x00, 0x00, 0xFE, 0x01, 0xFD, 0x07, 
    0x02, 0xFB, 0xFF, 0xFD, 0x00, 0xFE, 0xFF, 0xFE, 0x00, 0xFE, 0xFF, 0xFE, 
    0xFF, 0xFE, 0xFF, 0xFF, 0xFF, 0xFE, 0x00, 0xFE, 0xFF, 0xFE, 0xFE, 0x0B, 
    0xFD, 0xFC, 0xFF, 0xFD, 0xFF, 0xFE, 0xFF, 0xFE, 0xFE, 0xFE, 0xFF, 0xFE, 
    0xFF, 0xFF, 0xFF, 0xFF, 0xFE, 0xFF, 0xFF, 0xFF, 0x00, 0xFF, 0xFF, 0xFF, 
    0x00, 0xFE, 0xFF, 0xFF, 0xFF, 0xFF, 0xFF, 0xFF, 0x00, 0xFF, 0x00, 0xFF, 
    0x00, 0xFF, 0x00, 0xFE, 0x00, 0xFD, 0xF4, 0x02, 0x00, 0x00, 0x00, 0xFF, 
    0x00, 0xFF, 0x00, 0xFF, 0xFF, 0x00, 0x00, 0xFF, 0x00, 0xFF, 0x00, 0xFF, 
    0x00, 0xFF, 0x00, 0xFF, 0x01, 0xFC, 0xFE, 0x01, 0x00, 0x01, 0xFF, 0x00, 
    0x00, 0x00, 0xFF, 0x00, 0x00, 0x01, 0x00, 0x00, 0xFF, 0xFF, 0x00, 0x00, 
    0xFF, 0xFF, 0x00, 0xFF, 0x00, 0x00, 0x00, 0x01, 0xFF, 0x00, 0x00, 0xFF, 
    0xFF, 0xFF, 0xFF, 0xFF, 0xFF, 0xFF, 0xFF, 0xFF, 0x00, 0xFF, 0x01, 0xFD, 
    0x07, 0x04, 0xFC, 0xFF, 0xFD, 0xFF, 0xFD, 0x00, 0xFE, 0x00, 0xFE, 0xFF, 
    0xFE, 0xFF, 0xFF, 0x00, 0xFE, 0xFF, 0xFF, 0xFF, 0xFF, 0xFE, 0xFF, 0xFE, 
    0x0B, 0xFF, 0xFD, 0xFE, 0xFE, 0xFF, 0xFE, 0x00, 0xFE, 0xFF, 0xFE, 0xFF, 
    0xFD, 0x00, 0xFE, 0xFF, 0xFE, 0xFE, 0xFF, 0xFF, 0xFF, 0xFE, 0xFF, 0xFF, 
    0x01, 0xFF, 0xFF, 0xFF, 0xFF, 0xFF, 0xFF, 0xFF, 0xFE, 0xFF, 0xFF, 0xFF, 
    0xFF, 0x00, 0x00, 0x00, 0xFF, 0x00, 0xFE, 0xF4, 0xFF, 0xFF, 0xFF, 0x01, 
    0xFF, 0x01, 0xFE, 0x01, 0xFF, 0x01, 0xFF, 0x00, 0x01, 0x01, 0x01, 0xFF, 
    0x00, 0x00, 0x00, 0x00, 0xFF, 0x01, 0xFC, 0xFC, 0x02, 0xFF, 0x00, 0x00, 
    0x01, 0x00, 0x00, 0x00, 0x00, 0x00, 0x00, 0x00, 0x00, 0x01, 0x00, 0x00, 
    0x00, 0x00, 0x00, 0xFF, 0x00, 0x00, 0x00, 0x00, 0x00, 0xFF, 0xFF, 0xFF, 
    0x00, 0xFF, 0xFF, 0x01, 0x00, 0x00, 0xFF, 0x00, 0xFF, 0xFF, 0xFF, 0x01, 
    0xFE, 0x05, 0x06, 0xFB, 0xFF, 0xFD, 0xFE, 0xFE, 0xFF, 0xFE, 0xFF, 0xFF, 
    0x01, 0x00, 0xFF, 0xFF, 0xFF, 0x00, 0xFF, 0xFE, 0x00, 0xFF, 0xFF, 0x01, 
    0xFD, 0x0A, 0x01, 0xFC, 0x00, 0xFC, 0xFF, 0xFD, 0xFE, 0xFE, 0xFF, 0xFF, 
    0xFE, 0xFE, 0xFE, 0xFF, 0x00, 0xFF, 0xFF, 0xFF, 0x00, 0x00, 0xFE, 0x01, 
    0xFF, 0xFF, 0xFF, 0xFF, 0x00, 0xFE, 0x00, 0xFF, 0x01, 0xFF, 0x00, 0xFF, 
    0xFF, 0xFF, 0xFF, 0xFF, 0x00, 0xFE, 0xFF, 0x01, 0xF2, 0x00, 0x01, 0xFF, 
    0x00, 0xFF, 0x00, 0xFE, 0x00, 0xFF, 0x00, 0x00, 0x01, 0x00, 0x00, 0xFF, 
    0x00, 0x01, 0x00, 0x00, 0x00, 0xFF, 0x01, 0xFD, 0xFC, 0x02, 0xFF, 0x01, 
    0x00, 0x00, 0xFF, 0x00, 0x00, 0x00, 0x00, 0x00, 0x00, 0xFF, 0xFF, 0x00, 
    0x00, 0x00, 0x00, 0x00, 0x00, 0x00, 0x00, 0x00, 0x00, 0xFF, 0x00, 0x00, 
    0xFF, 0x01, 0x00, 0x00, 0x00, 0xFF, 0x01, 0xFF, 0xFF, 0xFE, 0xFF, 0xFF, 
    0x00, 0xFE, 0x03, 0x05, 0xFB, 0xFE, 0xFD, 0xFF, 0xFE, 0xFF, 0xFE, 0xFF, 
    0xFE, 0xFF, 0xFE, 0xFF, 0xFF, 0x00, 0xFF, 0xFE, 0x01, 0xFF, 0x01, 0x00, 
    0x01, 0xFD, 0x0A, 0x03, 0xFB, 0x00, 0xFD, 0xFE, 0xFD, 0xFF, 0xFD, 0xFF, 
    0xFE, 0xFE, 0xFF, 0xFD, 0xFF, 0xFD, 0xFF, 0xFE, 0xFF, 0xFE, 0xFF, 0xFE, 
    0x00, 0xFD, 0xFD, 0x02, 0xFF, 0x02, 0xFD, 0x02, 0xFF, 0x00, 0x00, 0x01, 
    0xFE, 0x00, 0xFF, 0x01, 0x00, 0xFF, 0x00, 0xFE, 0x01, 0xF5, 0xFF, 0x01, 
    0x00, 0x00, 0x00, 0x01, 0x00, 0x00, 0x01, 0xFF, 0x00, 0xFF, 0x00, 0x00, 
    0xFE, 0x00, 0xFF, 0x00, 0xFE, 0x03, 0x00, 0x00, 0xFE, 0xFD, 0x01, 0x00, 
    0x00, 0x00, 0x00, 0x00, 0x01, 0xFF, 0x01, 0x00, 0x01, 0x00, 0x01, 0x01, 
    0x00, 0x00, 0x00, 0x01, 0x00, 0x00, 0xFF, 0x00, 0x00, 0x00, 0x01, 0x00, 
    0x00, 0x00, 0x00, 0x01, 0x00, 0x00, 0x00, 0x00, 0xFF, 0x00, 0xFF, 0x00, 
    0xFE, 0x01, 0xFE, 0x03, 0x08, 0xFB, 0xFE, 0xFE, 0xFF, 0xFE, 0xFF, 0xFE, 
    0xFE, 0x00, 0xFE, 0xFF, 0x00, 0xFF, 0x01, 0x00, 0x00, 0x00, 0xFF, 0x01, 
    0xFE, 0x01, 0xFD, 0x09, 0x04, 0xFA, 0xFF, 0xFD, 0xFF, 0xFE, 0xFF, 0xFE, 
    0xFF, 0xFE, 0xFF, 0xFE, 0x00, 0xFF, 0xFF, 0x00, 0xFF, 0xFF, 0xFF, 0x00, 
    0x00, 0xFF, 0x00, 0x00, 0x00, 0x01, 0x00, 0xFF, 0x00, 0x00, 0x00, 0x00, 
    0x00, 0xFF, 0xFF, 0xFF, 0xFF, 0x00, 0xFF, 0x00, 0xFF, 0x01, 0xF6, 0xFD, 
    0x01, 0x00, 0x01, 0xFF, 0x01, 0xFF, 0x01, 0x00, 0x01, 0xFF, 0x01, 0xFF, 
    0x01, 0x01, 0x00, 0x01, 0x01, 0x01, 0x00, 0x00, 0x01, 0xFF, 0xFC, 0x02, 
    0x01, 0x01, 0x00, 0x01, 0x00, 0x00, 0x00, 0x00, 0x00, 0x00, 0x00, 0x00, 
    0x01, 0xFF, 0x00, 0x00, 0xFF, 0x00, 0x00, 0x00, 0x01, 0x00, 0x00, 0x00, 
    0x01, 0x01, 0x00, 0x01, 0x00, 0x01, 0x00, 0x00, 0x00, 0xFF, 0x00, 0xFF, 
    0x00, 0xFE, 0x00, 0xFD, 0x02, 0x07, 0xFC, 0xFE, 0xFE, 0xFE, 0x00, 0xFF, 
    0xFF, 0xFF, 0x00, 0xFF, 0x00, 0x00, 0x00, 0x00, 0x00, 0x00, 0x00, 0x00, 
    0x00, 0xFE, 0x01, 0xFD, 0x07, 0x05, 0xFB, 0x01, 0xFE, 0xFF, 0x00, 0x00, 
    0xFF, 0x00, 0xFF, 0xFF, 0xFF, 0xFF, 0xFF, 0xFF, 0x00, 0xFF, 0xFF, 0x00, 
    0x00, 0xFF, 0xFF, 0x00, 0xFF, 0xFF, 0xFF, 0x00, 0xFF, 0x00, 0xFF, 0xFF, 
    0xFF, 0x00, 0xFF, 0x00, 0x00, 0x00, 0x00, 0xFF, 0x01, 0xFE, 0x02, 0xF5, 
    0xFB, 0x02, 0xFE, 0x01, 0xFF, 0x01, 0xFF, 0x01, 0x00, 0x01, 0x00, 0x01, 
    0x01, 0x00, 0x01, 0x01, 0x01, 0x01, 0x00, 0x00, 0xFF, 0x00, 0xFF, 0xFC, 
    0x02, 0x00, 0x01, 0x01, 0x00, 0x00, 0x00, 0x00, 0x00, 0x00, 0x00, 0x00, 
    0x00, 0x00, 0x00, 0x00, 0x00, 0x00, 0x00, 0x00, 0x00, 0xFF, 0xFF, 0xFF, 
    0xFF, 0x00, 0xFF, 0x00, 0xFF, 0x00, 0x00, 0x01, 0xFF, 0x01, 0x00, 0x01, 
    0x00, 0x00, 0x00, 0x01, 0xFE, 0x01, 0x08, 0xFC, 0xFE, 0xFE, 0xFF, 0xFF, 
    0xFE, 0xFF, 0xFE, 0x00, 0xFF, 0xFF, 0xFF, 0x00, 0xFF, 0x00, 0xFF, 0xFF, 
    0xFE, 0x01, 0xFD, 0x01, 0xFD, 0x06, 0x07, 0xFA, 0xFF, 0xFD, 0xFF, 0xFE, 
    0xFF, 0xFF, 0xFF, 0xFF, 0x00, 0xFF, 0xFF, 0xFF, 0xFF, 0x00, 0x00, 0x00, 
    0xFF, 0xFF, 0xFF, 0xFF, 0xFF, 0xFF, 0xFF, 0x00, 0xFF, 0xFF, 0xFF, 0xFF, 
    0x00, 0xFF, 0x00, 0xFF, 0x00, 0x00, 0x00, 0x00, 0xFF, 0x01, 0xFE, 0x01, 
    0xF6, 0xFA, 0x02, 0xFE, 0x02, 0x00, 0x01, 0x00, 0x01, 0xFF, 0x00, 0x01, 
    0x00, 0x00, 0x00, 0x00, 0x00, 0x00, 0x00, 0x00, 0x01, 0x00, 0x01, 0x00, 
    0xFC, 0x01, 0x01, 0x01, 0x01, 0x01, 0x00, 0x00, 0x00, 0x00, 0x00, 0x00, 
    0x00, 0x00, 0x00, 0x02, 0x01, 0x00, 0x00, 0x01, 0x00, 0xFF, 0x01, 0x00, 
    0x01, 0x00, 0x00, 0x00, 0x00, 0x00, 0x01, 0xFF, 0x00, 0x00, 0x01, 0xFF, 
    0x00, 0x00, 0x00, 0xFF, 0x00, 0x01, 0x00, 0x0A, 0xFE, 0xFE, 0xFF, 0xFF, 
    0xFF, 0x00, 0xFF, 0xFF, 0x00, 0xFF, 0x01, 0xFF, 0xFF, 0xFF, 0xFF, 0xFF, 
    0xFF, 0xFF, 0x01, 0xFF, 0x02, 0xFD, 0x06, 0x08, 0xFC, 0x00, 0xFF, 0xFF, 
    0xFF, 0xFF, 0xFF, 0xFF, 0xFE, 0xFF, 0xFF, 0x00, 0x00, 0xFF, 0xFF, 0x00, 
    0xFF, 0x01, 0x00, 0xFF, 0x00, 0x00, 0x00, 0x00, 0xFD, 0x01, 0x00, 0xFF, 
    0x00, 0x01, 0x00, 0xFE, 0x01, 0xFF, 0x00, 0xFE, 0x01, 0x00, 0x00, 0xFF, 
    0x03, 0xF7, 0xF9, 0x03, 0xFE, 0x03, 0xFF, 0x02, 0x00, 0x00, 0x01, 0xFF, 
    0x00, 0x01, 0x00, 0x01, 0xFF, 0x01, 0x00, 0x01, 0x00, 0x00, 0x00, 0x00, 
    0x01, 0xFB, 0x01, 0x01, 0x01, 0x01, 0x01, 0x01, 0x01, 0x00, 0x00, 0x00, 
    0x00, 0x00, 0x00, 0x00, 0x00, 0x00, 0x00, 0x00, 0x00, 0x00, 0x00, 0x00, 
    0x00, 0x00, 0x00, 0x00, 0x00, 0x00, 0x00, 0x00, 0x00, 0x00, 0x00, 0x01, 
    0xFF, 0x01, 0x00, 0x00, 0xFF, 0x00, 0x00, 0x00, 0x09, 0xFF, 0xFE, 0xFF, 
    0xFE, 0xFF, 0xFF, 0x00, 0xFF, 0x00, 0xFF, 0x00, 0xFF, 0x00, 0xFF, 0x00, 
    0xFF, 0x00, 0xFF, 0x00, 0xFF, 0x01, 0xFD, 0x04, 0x09, 0xFB, 0xFF, 0xFE, 
    0xFF, 0xFE, 0xFF, 0xFF, 0xFF, 0xFF, 0xFF, 0x00, 0xFF, 0x00, 0xFF, 0xFF, 
    0x00, 0x00, 0x00, 0x00, 0xFF, 0x00, 0xFF, 0xFF, 0x01, 0x00, 0x00, 0xFF, 
    0x00, 0x00, 0xFF, 0x00, 0xFF, 0x00, 0x00, 0x00, 0xFF, 0x00, 0xFF, 0x01, 
    0xFE, 0x03, 0xF8, 0xF9, 0x03, 0xFF, 0x01, 0x00, 0x01, 0x00, 0x01, 0x00, 
    0x00, 0x00, 0x02, 0xFF, 0x01, 0x00, 0x00, 0x01, 0x00, 0x01, 0x01, 0x00, 
    0x00, 0x01, 0xFB, 0x01, 0x01, 0x01, 0x01, 0x01, 0x01, 0x00, 0x01, 0x00, 
    0x01, 0x00, 0x00, 0x01, 0x01, 0x00, 0x00, 0x00, 0x00, 0x00, 0x00, 0xFF, 
    0x01, 0x01, 0x00, 0x00, 0xFF, 0x01, 0x01, 0x00, 0x00, 0x00, 0x00, 0x00, 
    0x00, 0x00, 0x00, 0xFF, 0x00, 0xFF, 0x00, 0x00, 0xFF, 0x09, 0x00, 0xFD, 
    0x00, 0xFE, 0xFF, 0xFF, 0xFF, 0xFE, 0x00, 0xFE, 0xFF, 0xFF, 0x00, 0xFF, 
    0x00, 0x00, 0x00, 0x00, 0xFF, 0xFE, 0x01, 0xFE, 0x03, 0x0A, 0xFC, 0xFE, 
    0xFE, 0xFE, 0xFF, 0xFF, 0x00, 0xFE, 0x00, 0xFF, 0xFF, 0xFF, 0xFF, 0xFF, 
    0xFF, 0xFE, 0xFF, 0xFF, 0xFF, 0xFF, 0xFF, 0x00, 0xFF, 0xFF, 0x00, 0xFF, 
    0x00, 0xFF, 0xFF, 0xFF, 0x00, 0xFF, 0x00, 0xFF, 0x00, 0x00, 0x00, 0xFF, 
    0x00, 0xFE, 0x02, 0xFA, 0xF6, 0x04, 0xFF, 0x00, 0x00, 0x01, 0x00, 0x01, 
    0x00, 0x00, 0x00, 0x00, 0x00, 0x00, 0x00, 0x00, 0x00, 0x00, 0x00, 0x00, 
    0x00, 0x00, 0x00, 0xFB, 0x00, 0x01, 0x00, 0x01, 0x00, 0x01, 0x00, 0x00, 
    0x00, 0x01, 0x00, 0x00, 0x01, 0x00, 0x01, 0x00, 0x00, 0x00, 0xFF, 0x00, 
    0x00, 0x00, 0x00, 0x00, 0x00, 0x00, 0x00, 0x00, 0x00, 0x00, 0x00, 0x01, 
    0xFF, 0x01, 0x00, 0x00, 0x00, 0xFF, 0x01, 0xFF, 0x00, 0xFF, 0x09, 0x01, 
    0xFD, 0xFE, 0xFE, 0xFF, 0xFF, 0xFF, 0x00, 0x00, 0xFE, 0x00, 0xFF, 0x01, 
    0xFD, 0x00, 0xFF, 0xFF, 0xFF, 0x00, 0xFF, 0x01, 0xFD, 0x02, 0x0B, 0xFE, 
    0xFE, 0xFE, 0xFE, 0xFE, 0xFF, 0xFF, 0xFE, 0xFF, 0xFF, 0xFF, 0x01, 0xFE, 
    0xFE, 0x00, 0xFF, 0xFF, 0xFF, 0xFF, 0x00, 0xFF, 0xFF, 0x00, 0xFF, 0x00, 
    0xFE, 0x01, 0xFF, 0x00, 0x00, 0x00, 0x01, 0xFF, 0x00, 0x01, 0xFF, 0x00, 
    0xFF, 0x01, 0xFE, 0x02, 0xFB, 0xF6, 0x03, 0xFF, 0x01, 0x00, 0x00, 0x01, 
    0xFF, 0x00, 0x01, 0x00, 0x00, 0x00, 0x00, 0x01, 0x00, 0x00, 0x00, 0x01, 
    0xFF, 0x00, 0xFF, 0x01, 0xFD, 0xFF, 0x02, 0x00, 0x01, 0xFF, 0x00, 0x01, 
    0x00, 0x01, 0x00, 0x00, 0x00, 0x00, 0x01, 0x00, 0x01, 0x00, 0x00, 0x00, 
    0x00, 0x00, 0x00, 0x00, 0x00, 0x00, 0x00, 0x00, 0x01, 0x00, 0x00, 0x00, 
    0x00, 0x00, 0x00, 0x00, 0x00, 0x00, 0x00, 0x00, 0xFF, 0x01, 0xFE, 0x08, 
    0x02, 0xFC, 0x00, 0xFE, 0x00, 0xFF, 0x00, 0xFF, 0x00, 0xFF, 0x00, 0xFE, 
    0x00, 0xFF, 0xFF, 0xFF, 0x00, 0xFF, 0x00, 0xFF, 0x00, 0xFF, 0x00, 0x0B, 
    0xFE, 0xFE, 0xFF, 0xFE, 0xFF, 0xFE, 0x00, 0xFE, 0x00, 0xFF, 0x00, 0x00, 
    0x00, 0x00, 0xFF, 0xFF, 0xFF, 0xFF, 0x00, 0xFF, 0xFF, 0x00, 0xFF, 0x00, 
    0x00, 0xFF, 0x00, 0x00, 0xFF, 0xFF, 0x00, 0xFF, 0x00, 0xFF, 0x00, 0xFF, 
    0x00, 0xFF, 0x00, 0xFF, 0x01, 0xFC, 0xF7, 0x02, 0x00, 0x00, 0x00, 0x01, 
    0x00, 0x01, 0x01, 0x00, 0x01, 0x00, 0x00, 0x00, 0x00, 0x00, 0x00, 0xFF, 
    0x01, 0x00, 0x00, 0xFF, 0x02, 0xFC, 0xFE, 0x02, 0x00, 0x01, 0x00, 0x02, 
    0x00, 0x01, 0x00, 0x01, 0x01, 0x00, 0x00, 0x01, 0x00, 0x00, 0x00, 0x00, 
    0x00, 0x00, 0x00, 0x00, 0x00, 0x00, 0x00, 0x00, 0x00, 0x00, 0x00, 0x00, 
    0x00, 0x00, 0x00, 0x01, 0xFF, 0x00, 0x01, 0xFF, 0x00, 0xFF, 0x01, 0xFF, 
    0x07, 0x04, 0xFC, 0x00, 0xFE, 0xFF, 0xFF, 0xFF, 0x00, 0x00, 0xFE, 0x00, 
    0xFF, 0x00, 0xFF, 0x00, 0xFF, 0x00, 0xFF, 0xFF, 0x00, 0xFF, 0xFF, 0x00, 
    0x0B, 0xFE, 0xFE, 0x00, 0xFE, 0xFF, 0xFF, 0xFF, 0xFF, 0xFF, 0xFF, 0x00, 
    0xFF, 0xFF, 0xFD, 0xFF, 0x00, 0xFF, 0xFF, 0x00, 0xFF, 0xFF, 0xFF, 0xFF, 
    0x00, 0x00, 0x00, 0x00, 0xFF, 0xFF, 0x00, 0x00, 0x00, 0x00, 0xFF, 0x00, 
    0xFF, 0x00, 0xFE, 0x00, 0xFF, 0x00, 0xFE, 0xF4, 0x01, 0x00, 0xFF, 0x00, 
    0x00, 0x01, 0x01, 0x01, 0x00, 0x00, 0x00, 0x01, 0xFF, 0x01, 0x00, 0x00, 
    0x01, 0x01, 0xFF, 0x01, 0xFF, 0x01, 0xFD, 0xFD, 0x03, 0xFF, 0x02, 0x01, 
    0x01, 0x00, 0x01, 0x00, 0x00, 0x01, 0x00, 0x01, 0xFF, 0x01, 0x00, 0x00, 
    0x00, 0x00, 0x00, 0x00, 0xFF, 0x00, 0x01, 0xFF, 0xFF, 0x00, 0x00, 0x00, 
    0x00, 0x01, 0x00, 0x00, 0x00, 0x00, 0xFF, 0x00, 0x00, 0x00, 0x00, 0x00, 
    0xFE, 0x07, 0x05, 0xFC, 0x00, 0xFE, 0xFE, 0xFF, 0x00, 0xFE, 0x00, 0xFF, 
    0x00, 0xFE, 0xFF, 0x00, 0xFE, 0x00, 0xFF, 0xFF, 0xFF, 0xFF, 0x00, 0xFE, 
    0xFF, 0x0C, 0x00, 0xFC, 0x00, 0xFD, 0x00, 0xFF, 0xFF, 0xFF, 0x00, 0xFF, 
    0x00, 0xFF, 0x00, 0xFF, 0xFF, 0x00, 0xFF, 0x00, 0xFF, 0x00, 0xFF, 0xFF, 
    0xFF, 0xFF, 0xFF, 0xFF, 0x00, 0xFF, 0x01, 0xFF, 0xFF, 0x00, 0x01, 0xFF, 
    0x00, 0xFF, 0x01, 0xFF, 0x00, 0x00, 0x00, 0x00, 0xF4, 0x01, 0x01, 0x00, 
    0x01, 0x00, 0x02, 0x00, 0x01, 0x00, 0x01, 0xFF, 0x00, 0x00, 0x00, 0x00, 
    0x00, 0xFF, 0x00, 0xFF, 0x00, 0x00, 0x01, 0xFD, 0xFD, 0x02, 0x00, 0x01, 
    0x00, 0x01, 0x00, 0x00, 0x00, 0x00, 0x00, 0x01, 0x00, 0x01, 0x01, 0x00, 
    0x01, 0x01, 0x01, 0x00, 0x01, 0x00, 0xFF, 0xFF, 0xFF, 0x00, 0x01, 0x00, 
    0x00, 0x01, 0xFF, 0x00, 0xFF, 0x00, 0x01, 0x00, 0x00, 0xFF, 0x01, 0xFF, 
    0x03, 0xFE, 0x06, 0x07, 0xFB, 0x00, 0xFE, 0x00, 0xFE, 0xFF, 0xFF, 0x00, 
    0xFF, 0xFE, 0x00, 0xFF, 0xFE, 0xFF, 0xFF, 0xFF, 0xFF, 0x00, 0x00, 0xFE, 
    0xFF, 0xFE, 0x0A, 0x01, 0xFB, 0x00, 0xFE, 0x00, 0xFF, 0x00, 0xFF, 0x00, 
    0xFF, 0xFF, 0xFF, 0xFF, 0xFF, 0xFF, 0xFF, 0x00, 0x00, 0x00, 0x00, 0xFE, 
    0xFF, 0x00, 0xFF, 0x00, 0xFF, 0xFF, 0xFF, 0x00, 0xFF, 0xFF, 0xFF, 0x00, 
    0xFF, 0x00, 0xFF, 0x00, 0x01, 0x00, 0x00, 0x00, 0xFF, 0xF4, 0xFF, 0x02, 
    0x00, 0x01, 0x01, 0x01, 0x00, 0x02, 0x00, 0x01, 0x00, 0x01, 0x00, 0x00, 
    0x00, 0x01, 0xFF, 0x00, 0x00, 0x00, 0xFF, 0x00, 0xFD, 0xFD, 0x01, 0xFF, 
    0x00, 0x00, 0x00, 0x00, 0x01, 0x00, 0x01, 0x00, 0x00, 0x01, 0x00, 0x00, 
    0x00, 0x00, 0x00, 0x00, 0xFF, 0x00, 0x00, 0x00, 0xFF, 0x00, 0xFF, 0x00, 
    0xFF, 0x00, 0x00, 0x00, 0x01, 0xFF, 0x00, 0x00, 0xFF, 0x00, 0xFF, 0x00, 
    0xFF, 0x01, 0xFE, 0x05, 0x07, 0xFC, 0x00, 0xFF, 0xFF, 0xFF, 0x00, 0xFF, 
    0xFE, 0xFF, 0x00, 0xFF, 0xFF, 0x00, 0xFF, 0xFF, 0x00, 0x00, 0xFE, 0xFF, 
    0x00, 0x00, 0xFD, 0x0A, 0x02, 0xFC, 0x00, 0xFD, 0xFF, 0xFE, 0xFE, 0x00, 
    0xFE, 0xFE, 0x00, 0xFF, 0xFF, 0xFE, 0x00, 0xFF, 0x00, 0xFF, 0xFF, 0xFF, 
    0xFF, 0x00, 0xFF, 0xFF, 0x00, 0x00, 0xFF, 0x00, 0xFF, 0xFF, 0x00, 0x00, 
    0xFD, 0xFF, 0x00, 0xFE, 0x00, 0xFE, 0x00, 0xFF, 0xFF, 0x01, 0xF4, 0xFE, 
    0x02, 0xFE, 0x01, 0xFF, 0x00, 0x00, 0x00, 0x00, 0x01, 0x00, 0x00, 0xFF, 
    0x01, 0x00, 0x00, 0x00, 0x00, 0x00, 0x01, 0xFF, 0x01, 0xFE, 0xFC, 0x01, 
    0x00, 0x01, 0x00, 0x01, 0x00, 0x01, 0x00, 0x00, 0x00, 0x00, 0x00, 0x00, 
    0x00, 0x00, 0x00, 0x00, 0x00, 0x00, 0x00, 0x00, 0x00, 0x00, 0x00, 0x00, 
    0x00, 0x00, 0x00, 0xFF, 0x00, 0x00, 0x00, 0x00, 0x01, 0xFF, 0x01, 0xFF, 
    0x01, 0x00, 0x00, 0xFF, 0x04, 0x08, 0xFB, 0xFF, 0xFF, 0xFF, 0xFE, 0x00, 
    0xFF, 0x00, 0xFF, 0x01, 0xFF, 0xFF, 0x00, 0xFF, 0x01, 0xFF, 0xFF, 0x00, 
    0xFF, 0xFF, 0x00, 0xFD, 0x08, 0x06, 0xFA, 0x00, 0xFC, 0x01, 0xFD, 0xFE, 
    0x01, 0xFA, 0x05, 0xF9, 0x06, 0xFB, 0x02, 0x02, 0xFE, 0x02, 0x00, 0xFF, 
    0x06, 0xEC, 0xFB, 0x0B, 0xED, 0x14, 0x00, 0xF4, 0x05, 0x01, 0xED, 0x24, 
    0xF8, 0x0A, 0xEB, 0x08, 0x10, 0xEE, 0x1B, 0xE5, 0x0D, 0x03, 0xFD, 0xE2, 
    0x11, 0xDC, 0x0A, 0x17, 0xEF, 0x0D, 0xED, 0x10, 0x09, 0xF6, 0x03, 0x03, 
    0xF7, 0x14, 0xE7, 0x0A, 0x05, 0xFA, 0x06, 0xF6, 0x01, 0x09, 0xFD, 0xFC, 
    0x06, 0xF6, 0x09, 0xFF, 0x03, 0xFF, 0xFA, 0x04, 0x02, 0x01, 0xFF, 0xFE, 
    0x04, 0x00, 0xFD, 0x05, 0x01, 0xFD, 0xFF, 0x01, 0x03, 0x00, 0xFB, 0x01, 
    0x05, 0x00, 0xFD, 0xFE, 0x01, 0x04, 0x00, 0xFE, 0x00, 0xFF, 0x01, 0x02, 
    0xFC, 0x00, 0xFD, 0x04, 0x01, 0xFF, 0x07, 0xFE, 0x01, 0x04, 0xFC, 0xFD, 
    0xFE, 0x04, 0x02, 0xFE, 0xFD, 0xFD, 0x04, 0x00, 0x01, 0xFB, 0x00, 0xFF, 
    0x01, 0x01, 0xFD, 0xFE, 0x00, 0x09, 0x07, 0xFB, 0xFD, 0xFE, 0x00, 0x02, 
    0xF9, 0x02, 0xFD, 0x03, 0xFE, 0xFF, 0x01, 0xFE, 0x02, 0xFD, 0xFF, 0x00, 
    0xFF, 0xFF, 0x00, 0x00, 0xFF, 0xFF, 0x03, 0xFC, 0x00, 0xFE, 0x00, 0x00, 
    0xFE, 0x01, 0xFD, 0x01, 0xFF, 0xFD, 0x01, 0xFB, 0x01, 0x00, 0xFD, 0x02, 
    0xF4, 0xFE, 0x00, 0x00, 0x01, 0x00, 0x01, 0x01, 0x01, 0xFE, 0x00, 0x01, 
    0x01, 0x02, 0x00, 0xFE, 0x02, 0xFF, 0x02, 0xFD, 0x01, 0xFE, 0x02, 0x01, 
    0xFA, 0x02, 0x00, 0x03, 0x00, 0x01, 0xFC, 0x00, 0x02, 0x00, 0x00, 0xFE, 
    0x00, 0x02, 0x00, 0xFF, 0x01, 0xFE, 0x01, 0xFF, 0x00, 0x01, 0xFE, 0x00, 
    0x02, 0xFE, 0x00, 0x00, 0x00, 0x01, 0xFC, 0x02, 0xFF, 0x00, 0xFF, 0x00, 
    0x02, 0xFD, 0x01, 0xFF, 0x01, 0xFF, 0x02, 0x0A, 0xFC, 0xFE, 0xFD, 0xFF, 
    0xFF, 0xFC, 0x00, 0xFD, 0x00, 0xFC, 0xFE, 0x01, 0xFD, 0xFF, 0xFF, 0xFF, 
    0x00, 0x00, 0xFF, 0xFE, 0x01, 0xFD, 0x06, 0x08, 0xFC, 0xFF, 0xFD, 0xFE, 
    0x00, 0xFE, 0xFE, 0xFF, 0x00, 0xFF, 0xFF, 0xFF, 0x00, 0xFE, 0xFF, 0x00, 
    0xFE, 0x00, 0xFF, 0xFF, 0xFE, 0xFF, 0xFF, 0x00, 0x00, 0x00, 0xFF, 0x00, 
    0x00, 0xFD, 0x00, 0xFF, 0xFE, 0x00, 0xFF, 0x00, 0x00, 0xFE, 0x02, 0xFE, 
    0x02, 0xF6, 0xFA, 0x03, 0xFE, 0x02, 0xFF, 0x00, 0x00, 0x01, 0xFE, 0x01, 
    0xFF, 0x01, 0xFF, 0x01, 0xFF, 0x00, 0xFF, 0x00, 0x00, 0xFF, 0x01, 0xFF, 
    0x00, 0xFA, 0x00, 0x01, 0x00, 0x01, 0x01, 0x01, 0x01, 0x00, 0x00, 0x01, 
    0x00, 0x01, 0x00, 0x01, 0xFF, 0x00, 0x01, 0x00, 0x00, 0xFF, 0x00, 0x00, 
    0x01, 0x00, 0xFF, 0x00, 0xFF, 0x01, 0x00, 0x01, 0xFF, 0x00, 0x00, 0x00, 
    0x00, 0x00, 0xFF, 0xFF, 0x00, 0x01, 0xFE, 0xFF, 0x09, 0xFF, 0xFD, 0xFF, 
    0xFD, 0xFF, 0xFE, 0xFE, 0xFF, 0xFE, 0xFE, 0xFF, 0xFF, 0xFF, 0xFF, 0xFF, 
    0xFF, 0x00, 0xFE, 0x00, 0xFF, 0x00, 0xFE, 0x05, 0x07, 0xFC, 0xFF, 0xFE, 
    0xFF, 0xFF, 0xFE, 0xFE, 0xFF, 0xFF, 0xFF, 0xFF, 0xFF, 0xFF, 0xFE, 0x00, 
    0xFF, 0x00, 0xFF, 0xFF, 0xFF, 0xFF, 0x01, 0xFF, 0xFF, 0x00, 0xFF, 0x00, 
    0xFF, 0xFF, 0xFF, 0x00, 0x00, 0x00, 0xFF, 0x00, 0xFF, 0x00, 0xFE, 0x01, 
    0xFE, 0x02, 0xF8, 0xF9, 0x02, 0xFE, 0x02, 0xFF, 0x01, 0x00, 0x00, 0xFF, 
    0x00, 0x00, 0x00, 0x00, 0xFF, 0x00, 0x00, 0x00, 0x00, 0x00, 0xFF, 0xFF, 
    0xFF, 0x00, 0xFB, 0x00, 0x01, 0x00, 0x01, 0xFF, 0x01, 0xFF, 0x01, 0x00, 
    0x01, 0x00, 0x00, 0x01, 0xFF, 0x01, 0xFF, 0x00, 0x00, 0x00, 0x00, 0x00, 
    0x00, 0x00, 0xFF, 0xFF, 0x00, 0xFF, 0x00, 0xFF, 0x00, 0xFF, 0x00, 0x00, 
    0x00, 0x00, 0x00, 0xFF, 0x01, 0xFF, 0x00, 0x00, 0x00, 0x09, 0xFF, 0xFD, 
    0xFF, 0xFE, 0xFF, 0xFE, 0xFF, 0xFF, 0xFF, 0xFE, 0xFF, 0xFE, 0x00, 0xFE, 
    0x00, 0xFF, 0xFF, 0xFD, 0x00, 0xFF, 0x01, 0xFD, 0x04, 0x08, 0xFA, 0x00, 
    0xFD, 0xFE, 0xFF, 0xFF, 0xFE, 0xFF, 0xFE, 0xFE, 0x00, 0xFE, 0xFF, 0xFF, 
    0xFF, 0xFF, 0x00, 0x00, 0xFE, 0xFF, 0xFF, 0x00, 0xFF, 0x00, 0xFF, 0xFF, 
    0xFF, 0x00, 0xFF, 0x00, 0x00, 0xFF, 0x00, 0xFE, 0x00, 0x00, 0xFF, 0xFF, 
    0x00, 0xFE, 0x02, 0xF8, 0xF8, 0x02, 0xFF, 0x01, 0xFF, 0x01, 0xFF, 0x00, 
    0x00, 0x00, 0x00, 0x00, 0x00, 0x00, 0x00, 0x00, 0x00, 0xFF, 0x00, 0xFF, 
    0x00, 0x00, 0x00, 0xFC, 0xFF, 0x01, 0x00, 0x00, 0x00, 0x00, 0x00, 0x00, 
    0x00, 0x00, 0x00, 0x00, 0x00, 0x01, 0xFF, 0x00, 0xFF, 0x00, 0x00, 0x00, 
    0x00, 0xFF, 0x00, 0x00, 0x00, 0x00, 0xFF, 0x00, 0x00, 0xFF, 0xFF, 0x01, 
    0x00, 0x00, 0x00, 0xFF, 0x00, 0x00, 0xFF, 0x00, 0xFF, 0xFF, 0x08, 0x00, 
    0xFE, 0xFF, 0xFE, 0x00, 0xFE, 0x00, 0xFF, 0xFF, 0x00, 0xFF, 0xFF, 0x00, 
    0xFE, 0x00, 0xFE, 0x01, 0xFE, 0x01, 0xFE, 0x01, 0xFE, 0x02, 0x0A, 0xFC, 
    0xFE, 0xFE, 0xFF, 0xFE, 0xFF, 0xFF, 0xFF, 0xFF, 0xFF, 0x00, 0xFF, 0xFF, 
    0xFF, 0xFF, 0xFF, 0x00, 0xFF, 0xFF, 0xFF, 0xFF, 0x00, 0xFF, 0xFF, 0x00, 
    0xFF, 0x00, 0x00, 0xFF, 0xFF, 0x00, 0xFF, 0x00, 0xFF, 0xFF, 0xFF, 0x00, 
    0xFF, 0x01, 0xFE, 0x01, 0xFA, 0xF7, 0x02, 0xFF, 0x00, 0x00, 0x00, 0x00, 
    0x00, 0x00, 0xFF, 0x00, 0x00, 0x00, 0x00, 0x00, 0x00, 0x00, 0x00, 0xFF, 
    0x00, 0x00, 0x00, 0x01, 0xFB, 0xFE, 0x02, 0xFF, 0x00, 0x01, 0x00, 0x00, 
    0x01, 0xFF, 0x00, 0x00, 0x00, 0x00, 0xFF, 0x00, 0x00, 0x00, 0xFF, 0x00, 
    0xFF, 0x00, 0x00, 0xFF, 0x00, 0xFF, 0x00, 0x00, 0x00, 0xFF, 0x00, 0x00, 
    0x00, 0x00, 0x00, 0x00, 0x00, 0xFF, 0x00, 0x00, 0x00, 0x00, 0xFF, 0x08, 
    0x01, 0xFD, 0x00, 0xFE, 0xFF, 0xFF, 0x00, 0xFE, 0x00, 0xFE, 0x00, 0xFF, 
    0xFF, 0xFF, 0x00, 0xFF, 0xFF, 0xFF, 0x00, 0xFF, 0x00, 0xFE, 0x01, 0x0A, 
    0xFE, 0xFE, 0xFF, 0xFE, 0xFF, 0xFF, 0xFF, 0xFF, 0x00, 0xFF, 0xFF, 0xFF, 
    0xFF, 0xFF, 0xFF, 0xFF, 0xFF, 0xFF, 0xFF, 0xFF, 0xFF, 0xFF, 0x00, 0xFF, 
    0xFF, 0x00, 0xFF, 0xFF, 0xFF, 0xFF, 0xFF, 0xFF, 0x00, 0xFF, 0x00, 0xFF, 
    0x00, 0xFF, 0x00, 0xFF, 0x03, 0xFC, 0xF6, 0x03, 0xFF, 0x00, 0x00, 0x00, 
    0x00, 0x00, 0x00, 0x00, 0x00, 0x00, 0x00, 0x00, 0x00, 0x00, 0x00, 0x00, 
    0x00, 0x00, 0x01, 0xFF, 0x01, 0xFC, 0xFE, 0x01, 0x00, 0x01, 0x00, 0x01, 
    0x00, 0x01, 0x00, 0x00, 0x01, 0x00, 0x00, 0x00, 0x01, 0x00, 0x00, 0x00, 
    0x00, 0x00, 0xFF, 0x01, 0x00, 0xFF, 0x00, 0x01, 0x00, 0x00, 0xFF, 0x01, 
    0x00, 0x00, 0x00, 0x00, 0x00, 0xFF, 0x00, 0x00, 0x00, 0xFF, 0x01, 0xFF, 
    0x08, 0x02, 0xFD, 0x00, 0xFE, 0x00, 0xFE, 0x00, 0xFF, 0x00, 0xFF, 0x00, 
    0xFF, 0x00, 0xFF, 0x00, 0xFF, 0x00, 0xFF, 0x00, 0xFF, 0x00, 0xFF, 0x00, 
    0x0A, 0xFE, 0xFE, 0xFF, 0xFE, 0xFF, 0xFE, 0xFF, 0xFF, 0x00, 0xFE, 0x00, 
    0xFE, 0xFF, 0xFF, 0xFF, 0x00, 0xFF, 0xFF, 0xFF, 0xFF, 0xFF, 0x00, 0xFF, 
    0x00, 0xFF, 0xFF, 0x00, 0xFF, 0xFF, 0xFF, 0x00, 0xFF, 0x00, 0x00, 0x00, 
    0xFF, 0x00, 0xFF, 0x00, 0xFF, 0x01, 0xFD, 0xF6, 0x02, 0x00, 0x00, 0x00, 
    0x01, 0x00, 0x00, 0x00, 0x00, 0x00, 0x00, 0x00, 0x00, 0x00, 0x00, 0x00, 
    0x00, 0x00, 0x00, 0x01, 0x00, 0x01, 0xFC, 0xFE, 0x02, 0x00, 0x01, 0x01, 
    0x01, 0x01, 0x01, 0x00, 0x01, 0x00, 0x01, 0x00, 0x01, 0x00, 0x00, 0x00, 
    0x00, 0x00, 0x00, 0x00, 0x00, 0x00, 0x00, 0x00, 0x00, 0x00, 0x00, 0x00, 
    0x00, 0x00, 0x00, 0x00, 0x00, 0x00, 0x00, 0x00, 0x00, 0x00, 0xFF, 0x00, 
    0xFE, 0x07, 0x03, 0xFD, 0xFF, 0xFE, 0x00, 0xFE, 0x00, 0x00, 0x00, 0x00, 
    0x00, 0xFF, 0x00, 0xFF, 0x00, 0xFF, 0x00, 0xFF, 0x00, 0xFF, 0xFF, 0x00, 
    0xFF, 0x0A, 0xFF, 0xFE, 0x00, 0xFE, 0xFF, 0xFF, 0xFF, 0xFF, 0xFF, 0xFF, 
    0x00, 0xFF, 0xFF, 0xFF, 0x00, 0xFF, 0x00, 0xFF, 0xFF, 0xFF, 0xFF, 0x00, 
    0xFF, 0x00, 0xFF, 0x00, 0x00, 0xFF, 0x00, 0xFF, 0xFF, 0x00, 0x00, 0xFF, 
    0x00, 0xFF, 0x00, 0xFF, 0x00, 0xFF, 0x01, 0xFD, 0xF5, 0x01, 0x00, 0x00, 
    0x00, 0x00, 0x01, 0x00, 0x01, 0x00, 0x00, 0x00, 0x01, 0x00, 0x01, 0x00, 
    0x00, 0x00, 0x00, 0x00, 0x01, 0xFF, 0x01, 0xFD, 0xFD, 0x02, 0x00, 0x01, 
    0x00, 0x01, 0x00, 0x00, 0x00, 0x00, 0x00, 0x00, 0x00, 0x00, 0x00, 0x00, 
    0x00, 0x00, 0x00, 0x00, 0x00, 0xFF, 0xFF, 0x00, 0x00, 0x00, 0x00, 0x00, 
    0x00, 0x00, 0x00, 0x00, 0x00, 0x00, 0x00, 0x00, 0x00, 0xFF, 0x01, 0xFF, 
    0x01, 0xFE, 0x06, 0x05, 0xFC, 0x00, 0xFE, 0x00, 0xFF, 0x00, 0xFE, 0xFF, 
    0xFF, 0x00, 0xFF, 0x00, 0xFF, 0xFF, 0xFF, 0xFF, 0x00, 0xFF, 0x00, 0xFF, 
    0x00, 0xFF, 0x0B, 0x00, 0xFD, 0xFE, 0xFE, 0xFF, 0xFD, 0x00, 0xFE, 0x00, 
    0xFE, 0x00, 0xFE, 0xFF, 0x00, 0xFF, 0xFF, 0xFF, 0x00, 0xFF, 0xFF, 0xFF, 
    0x00, 0xFF, 0xFF, 0x00, 0xFF, 0xFF, 0x01, 0x00, 0x00, 0xFF, 0xFF, 0x00, 
    0xFF, 0x00, 0x00, 0x01, 0xFE, 0x01, 0xFF, 0x00, 0xFF, 0xF6, 0x00, 0xFF, 
    0x00, 0x00, 0x00, 0x01, 0xFF, 0x00, 0x00, 0x00, 0x00, 0x01, 0x00, 0x00, 
    0x00, 0xFF, 0x01, 0x01, 0xFE, 0x01, 0xFF, 0x01, 0xFD, 0xFC, 0x01, 0x00, 
    0x00, 0x00, 0x00, 0x00, 0x00, 0x00, 0x01, 0x00, 0x00, 0x01, 0x00, 0x00, 
    0x01, 0xFF, 0x01, 0x00, 0x00, 0x00, 0x00, 0x00, 0x00, 0x00, 0x00, 0x00, 
    0xFF, 0x00, 0x00, 0x00, 0xFF, 0x00, 0xFF, 0x01, 0x00, 0x00, 0xFF, 0x01, 
    0xFF, 0x00, 0xFE, 0x06, 0x05, 0xFC, 0x00, 0xFE, 0x00, 0xFE, 0x00, 0xFD, 
    0x00, 0x00, 0xFF, 0xFF, 0x00, 0xFF, 0x00, 0xFF, 0xFF, 0xFF, 0x00, 0xFF, 
    0xFF, 0x00, 0xFE, 0x0A, 0x01, 0xFD, 0xFF, 0xFE, 0xFF, 0xFF, 0xFF, 0xFE, 
    0x00, 0xFE, 0xFF, 0xFF, 0x00, 0xFF, 0xFF, 0xFF, 0xFF, 0xFF, 0xFF, 0xFF, 
    0x00, 0xFF, 0xFF, 0xFF, 0xFF, 0xFF, 0x00, 0xFF, 0xFF, 0xFF, 0xFE, 0xFE, 
    0x00, 0xFF, 0xFF, 0x00, 0xFF, 0xFF, 0x00, 0xFE, 0x00, 0xFF, 0xF4, 0x00, 
    0x01, 0xFF, 0x01, 0x00, 0x00, 0xFF, 0x01, 0xFF, 0x00, 0x00, 0x00, 0xFF, 
    0x00, 0x00, 0x00, 0x00, 0x00, 0xFF, 0x00, 0xFF, 0x00, 0xFE, 0xFB, 0x01, 
    0xFF, 0x01, 0x00, 0x00, 0x01, 0xFF, 0x00, 0xFF, 0x01, 0xFF, 0x00, 0xFF, 
    0xFF, 0x00, 0xFF, 0x00, 0xFF, 0x00, 0xFF, 0x00, 0x00, 0xFF, 0xFF, 0x00, 
    0xFF, 0xFF, 0xFF, 0x00, 0xFF, 0xFF, 0xFF, 0xFF, 0xFF, 0xFE, 0x00, 0xFE, 
    0x00, 0xFE, 0x00, 0xFD, 0x04, 0x05, 0xFB, 0xFF, 0xFD, 0xFE, 0xFE, 0xFE, 
    0xFD, 0xFE, 0xFE, 0xFE, 0xFE, 0xFE, 0xFE, 0xFE, 0xFE, 0xFD, 0xFE, 0xFE, 
    0xFE, 0xFD, 0xFF, 0xFC, 0x09, 0x00, 0xFB, 0xFF, 0xFC, 0xFE, 0xFC, 0xFF, 
    0xFC, 0xFE, 0xFD, 0xFE, 0xFC, 0xFE, 0xFE, 0xFD, 0xFE, 0xFD, 0xFE, 0xFD, 
    0xFD, 0xFE, 0xFE, 0xFD, 0xFD, 0xFE, 0xFD, 0xFD, 0xFE, 0xFD, 0xFD, 0xFD, 
    0xFD, 0xFE, 0xFC, 0xFE, 0xFD, 0xFD, 0xFD, 0xFE, 0xFE, 0xFD, 0xFE, 0xF3, 
    0xFD, 0xFF, 0xFE, 0xFF, 0xFE, 0xFF, 0xFD, 0xFF, 0xFE, 0xFE, 0xFD, 0xFF, 
    0xFD, 0xFF, 0xFD, 0xFE, 0xFE, 0xFD, 0xFF, 0xFF, 0xFD, 0xFF, 0xFC, 0xFA, 
    0xFF, 0xFE, 0xFF, 0xFE, 0x00, 0xFE, 0xFE, 0xFF, 0xFE, 0xFE, 0xFF, 0xFE, 
    0xFD, 0xFF, 0xFE, 0xFD, 0xFF, 0xFF, 0xFE, 0xFE, 0xFE, 0xFF, 0xFE, 0xFE, 
    0xFE, 0xFF, 0xFE, 0xFE, 0xFE, 0xFE, 0xFE, 0xFE, 0xFF, 0xFE, 0xFE, 0xFE, 
    0xFE, 0xFE, 0xFE, 0xFE, 0xFD, 0x04, 0x05, 0xFC, 0xFF, 0xFD, 0xFD, 0xFE, 
    0xFE, 0xFE, 0xFD, 0xFE, 0xFE, 0xFD, 0xFE, 0xFE, 0xFE, 0xFE, 0xFE, 0xFE, 
    0xFF, 0xFE, 0xFD, 0x00, 0xFB, 0x08, 0x02, 0xFA, 0xFF, 0xFD, 0xFE, 0xFE, 
    0x00, 0xFC, 0xFE, 0xFE, 0xFE, 0xFD, 0xFF, 0xFD, 0xFF, 0xFE, 0xFD, 0x00, 
    0xFF, 0xFE, 0xFE, 0xFF, 0x00, 0xFE, 0xFE, 0xFF, 0xFE, 0xFE, 0xFF, 0xFF, 
    0xFD, 0xFF, 0xFF, 0xFE, 0xFF, 0xFF, 0xFF, 0xFF, 0xFE, 0xFF, 0xFD, 0x01, 
    0xF5, 0xFC, 0x01, 0xFE, 0x01, 0xFF, 0x00, 0xFF, 0x01, 0xFE, 0x00, 0xFF, 
    0x00, 0x00, 0xFF, 0xFF, 0x00, 0xFF, 0x00, 0xFF, 0xFF, 0xFF, 0x00, 0xFE, 
    0xFA, 0x00, 0x00, 0x00, 0x00, 0x00, 0x00, 0x00, 0xFF, 0x00, 0xFF, 0x00, 
    0x01, 0xFF, 0x00, 0xFF, 0xFF, 0x00, 0xFF, 0x00, 0xFF, 0x00, 0x00, 0xFF, 
    0x00, 0x00, 0x00, 0xFF, 0x00, 0xFF, 0x01, 0xFF, 0x00, 0xFF, 0xFF, 0x00, 
    0xFF, 0x00, 0x00, 0xFE, 0x01, 0xFE, 0x03, 0x08, 0xFD, 0xFF, 0xFE, 0xFF, 
    0xFE, 0xFF, 0xFF, 0x00, 0xFE, 0xFF, 0x00, 0xFF, 0xFF, 0xFF, 0x00, 0xFE, 
    0x01, 0xFE, 0x01, 0xFF, 0x00, 0xFE, 0x07, 0x05, 0xFB, 0xFF, 0xFE, 0xFF, 
    0xFD, 0xFF, 0xFF, 0x00, 0xFF, 0xFF, 0x00, 0xFF, 0xFF, 0xFF, 0xFF, 0xFF, 
    0xFF, 0xFF, 0xFF, 0xFF, 0xFF, 0xFF, 0x00, 0x00, 0xFF, 0xFF, 0x00, 0xFF, 
    0xFF, 0x00, 0xFF, 0xFF, 0xFF, 0x00, 0xFF, 0xFF, 0x00, 0xFE, 0x01, 0xFE, 
    0x01, 0xF6, 0xFC, 0x03, 0xFE, 0x01, 0xFF, 0x01, 0xFE, 0x00, 0xFF, 0x00, 
    0xFF, 0x00, 0x00, 0x00, 0xFF, 0x00, 0x00, 0x00, 0x00, 0x00, 0x00, 0x00, 
    0xFE, 0xFB, 0x00, 0x00, 0x01, 0x00, 0x00, 0x00, 0xFF, 0x00, 0x00, 0x01, 
    0x00, 0x00, 0x00, 0x00, 0x00, 0x00, 0x00, 0x00, 0x00, 0x00, 0xFF, 0x00, 
    0x00, 0x00, 0x00, 0x00, 0x00, 0x00, 0x00, 0x00, 0x00, 0x00, 0x00, 0x00, 
    0x00, 0x00, 0xFF, 0x01, 0xFF, 0x01, 0xFE, 0x02, 0x09, 0xFD, 0xFF, 0xFF, 
    0xFF, 0xFF, 0xFF, 0xFF, 0xFF, 0x00, 0xFF, 0xFF, 0x00, 0xFF, 0xFF, 0x00, 
    0xFF, 0x00, 0xFF, 0x00, 0xFF, 0x01, 0xFC, 0x08, 0x07, 0xFB, 0x00, 0xFF, 
    0xFF, 0x00, 0xFF, 0xFF, 0xFF, 0x00, 0x00, 0xFE, 0xFF, 0x00, 0x00, 0xFF, 
    0xFF, 0xFF, 0x00, 0xFE, 0x01, 0x01, 0x00, 0x00, 0xFF, 0x00, 0xFF, 0x00, 
    0xFF, 0x00, 0x00, 0xFF, 0x00, 0x00, 0xFF, 0xFF, 0x00, 0x00, 0xFF, 0x02, 
    0xFD, 0x02, 0xF6, 0xFB, 0x04, 0xFE, 0x02, 0x00, 0x02, 0x00, 0x01, 0xFF, 
    0x01, 0x00, 0x01, 0x00, 0x01, 0x00, 0xFF, 0x00, 0x01, 0xFF, 0x01, 0x00, 
    0x01, 0x00, 0xFA, 0x00, 0x00, 0x01, 0x01, 0x02, 0x01, 0x01, 0x01, 0x01, 
    0x00, 0x00, 0x01, 0x01, 0x00, 0x00, 0x01, 0x00, 0x00, 0x00, 0x00, 0x00, 
    0x01, 0x00, 0x01, 0x00, 0x01, 0x00, 0x00, 0x00, 0x01, 0xFF, 0x01, 0x00, 
    0x00, 0x00, 0x00, 0x00, 0x00, 0xFF, 0x01, 0x00, 0x01, 0x0A, 0xFE, 0xFF, 
    0xFF, 0xFF, 0xFF, 0x00, 0x00, 0xFF, 0x00, 0xFF, 0x00, 0xFF, 0x00, 0xFF, 
    0x00, 0xFE, 0x00, 0xFF, 0x01, 0xFF, 0x02, 0xFD, 0x06, 0x08, 0xFB, 0x00, 
    0xFE, 0xFF, 0xFF, 0x00, 0xFF, 0xFF, 0x00, 0xFF, 0xFF, 0x00, 0xFF, 0xFF, 
    0xFF, 0xFF, 0x00, 0xFF, 0x00, 0xFF, 0x00, 0x00, 0xFF, 0x01, 0xFF, 0xFF, 
    0x00, 0x00, 0xFF, 0xFF, 0x00, 0xFF, 0x00, 0x00, 0x00, 0x00, 0x00, 0xFF, 
    0x00, 0xFE, 0x03, 0xF7, 0xFA, 0x04, 0xFF, 0x02, 0xFF, 0x01, 0x00, 0x01, 
    0x00, 0x01, 0x00, 0x00, 0x00, 0x01, 0x00, 0x00, 0x00, 0x01, 0xFF, 0x00, 
    0x01, 0x00, 0x00, 0xFC, 0x00, 0x00, 0x00, 0x00, 0xFF, 0x05, 0x01, 0xFD, 
    0x05, 0xFE, 0xFF, 0x02, 0x01, 0x03, 0x01, 0xFF, 0x01, 0x02, 0xFE, 0x01, 
    0x02, 0x01, 0x01, 0x00, 0xFF, 0x03, 0x00, 0x00, 0x01, 0x04, 0xFF, 0x00, 
    0x02, 0xFF, 0x00, 0x00, 0x01, 0x02, 0x00, 0xFF, 0x01, 0x00, 0x08, 0x00, 
    0xFF, 0x01, 0xFE, 0xFF, 0x00, 0xFF, 0xFF, 0x00, 0xFF, 0x00, 0xFE, 0x00, 
    0xFF, 0x00, 0xFF, 0x00, 0xFF, 0x01, 0xFF, 0x02, 0xFE, 0x05, 0x0A, 0xFD, 
    0x01, 0xFE, 0x00, 0xFF, 0x00, 0x00, 0xFF, 0x00, 0xFF, 0x00, 0xFF, 0x00, 
    0xFF, 0x00, 0xFF, 0xFE, 0x00, 0x00, 0xFF, 0xFF, 0xFF, 0x00, 0xFF, 0x00, 
    0xFF, 0x00, 0x00, 0xFF, 0x00, 0x00, 0x00, 0x00, 0x00, 0xFF, 0x00, 0xFF, 
    0x00, 0x00, 0xFF, 0x03, 0xF8, 0xF9, 0x03, 0xFF, 0x01, 0xFF, 0x01, 0x00, 
    0x01, 0x01, 0x00, 0x00, 0x00, 0x00, 0x00, 0x00, 0x00, 0x00, 0xFF, 0x00, 
    0x01, 0x00, 0x00, 0x01, 0xFB, 0xFE, 0x00, 0x01, 0x01, 0x01, 0x01, 0x02, 
    0x01, 0x01, 0x02, 0x00, 0x01, 0x01, 0x01, 0x01, 0x01, 0x01, 0x01, 0x00, 
    0x00, 0x01, 0x00, 0x00, 0x00, 0x01, 0xFF, 0x01, 0x00, 0xFF, 0x00, 0x01, 
    0x01, 0x00, 0x01, 0x01, 0x01, 0x01, 0x02, 0xFF, 0x01, 0x00, 0x01, 0x0A, 
    0x00, 0xFF, 0x00, 0xFF, 0x00, 0xFF, 0x00, 0x00, 0x00, 0x00, 0x00, 0xFF, 
    0x00, 0x00, 0x00, 0xFE, 0x01, 0xFF, 0x01, 0xFE, 0x02, 0xFF, 0x03, 0x0A, 
    0xFD, 0x00, 0xFF, 0xFF, 0x00, 0xFF, 0xFF, 0x00, 0x00, 0xFF, 0x00, 0x00, 
    0xFF, 0x00, 0x01, 0x00, 0x00, 0x00, 0xFF, 0xFF, 0x00, 0x00, 0x00, 0xFF, 
    0x00, 0x00, 0xFF, 0x00, 0x00, 0xFF, 0x00, 0x00, 0x01, 0x00, 0x00, 0x00, 
    0x01, 0xFF, 0x02, 0xFF, 0x02, 0xFA, 0xF7, 0x02, 0xFF, 0x01, 0x01, 0x01, 
    0xFF, 0x01, 0x00, 0x00, 0x00, 0x00, 0x01, 0x00, 0x00, 0x01, 0x00, 0x01, 
    0x00, 0x00, 0x01, 0xFF, 0x02, 0xFB, 0x00, 0x01, 0x00, 0x02, 0x00, 0x02, 
    0x01, 0x01, 0x00, 0x02, 0x00, 0x01, 0x01, 0x01, 0x00, 0x01, 0x01, 0x00, 
    0x02, 0xFF, 0x01, 0x00, 0x03, 0xFE, 0x02, 0x02, 0xFE, 0x03, 0xFF, 0xFF, 
    0x00, 0x02, 0xFF, 0x01, 0xFF, 0x03, 0x01, 0xFF, 0x00, 0x02, 0x01, 0xFE, 
    0x0A, 0x02, 0xFF, 0x00, 0xFF, 0x01, 0x00, 0x01, 0x00, 0x01, 0x00, 0x00, 
    0x00, 0x01, 0xFE, 0x00, 0xFF, 0x00, 0xFF, 0x00, 0xFF, 0x01, 0xFF, 0x03, 
    0x0B, 0xFE, 0x00, 0xFF, 0xFF, 0x01, 0xFF, 0x00, 0xFF, 0x01, 0xFF, 0xFF, 
    0x00, 0xFF, 0x00, 0x00, 0x00, 0x00, 0x00, 0xFF, 0x00, 0x00, 0xFF, 0x00, 
    0x00, 0x00, 0x00, 0x00, 0x00, 0x00, 0x00, 0x00, 0x00, 0x00, 0x00, 0x01, 
    0x00, 0x01, 0x00, 0x02, 0xFE, 0x02, 0xFB, 0xF6, 0x03, 0xFF, 0x02, 0x01, 
    0x00, 0x01, 0x01, 0x01, 0x00, 0x01, 0x00, 0xFF, 0x00, 0x01, 0x01, 0x00, 
    0x00, 0x00, 0x00, 0x01, 0x00, 0x01, 0xFB, 0xFF, 0x01, 0x00, 0x02, 0x01, 
    0x01, 0x02, 0x01, 0x00, 0x02, 0x00, 0x01, 0x01, 0x01, 0x01, 0x00, 0x01, 
    0x00, 0x00, 0x01, 0x00, 0x00, 0xFF, 0x00, 0x01, 0xFF, 0x00, 0x01, 0x00, 
    0x01, 0x01, 0x01, 0x00, 0x00, 0x00, 0x01, 0x00, 0x01, 0x00, 0x00, 0x02, 
    0xFF, 0x09, 0x03, 0xFE, 0x00, 0xFF, 0x01, 0x00, 0x01, 0xFE, 0x01, 0xFE, 
    0xFF, 0x00, 0x00, 0xFE, 0x00, 0xFF, 0x01, 0x01, 0x00, 0x00, 0x02, 0x00, 
    0x01, 0x0B, 0xFE, 0x00, 0x00, 0xFF, 0xFF, 0x00, 0xFF, 0x00, 0x00, 0xFD, 
    0x00, 0xFF, 0x00, 0xFF, 0x02, 0x00, 0x00, 0xFF, 0x01, 0xFF, 0x00, 0x01, 
    0xFF, 0x00, 0x00, 0x01, 0x00, 0x01, 0x00, 0x01, 0x01, 0x00, 0x00, 0x00, 
    0x02, 0xFF, 0x01, 0xFF, 0x01, 0xFF, 0x01, 0xFC, 0xF5, 0x03, 0x00, 0x02, 
    0x01, 0x01, 0x01, 0x00, 0x01, 0x01, 0x00, 0x00, 0x01, 0x01, 0x01, 0x00, 
    0x01, 0x01, 0x01, 0x00, 0x02, 0x00, 0x02, 0xFC, 0xFE, 0x02, 0x01, 0x02, 
    0x00, 0x01, 0x01, 0x01, 0x00, 0x01, 0x01, 0x01, 0x01, 0x01, 0x01, 0x01, 
    0x00, 0x00, 0x01, 0x00, 0xFF, 0x01, 0x00, 0x01, 0x00, 0x01, 0x01, 0x01, 
    0x01, 0x01, 0x01, 0x01, 0x00, 0x01, 0x01, 0x01, 0x01, 0x00, 0x01, 0x00, 
    0x01, 0xFE, 0x09, 0x04, 0xFD, 0x00, 0xFE, 0x00, 0xFF, 0x00, 0xFF, 0x00, 
    0x00, 0x00, 0x00, 0x00, 0xFF, 0x00, 0x00, 0x00, 0xFF, 0x01, 0xFF, 0x00, 
    0xFF, 0x01, 0x0C, 0xFF, 0xFE, 0x00, 0xFF, 0x00, 0xFF, 0x00, 0xFF, 0x00, 
    0xFF, 0xFF, 0x00, 0xFF, 0x00, 0x00, 0xFF, 0x00, 0xFF, 0x00, 0x00, 0xFF, 
    0x00, 0x00, 0x00, 0xFF, 0xFF, 0x00, 0x00, 0x00, 0x00, 0x00, 0xFF, 0x00, 
    0x00, 0x00, 0xFF, 0x01, 0xFF, 0x01, 0xFE, 0x01, 0xFD, 0xF3, 0x02, 0x00, 
    0x00, 0x00, 0x00, 0x01, 0x00, 0x00, 0x00, 0x00, 0x00, 0x00, 0x00, 0x01, 
    0x01, 0x00, 0xFF, 0x01, 0xFF, 0x00, 0xFF, 0x01, 0xFC, 0xFC, 0x01, 0x00, 
    0x01, 0x00, 0x01, 0x00, 0x00, 0x00, 0x00, 0x00, 0x00, 0x00, 0x00, 0x00, 
    0x00, 0x00, 0x00, 0x00, 0x00, 0x00, 0xFF, 0xFF, 0xFF, 0x00, 0x00, 0xFF, 
    0x00, 0xFF, 0x00, 0xFF, 0xFF, 0x00, 0xFF, 0x00, 0xFF, 0x00, 0xFF, 0xFF, 
    0xFF, 0x00, 0xFE, 0x08, 0x04, 0xFC, 0x00, 0xFD, 0xFF, 0xFE, 0xFF, 0xFE, 
    0xFF, 0xFE, 0x00, 0xFE, 0xFF, 0xFF, 0xFF, 0xFF, 0xFF, 0xFF, 0xFF, 0xFE, 
    0xFF, 0xFF, 0xFF, 0x0B, 0xFF, 0xFD, 0x00, 0xFE, 0xFF, 0xFE, 0xFF, 0xFE, 
    0xFF, 0xFE, 0xFF, 0xFF, 0xFF, 0xFE, 0xFF, 0xFE, 0xFE, 0xFF, 0xFF, 0xFF, 
    0xFF, 0xFF, 0xFF, 0xFF, 0xFF, 0xFF, 0xFF, 0xFF, 0xFF, 0xFE, 0x00, 0xFF, 
    0xFF, 0xFE, 0x00, 0xFE, 0x00, 0xFE, 0x00, 0xFE, 0x00, 0xFE, 0xF3, 0x00, 
    0x00, 0x00, 0x00, 0xFF, 0x00, 0xFF, 0x00, 0x00, 0xFF, 0x00, 0x00, 0xFF, 
    0x01, 0xFF, 0x00, 0xFF, 0x00, 0xFF, 0x00, 0xFE, 0x01, 0xFC, 0xFB, 0x01, 
    0xFF, 0x00, 0x00, 0x00, 0xFF, 0x00, 0x00, 0xFF, 0x00, 0x00, 0x00, 0x00, 
    0xFF, 0x00, 0xFF, 0x00, 0xFF, 0x00, 0x00, 0x00, 0x00, 0xFF, 0xFF, 0xFF, 
    0x00, 0xFF, 0xFF, 0xFF, 0x00, 0xFF, 0xFF, 0xFF, 0xFF, 0xFF, 0x00, 0xFF, 
    0x00, 0xFE, 0x00, 0xFD, 0x07, 0x06, 0xFB, 0x00, 0xFE, 0xFF, 0xFD, 0xFF, 
    0xFE, 0xFF, 0xFF, 0xFF, 0xFF, 0xFF, 0xFF, 0x00, 0xFE, 0xFF, 0xFF, 0xFF, 
    0xFE, 0xFE, 0x00, 0xFD, 0x0C, 0x01, 0xFD, 0xFF, 0xFD, 0xFF, 0xFE, 0xFF, 
    0xFD, 0x00, 0xFF, 0xFF, 0xFF, 0xFF, 0xFE, 0xFF, 0xFF, 0xFF, 0xFF, 0xFF, 
    0x00, 0xFF, 0xFE, 0x00, 0xFF, 0xFF, 0xFF, 0xFF, 0xFE, 0x00, 0xFF, 0xFE, 
    0xFF, 0xFF, 0xFF, 0xFF, 0xFE, 0x00, 0xFF, 0x00, 0xFE, 0x00, 0xFF, 0xF3, 
    0x00, 0x00, 0x00, 0x00, 0xFF, 0x01, 0xFF, 0x00, 0xFF, 0x00, 0xFF, 0xFF, 
    0xFF, 0x00, 0xFF, 0x00, 0xFF, 0x00, 0xFF, 0x00, 0xFE, 0x01, 0xFD, 0xFA, 
    0x02, 0x00, 0x01, 0x00, 0x00, 0x00, 0x00, 0x00, 0x00, 0x00, 0x00, 0x00, 
    0x00, 0xFF, 0x00, 0x00, 0x00, 0xFF, 0x00, 0xFF, 0xFF, 0x00, 0x00, 0x00, 
    0x00, 0x00, 0xFF, 0x00, 0x00, 0x00, 0xFF, 0x00, 0xFF, 0x00, 0xFF, 0xFF, 
    0xFF, 0xFF, 0xFE, 0x01, 0xFD, 0x06, 0x07, 0xFB, 0xFF, 0xFE, 0xFF, 0xFE, 
    0xFF, 0xFE, 0xFF, 0xFE, 0xFF, 0xFF, 0xFF, 0xFF, 0x00, 0xFF, 0xFF, 0x00, 
    0xFE, 0x00, 0xFE, 0x00, 0xFC, 0x0B, 0x01, 0xFB, 0x00, 0xFD, 0xFF, 0xFE, 
    0xFF, 0xFE, 0x00, 0xFE, 0xFF, 0xFF, 0xFF, 0xFF, 0xFF, 0xFE, 0x00, 0xFF, 
    0xFC, 0xFF, 0x00, 0xFF, 0xFF, 0xFF, 0xFE, 0x01, 0xFF, 0xFE, 0x00, 0xFF, 
    0xFF, 0xFF, 0xFF, 0xFF, 0xFF, 0xFE, 0xFF, 0xFF, 0xFF, 0xFE, 0x00, 0xFF, 
    0xF3, 0xFE, 0x01, 0xFE, 0x00, 0x00, 0x01, 0xFF, 0x00, 0xFF, 0x00, 0xFF, 
    0x00, 0xFF, 0x00, 0xFF, 0x00, 0xFF, 0x01, 0x00, 0x00, 0xFF, 0x01, 0xFD, 
    0xFA, 0x01, 0xFF, 0x00, 0xFF, 0x00, 0xFF, 0x00, 0xFF, 0x00, 0x01, 0xFF, 
    0x00, 0x00, 0x00, 0x00, 0xFF, 0xFF, 0xFF, 0x00, 0x00, 0xFF, 0x00, 0xFF, 
    0xFF, 0x00, 0x00, 0x00, 0x00, 0x00, 0x00, 0xFF, 0x00, 0x00, 0x00, 0xFF, 
    0x00, 0xFF, 0x00, 0xFF, 0x01, 0xFD, 0x04, 0x08, 0xFC, 0xFE, 0xFE, 0xFF, 
    0xFE, 0xFF, 0xFE, 0xFF, 0xFF, 0xFF, 0xFF, 0xFF, 0xFE, 0xFF, 0x00, 0xFE, 
    0x00, 0xFF, 0x00, 0xFE, 0x01, 0xFD, 0x0A, 0x04, 0xFB, 0x00, 0xFD, 0xFF, 
    0xFE, 0xFE, 0xFF, 0x00, 0xFE, 0xFF, 0xFF, 0xFF, 0xFF, 0xFF, 0x00, 0xFF, 
    0xFF, 0xFE, 0x00, 0xFF, 0xFE, 0x00, 0xFF, 0xFF, 0x00, 0xFF, 0xFD, 0x00, 
    0xFF, 0xFF, 0xFF, 0xFF, 0xFF, 0xFF, 0xFF, 0xFF, 0xFF, 0x00, 0xFF, 0xFE, 
    0x01, 0xF2, 0xFD, 0x01, 0xFE, 0x02, 0xFD, 0x01, 0x00, 0x00, 0x00, 0x01, 
    0xFF, 0x01, 0xFF, 0x00, 0xFF, 0x00, 0xFF, 0xFF, 0x00, 0xFF, 0xFF, 0x00, 
    0xFE, 0xF9, 0x00, 0xFF, 0x00, 0x01, 0x00, 0x00, 0x00, 0x00, 0x00, 0x00, 
    0xFF, 0x00, 0xFF, 0x00, 0xFF, 0x00, 0x00, 0xFF, 0x01, 0xFF, 0x00, 0x00, 
    0xFF, 0x00, 0xFF, 0x00, 0xFF, 0x01, 0x00, 0xFF, 0x00, 0x00, 0x00, 0xFF, 
    0x01, 0x00, 0xFE, 0x01, 0xFE, 0x01, 0xFE, 0x04, 0x08, 0xFD, 0xFE, 0xFE, 
    0x00, 0xFE, 0xFF, 0xFF, 0xFF, 0xFF, 0x00, 0xFF, 0xFF, 0xFF, 0xFF, 0xFF, 
    0xFE, 0x00, 0xFF, 0xFF, 0xFE, 0x01, 0xFC, 0x0A, 0x04, 0xFC, 0x01, 0xFD, 
    0xFF, 0xFE, 0x00, 0xFE, 0xFF, 0xFF, 0xFE, 0xFF, 0xFF, 0xFF, 0xFF, 0xFF, 
    0x00, 0xFF, 0x00, 0x01, 0xFE, 0xFF, 0xFF, 0xFF, 0xFF, 0xFF, 0xFF, 0xFF, 
    0xFF, 0xFE, 0xFF, 0xFF, 0xFF, 0x00, 0xFF, 0xFF, 0x00, 0xFF, 0x00, 0xFF, 
    0xFF, 0x02, 0xF3, 0xFC, 0x02, 0xFE, 0x01, 0x00, 0x00, 0xFF, 0x01, 0x00, 
    0x00, 0x00, 0x00, 0xFF, 0x00, 0x00, 0x00, 0xFF, 0x01, 0xFF, 0x00, 0xFF, 
    0x01, 0xFE, 0xF9, 0x00, 0x00, 0x00, 0x00, 0x00, 0x00, 0x00, 0x00, 0x00, 
    0x00, 0x00, 0x00, 0x00, 0x00, 0x00, 0x00, 0x00, 0x00, 0x00, 0x00, 0x00, 
    0x00, 0x00, 0x00, 0x00, 0xFF, 0x00, 0x00, 0x00, 0x00, 0x00, 0x00, 0xFF, 
    0x00, 0x00, 0x00, 0xFF, 0x01, 0xFF, 0x00, 0xFE, 0x02, 0x0A, 0xFD, 0xFF, 
    0xFE, 0xFF, 0xFF, 0xFF, 0xFF, 0xFF, 0x00, 0xFF, 0xFF, 0xFF, 0x00, 0xFD, 
    0x00, 0xFF, 0x00, 0xFF, 0x00, 0xFE, 0x00, 0xFD, 0x07, 0x08, 0xFB, 0x01, 
    0xFD, 0x00, 0xFE, 0xFF, 0xFF, 0xFF, 0xFE, 0xFF, 0xFF, 0xFE, 0xFF, 0xFE, 
    0x00, 0xFE, 0x00, 0xFE, 0x00, 0xFE, 0x00, 0xFF, 0x00, 0xFE, 0x01, 0xFD, 
    0x01, 0xFE, 0x00, 0xFF, 0x00, 0xFF, 0xFF, 0xFF, 0x00, 0xFF, 0xFF, 0x01, 
    0xFC, 0x03, 0xFD, 0xFE, 0xEF, 0x11, 0xEF, 0x04, 0x07, 0xF7, 0x04, 0xFB, 
    0x06, 0xEF, 0x14, 0xF1, 0x04, 0x08, 0xF5, 0x0A, 0x01, 0xFF, 0xFF, 0xFC, 
    0xFF, 0x00, 0x01, 0xFC, 0xFE, 0x03, 0xFD, 0x03, 0x00, 0x03, 0x00, 0xFE, 
    0x00, 0xFF, 0x01, 0x01, 0xFC, 0x01, 0xFF, 0x00, 0xFF, 0xFF, 0xFF, 0xFF, 
    0x02, 0x01, 0xFF, 0x00, 0xFF, 0x01, 0xFF, 0x03, 0x00, 0x01, 0x00, 0x00, 
    0x02, 0xFF, 0x0B, 0xFA, 0xF8, 0xFC, 0x03, 0x05, 0xFC, 0xFE, 0x08, 0x03, 
    0xFE, 0x00, 0xFD, 0x03, 0x00, 0xFF, 0xFE, 0x00, 0x01, 0xFD, 0xFD, 0x00, 
    0x00, 0x00, 0xFE, 0xFF, 0xFF, 0x03, 0x00, 0x00, 0xFD, 0x08, 0x09, 0xFC, 
    0x00, 0xFC, 0x00, 0x00, 0x00, 0xFE, 0xFF, 0xFF, 0xFE, 0xFF, 0xFD, 0xFF, 
    0xFF, 0xFF, 0xFE, 0xFF, 0xFF, 0xFF, 0xFF, 0xFF, 0xFF, 0x00, 0x00, 0xFF, 
    0x00, 0x00, 0xFF, 0x00, 0xFF, 0xFF, 0x00, 0x00, 0x00, 0xFF, 0xFF, 0x00, 
    0xFF, 0x00, 0xFD, 0x03, 0xF6, 0xFA, 0x02, 0xFE, 0x01, 0xFF, 0x01, 0xFF, 
    0x01, 0xFF, 0x02, 0xFE, 0x01, 0x00, 0x00, 0x00, 0x00, 0x01, 0x00, 0x00, 
    0xFF, 0x00, 0xFF, 0x00, 0xF8, 0xFF, 0x01, 0x00, 0x01, 0x00, 0x01, 0xFF, 
    0x00, 0x00, 0x00, 0x00, 0x00, 0x00, 0x00, 0xFF, 0xFF, 0xFF, 0xFF, 0x01, 
    0x01, 0x00, 0x01, 0x01, 0xFF, 0x00, 0x01, 0x01, 0x01, 0x00, 0x00, 0xFF, 
    0x02, 0xFF, 0x00, 0x00, 0x00, 0x00, 0xFF, 0x00, 0xFF, 0xFF, 0xFF, 0x0A, 
    0x00, 0xFE, 0xFF, 0xFE, 0x00, 0xFF, 0x00, 0xFF, 0x00, 0xFF, 0x01, 0xFF, 
    0x00, 0xFF, 0x00, 0xFF, 0x00, 0xFF, 0x00, 0xFF, 0x01, 0xFD, 0x06, 0x0A, 
    0xFC, 0x00, 0xFE, 0x00, 0xFF, 0x00, 0xFF, 0xFF, 0xFF, 0x00, 0x00, 0xFE, 
    0x00, 0xFF, 0x00, 0xFF, 0x00, 0xFE, 0x00, 0xFF, 0xFF, 0x00, 0x00, 0x00, 
    0xFF, 0x01, 0xFF, 0xFF, 0x00, 0x00, 0x00, 0x00, 0xFF, 0xFF, 0x01, 0xFF, 
    0x01, 0x00, 0x00, 0xFE, 0x02, 0xF8, 0xF8, 0x03, 0xFE, 0x01, 0xFF, 0x00, 
    0xFF, 0x01, 0x00, 0x00, 0x00, 0x00, 0x00, 0x00, 0x00, 0x00, 0x00, 0x00, 
    0x00, 0xFF, 0x01, 0xFE, 0x01, 0xFA, 0xFE, 0x01, 0x00, 0x01, 0x00, 0x01, 
    0x00, 0x01, 0x00, 0x00, 0x00, 0x00, 0x00, 0x00, 0x00, 0x01, 0x00, 0x00, 
    0x00, 0xFF, 0x00, 0x00, 0xFF, 0x01, 0x00, 0x00, 0xFF, 0x00, 0x00, 0x01, 
    0xFE, 0xFF, 0x01, 0x00, 0xFF, 0x00, 0x01, 0xFF, 0xFF, 0x00, 0xFF, 0xFF, 
    0x0B, 0x00, 0xFE, 0xFF, 0xFE, 0xFF, 0xFE, 0x01, 0xFE, 0xFF, 0x00, 0x00, 
    0xFE, 0x00, 0xFF, 0x00, 0xFE, 0x01, 0xFF, 0x00, 0xFF, 0x01, 0xFD, 0x03, 
    0x0C, 0xFC, 0xFF, 0xFE, 0xFF, 0xFF, 0xFF, 0x00, 0xFF, 0xFE, 0xFF, 0x00, 
    0xFF, 0xFF, 0xFF, 0xFF, 0xFF, 0xFF, 0xFF, 0xFF, 0xFF, 0xFF, 0xFF, 0x00, 
    0xFF, 0x00, 0xFF, 0xFF, 0x00, 0xFF, 0x00, 0x00, 0x00, 0xFF, 0xFF, 0x00, 
    0xFF, 0x00, 0xFE, 0x01, 0xFE, 0x02, 0xF9, 0xF6, 0x03, 0xFF, 0x01, 0xFF, 
    0x01, 0xFF, 0x00, 0x00, 0x00, 0x00, 0xFF, 0x00, 0x01, 0xFF, 0x00, 0x00, 
    0x00, 0x00, 0xFF, 0x01, 0xFF, 0x01, 0xFA, 0xFD, 0x01, 0x00, 0x01, 0x00, 
    0x00, 0x00, 0x00, 0x00, 0x00, 0x00, 0x00, 0x00, 0x00, 0x00, 0x00, 0x00, 
    0x00, 0xFF, 0x00, 0x00, 0xFF, 0xFF, 0x01, 0xFF, 0x00, 0x00, 0x00, 0xFF, 
    0x00, 0x00, 0xFF, 0x00, 0xFF, 0x00, 0x00, 0xFF, 0xFF, 0x00, 0xFF, 0x00, 
    0xFF, 0x09, 0x01, 0xFD, 0xFF, 0x00, 0x00, 0xFE, 0xFF, 0xFE, 0x00, 0xFE, 
    0x00, 0xFE, 0x00, 0xFF, 0x00, 0xFE, 0x00, 0xFB, 0x02, 0x02, 0xFC, 0x00, 
    0x04, 0x08, 0xFC, 0x02, 0xFD, 0xFD, 0x00, 0xFD, 0xFE, 0x00, 0xFF, 0xFE, 
    0xFF, 0xFF, 0x00, 0xFF, 0x00, 0xFE, 0xFF, 0xFF, 0xFF, 0x00, 0x00, 0xFE, 
    0x00, 0x00, 0xFE, 0xFF, 0x00, 0xFF, 0xFF, 0x00, 0xFF, 0xFF, 0xFF, 0xFF, 
    0x00, 0xFF, 0x00, 0xFE, 0x00, 0xFE, 0x02, 0xFA, 0xF5, 0x02, 0xFF, 0x00, 
    0x00, 0x00, 0x00, 0x00, 0x00, 0xFF, 0x00, 0x00, 0x00, 0xFF, 0x00, 0x00, 
    0x00, 0xFF, 0x00, 0x00, 0xFF, 0xFF, 0x01, 0xFB, 0xFD, 0x01, 0x00, 0x00, 
    0x00, 0x01, 0xFF, 0x00, 0x00, 0x00, 0x00, 0x00, 0x00, 0x00, 0x00, 0x00, 
    0x00, 0xFF, 0xFE, 0x00, 0x00, 0x00, 0xFF, 0x00, 0xFF, 0x00, 0xFF, 0x00, 
    0x00, 0x00, 0xFF, 0x00, 0x00, 0xFF, 0xFF, 0x00, 0xFF, 0xFF, 0x00, 0xFF, 
    0x00, 0xFE, 0x09, 0x02, 0xFC, 0xFF, 0xFE, 0x00, 0xFE, 0xFF, 0xFE, 0xFF, 
    0xFE, 0x00, 0xFE, 0x00, 0xFF, 0xFF, 0xFF, 0x00, 0xFE, 0xFF, 0xFF, 0xFF, 
    0xFE, 0x00, 0x0B, 0xFE, 0xFE, 0xFE, 0xFE, 0xFF, 0xFE, 0xFF, 0xFF, 0xFE, 
    0xFE, 0x00, 0xFE, 0xFF, 0xFF, 0xFF, 0xFF, 0xFF, 0xFF, 0xFF, 0xFF, 0xFF, 
    0xFE, 0xFF, 0xFF, 0xFF, 0xFF, 0xFF, 0xFF, 0xFF, 0xFF, 0xFF, 0xFE, 0x00, 
    0xFE, 0x00, 0xFE, 0xFF, 0xFE, 0xFF, 0xFE, 0x01, 0xFB, 0xF4, 0x02, 0xFF, 
    0x00, 0xFF, 0x00, 0x00, 0xFF, 0x00, 0x00, 0x00, 0x00, 0xFF, 0x01, 0x00, 
    0xFF, 0x00, 0xFF, 0x00, 0xFF, 0x00, 0xFF, 0x01, 0xFB, 0xFD, 0x00, 0xFF, 
    0x01, 0x00, 0x00, 0xFF, 0x00, 0x00, 0x00, 0xFF, 0x00, 0x00, 0xFF, 0x00, 
    0xFF, 0xFF, 0x00, 0x00, 0xFF, 0xFF, 0xFF, 0xFF, 0x00, 0xFF, 0x00, 0xFF, 
    0x00, 0x00, 0xFF, 0xFF, 0xFF, 0xFF, 0xFF, 0xFF, 0xFF, 0xFF, 0x00, 0x00, 
    0xFE, 0x00, 0xFE, 0x07, 0x03, 0xFC, 0xFF, 0xFD, 0x00, 0xFD, 0xFF, 0xFE, 
    0xFF, 0xFF, 0xFF, 0xFF, 0xFF, 0xFE, 0x00, 0xFE, 0xFF, 0xFE, 0x00, 0xFE, 
    0xFF, 0xFF, 0xFF, 0x0B, 0xFE, 0xFD, 0xFF, 0xFD, 0xFF, 0xFE, 0xFE, 0xFE, 
    0xFF, 0xFE, 0xFF, 0xFE, 0xFF, 0xFE, 0xFE, 0xFE, 0xFF, 0xFE, 0xFF, 0xFE, 
    0xFF, 0xFF, 0xFE, 0xFF, 0xFF, 0xFF, 0xFE, 0xFD, 0xFF, 0xFF, 0xFF, 0xFE, 
    0xFF, 0xFE, 0xFF, 0xFE, 0xFF, 0xFE, 0x00, 0xFE, 0x01, 0xFC, 0xF3, 0x01, 
    0xFF, 0xFF, 0xFF, 0xFF, 0x00, 0xFF, 0xFF, 0x00, 0x00, 0xFF, 0x00, 0xFF, 
    0x00, 0xFF, 0x00, 0xFF, 0x00, 0xFF, 0x00, 0xFF, 0x00, 0xFB, 0xFC, 0x01, 
    0x00, 0x00, 0xFF, 0x00, 0x00, 0x00, 0xFF, 0x00, 0xFF, 0x00, 0x00, 0xFF, 
    0x00, 0x00, 0xFF, 0xFF, 0x00, 0x00, 0xFF, 0x00, 0xFF, 0x00, 0xFF, 0x00, 
    0xFF, 0xFF, 0xFF, 0xFF, 0x00, 0xFF, 0xFF, 0xFF, 0x00, 0x00, 0x00, 0xFF, 
    0x00, 0xFF, 0x00, 0xFE, 0x07, 0x04, 0xFC, 0xFF, 0xFD, 0xFE, 0xFE, 0xFE, 
    0xFE, 0xFF, 0xFE, 0xFE, 0xFF, 0xFE, 0xFE, 0x00, 0xFE, 0xFF, 0xFE, 0xFF, 
    0xFF, 0x00, 0xFE, 0x00, 0x0B, 0x01, 0xFC, 0x00, 0xFB, 0x02, 0xF7, 0x02, 
    0x22, 0xF3, 0xDC, 0xF4, 0x05, 0x0D, 0x0D, 0x02, 0xF0, 0xFA, 0x0A, 0x06, 
    0xFB, 0xFD, 0xFB, 0x00, 0x05, 0xFB, 0xFB, 0xF7, 0xFF, 0x02, 0x05, 0xFE, 
    0xF8, 0xFC, 0xFD, 0x06, 0x01, 0x01, 0xF7, 0x00, 0x03, 0x04, 0xFF, 0xEF, 
    0xFE, 0x00, 0x04, 0x02, 0xFD, 0xFC, 0xFE, 0x01, 0x00, 0x00, 0xFF, 0xFE, 
    0xFE, 0x02, 0x00, 0xFE, 0xFD, 0xFF, 0x00, 0x01, 0x00, 0x01, 0xFC, 0xFD, 
    0x03, 0x00, 0x01, 0xFF, 0x02, 0x01, 0x01, 0x01, 0x00, 0x01, 0x01, 0xFF, 
    0xFE, 0xFE, 0xFF, 0x00, 0x00, 0xFE, 0xFE, 0x01, 0x00, 0xFE, 0xFE, 0xFF, 
    0x00, 0x00, 0x00, 0xFE, 0xFF, 0x00, 0x00, 0x00, 0xFF, 0x00, 0x02, 0x01, 
    0xFD, 0x00, 0xFF, 0x02, 0xFF, 0x07, 0x05, 0xFB, 0xFF, 0xFD, 0xFF, 0xFD, 
    0xFE, 0xFE, 0xFE, 0xFE, 0xFF, 0xFD, 0xFE, 0xFE, 0xFF, 0xFF, 0x00, 0xFF, 
    0xFF, 0x00, 0xFF, 0x00, 0xFE, 0x0C, 0x02, 0xFD, 0x00, 0xFE, 0xFF, 0xFE, 
    0xFF, 0xFE, 0xFE, 0xFE, 0x00, 0xFF, 0xFF, 0xFF, 0xFE, 0xFF, 0xFF, 0xFF, 
    0xFF, 0xFE, 0xFF, 0xFE, 0x00, 0x00, 0xFF, 0x00, 0xFE, 0x00, 0xFF, 0x00, 
    0x00, 0xFF, 0x00, 0xFE, 0xFF, 0xFF, 0x00, 0xFD, 0x00, 0xFF, 0x01, 0xFF, 
    0xF2, 0x00, 0x00, 0xFE, 0xFF, 0xFF, 0x00, 0xFF, 0x01, 0xFF, 0xFF, 0x00, 
    0x00, 0x00, 0x01, 0xFE, 0x00, 0x00, 0xFF, 0xFF, 0x00, 0xFF, 0xFF, 0xFB, 
    0xFB, 0x01, 0x01, 0x00, 0x00, 0x01, 0x01, 0x00, 0x01, 0x01, 0x00, 0x00, 
    0x00, 0x00, 0x00, 0x00, 0x00, 0xFF, 0xFF, 0x00, 0x00, 0x00, 0xFF, 0x00, 
    0x00, 0x00, 0xFF, 0xFF, 0xFF, 0x00, 0x00, 0xFF, 0xFF, 0xFF, 0x01, 0x00, 
    0x00, 0xFF, 0x00, 0xFE, 0x01, 0xFF, 0x04, 0x06, 0xFC, 0xFF, 0xFD, 0xFF, 
    0x00, 0xFF, 0xFF, 0xFF, 0xFE, 0xFE, 0xFF, 0xFF, 0xFF, 0xFF, 0xFD, 0xFF, 
    0x00, 0x00, 0x00, 0xFF, 0xFF, 0xFD, 0x0C, 0x01, 0xFB, 0x00, 0xFD, 0x00, 
    0xFE, 0xFF, 0xFF, 0xFD, 0xFF, 0x00, 0x00, 0x00, 0x00, 0xFE, 0x01, 0x00, 
    0x00, 0xFE, 0xFF, 0xFF, 0x00, 0xFF, 0x01, 0xFE, 0xFE, 0xFF, 0xFE, 0x00, 
    0xFD, 0x00, 0xFE, 0x00, 0xFD, 0x01, 0xFD, 0x01, 0xFD, 0x02, 0xFF, 0x04, 
    0xFE, 0xF6, 0xFD, 0x04, 0xFD, 0x04, 0x02, 0xFC, 0x08, 0xEF, 0x1E, 0xE8, 
    0xC6, 0x14, 0xFC, 0x02, 0xFB, 0xDF, 0x38, 0xFD, 0x05, 0x16, 0xE4, 0x22, 
    0xF9, 0xFE, 0xFF, 0xF4, 0x0A, 0xFD, 0xF9, 0xFC, 0xFF, 0xFF, 0x00, 0x02, 
    0xF9, 0x03, 0xFF, 0xFE, 0x02, 0x01, 0x05, 0x00, 0xFC, 0x04, 0xFF, 0x04, 
    0x03, 0xF9, 0x06, 0xFB, 0x04, 0x01, 0xFC, 0xFF, 0x01, 0x00, 0xFF, 0x00, 
    0x02, 0xFB, 0x01, 0x02, 0xFD, 0x02, 0xFA, 0x07, 0x05, 0xFC, 0x01, 0xFD, 
    0xFD, 0xFF, 0x00, 0xFF, 0x00, 0xFE, 0x00, 0x01, 0xFF, 0x00, 0xFC, 0xFF, 
    0x01, 0xFF, 0xFF, 0xFD, 0xFE, 0x02, 0xFC, 0x07, 0x03, 0xFB, 0x01, 0xFC, 
    0xFF, 0xFF, 0xFF, 0x00, 0xFD, 0x00, 0x00, 0xFD, 0x01, 0xFD, 0xFF, 0xFE, 
    0x00, 0x00, 0xFB, 0x01, 0x01, 0x00, 0xFF, 0xFF, 0xFF, 0xFF, 0x00, 0xFD, 
    0xFF, 0xFF, 0xFF, 0xFF, 0xFF, 0xFE, 0xFF, 0x00, 0xFE, 0xFF, 0xFF, 0xFF, 
    0xFE, 0xFE, 0xF6, 0xFD, 0x03, 0xFD, 0x00, 0x00, 0x01, 0x00, 0xFF, 0x00, 
    0x01, 0x00, 0xFF, 0x00, 0xFF, 0xFF, 0x01, 0xFE, 0x01, 0xFE, 0x00, 0xFF, 
    0x01, 0x01, 0xF8, 0x00, 0x01, 0x00, 0xFF, 0x00, 0xFF, 0x01, 0x01, 0xFD, 
    0x02, 0xFF, 0x01, 0x01, 0xFE, 0x01, 0xFE, 0x02, 0x01, 0xFF, 0x00, 0xFF, 
    0x02, 0xFF, 0xFF, 0x00, 0x01, 0xFE, 0x01, 0x01, 0xFE, 0x00, 0xFE, 0x03, 
    0xFE, 0xFD, 0xFE, 0xFE, 0x03, 0xFC, 0x00, 0xFF, 0x03, 0x09, 0xFC, 0xFE, 
    0xFE, 0x01, 0xFF, 0xFE, 0xFF, 0xFF, 0x00, 0xFE, 0xFF, 0xFF, 0xFD, 0x00, 
    0xFF, 0xFC, 0x01, 0xFF, 0xFD, 0xFD, 0xFF, 0xFE, 0x06, 0x04, 0xFB, 0x02, 
    0xFD, 0xFD, 0x00, 0xFF, 0xFE, 0xFD, 0xFF, 0x00, 0x00, 0xFF, 0xFE, 0xFF, 
    0x01, 0xFE, 0xFF, 0x00, 0x00, 0xFD, 0x00, 0xFF, 0xFD, 0x00, 0xFF, 0xFF, 
    0xFE, 0xFF, 0xFF, 0xFF, 0xFF, 0x01, 0x00, 0x00, 0xFE, 0x00, 0x00, 0xFF, 
    0x00, 0xFF, 0x01, 0xF4, 0xFD, 0x00, 0xFE, 0x02, 0xFF, 0x00, 0x00, 0x00, 
    0x00, 0x00, 0x00, 0x01, 0xFF, 0x00, 0x00, 0x00, 0x01, 0x01, 0xFF, 0x01, 
    0xFF, 0x01, 0xFF, 0xFA, 0x01, 0xFF, 0x02, 0xFF, 0x00, 0x01, 0xFF, 0x00, 
    0xFF, 0xFF, 0x00, 0x00, 0xFF, 0xFF, 0x00, 0x00, 0x00, 0x00, 0x00, 0x00, 
    0x00, 0x00, 0xFF, 0x01, 0xFF, 0x00, 0x01, 0xFF, 0xFF, 0x01, 0xFF, 0x00, 
    0x00, 0xFF, 0xFF, 0x00, 0xFE, 0x01, 0xFE, 0x00, 0xFF, 0x02, 0x09, 0xFD, 
    0xFF, 0xFD, 0x00, 0xFF, 0xFF, 0x00, 0xFE, 0xFF, 0x01, 0xFD, 0xFE, 0xFF, 
    0xFF, 0x01, 0xFF, 0x00, 0xFC, 0x00, 0xFE, 0x01, 0xFD, 0x07, 0x06, 0xFC, 
    0x01, 0xFE, 0x00, 0xFE, 0xFF, 0xFE, 0xFF, 0xFF, 0x00, 0xFF, 0xFE, 0x00, 
    0x00, 0xFF, 0x00, 0x00, 0xFE, 0xFE, 0x00, 0xFF, 0xFF, 0xFF, 0xFF, 0x00, 
    0xFF, 0x00, 0x00, 0xFF, 0x00, 0xFF, 0x00, 0xFF, 0x00, 0x00, 0xFF, 0x00, 
    0xFF, 0x01, 0xFE, 0x02, 0xF7, 0xFB, 0x03, 0xFE, 0x02, 0xFF, 0x01, 0x00, 
    0x01, 0x00, 0x00, 0x00, 0x00, 0x00, 0x00, 0x00, 0x01, 0x00, 0x00, 0x00, 
    0x00, 0xFF, 0xFF, 0xFF, 0xFB, 0x01, 0x00, 0x00, 0x00, 0x01, 0x00, 0x00, 
    0x01, 0x00, 0x01, 0x00, 0x00, 0x00, 0x00, 0x00, 0x00, 0x00, 0x00, 0x00, 
    0x00, 0x00, 0x00, 0x00, 0x00, 0x00, 0xFF, 0x00, 0x00, 0x00, 0x00, 0xFF, 
    0x00, 0x00, 0x00, 0xFF, 0x00, 0xFF, 0x00, 0xFF, 0x00, 0xFF, 0x01, 0x09, 
    0xFE, 0xFF, 0xFE, 0xFF, 0xFF, 0xFE, 0x00, 0xFE, 0xFF, 0xFF, 0xFF, 0xFF, 
    0xFF, 0xFF, 0x00, 0xFE, 0x00, 0xFF, 0x00, 0xFE, 0x01, 0xFD, 0x06, 0x07, 
    0xFB, 0x00, 0xFD, 0xFF, 0xFF, 0xFF, 0xFF, 0xFE, 0xFF, 0xFF, 0xFF, 0xFF, 
    0xFE, 0xFF, 0xFF, 0xFE, 0xFF, 0xFF, 0xFF, 0xFF, 0xFF, 0xFF, 0xFF, 0xFF, 
    0xFF, 0xFF, 0xFF, 0xFF, 0xFF, 0xFF, 0xFF, 0xFF, 0x00, 0xFF, 0xFF, 0x01, 
    0xFF, 0xFF, 0x00, 0xFE, 0x02, 0xF7, 0xFA, 0x03, 0xFE, 0x01, 0xFF, 0x00, 
    0xFF, 0x00, 0x00, 0x01, 0xFF, 0x00, 0x00, 0x00, 0x00, 0x00, 0x00, 0x00, 
    0xFF, 0x00, 0x00, 0x00, 0x00, 0xFA, 0x00, 0x01, 0x01, 0x00, 0x00, 0x00, 
    0x00, 0x01, 0x00, 0x00, 0x00, 0x00, 0x00, 0x00, 0x00, 0x00, 0x00, 0x00, 
    0x00, 0x00, 0x00, 0x00, 0x00, 0x00, 0x00, 0x00, 0x00, 0x00, 0x00, 0x00, 
    0x00, 0x00, 0x00, 0x00, 0xFF, 0x00, 0x00, 0x00, 0xFF, 0x00, 0xFF, 0x00, 
    0x09, 0xFF, 0xFF, 0xFF, 0xFE, 0xFF, 0xFF, 0x00, 0xFE, 0xFF, 0xFF, 0x00, 
    0xFF, 0xFF, 0xFF, 0xFF, 0xFF, 0x00, 0xFD, 0x01, 0xFE, 0x01, 0xFD, 0x05, 
    0x07, 0xFB, 0x00, 0xFE, 0xFF, 0xFE, 0xFF, 0xFD, 0xFE, 0xFF, 0xFF, 0xFF, 
    0xFE, 0xFF, 0xFF, 0xFE, 0xFE, 0xFF, 0xFF, 0xFF, 0xFF, 0xFE, 0xFF, 0xFF, 
    0xFE, 0xFF, 0xFF, 0xFF, 0xFF, 0xFF, 0xFF, 0xFF, 0xFF, 0xFF, 0xFE, 0x00, 
    0xFF, 0x00, 0xFE, 0x00, 0xFE, 0x02, 0xF8, 0xF9, 0x02, 0xFE, 0x02, 0xFF, 
    0x01, 0xFE, 0x02, 0xFF, 0x00, 0x00, 0x00, 0x00, 0x00, 0x00, 0x00, 0x00, 
    0xFF, 0x00, 0xFF, 0x00, 0xFF, 0x01, 0xFB, 0xFF, 0x01, 0x01, 0x00, 0x00, 
    0x01, 0x00, 0x00, 0x00, 0x01, 0x00, 0x01, 0x00, 0x01, 0x00, 0x00, 0x00, 
    0x00, 0x00, 0x01, 0x00, 0x01, 0xFF, 0x00, 0x01, 0x00, 0x00, 0x01, 0xFF, 
    0x00, 0x00, 0xFF, 0x01, 0x00, 0xFF, 0x00, 0x00, 0x00, 0x00, 0x00, 0xFF, 
    0x00, 0x09, 0xFF, 0xFE, 0x01, 0xFF, 0xFF, 0xFE, 0xFF, 0xFF, 0x00, 0xFF, 
    0x00, 0xFF, 0x00, 0xFF, 0x00, 0xFF, 0x00, 0xFF, 0xFF, 0xFF, 0x00, 0xFE, 
    0x04, 0x08, 0xFD, 0xFF, 0xFF, 0xFE, 0xFF, 0xFF, 0xFF, 0x00, 0xFE, 0xFF, 
    0xFF, 0xFF, 0xFF, 0xFF, 0xFF, 0xFF, 0xFF, 0xFF, 0xFF, 0xFF, 0xFF, 0xFF, 
    0xFF, 0xFF, 0xFF, 0xFF, 0xFF, 0xFF, 0xFF, 0xFF, 0xFF, 0xFF, 0xFF, 0x00, 
    0xFF, 0xFF, 0x00, 0xFE, 0x00, 0xFE, 0x02, 0xF9, 0xF8, 0x02, 0xFF, 0x01, 
    0xFF, 0x01, 0xFF, 0x00, 0x00, 0x00, 0xFF, 0xFF, 0x00, 0xFF, 0x00, 0xFF, 
    0xFF, 0x00, 0xFF, 0xFF, 0x00, 0xFF, 0x00, 0xFB, 0xFF, 0x01, 0x00, 0x01, 
    0x00, 0x00, 0x00, 0x00, 0x00, 0x00, 0xFF, 0x00, 0x00, 0x00, 0x00, 0x00, 
    0xFE, 0x00, 0x00, 0xFF, 0x00, 0x00, 0x00, 0xFF, 0x00, 0xFF, 0xFF, 0x00, 
    0x00, 0x00, 0xFF, 0x00, 0xFF, 0x00, 0xFF, 0xFF, 0x00, 0xFF, 0x00, 0x00, 
    0x00, 0xFF, 0x08, 0x00, 0xFE, 0xFF, 0xFE, 0x00, 0xFD, 0x00, 0xFE, 0xFF, 
    0x00, 0x00, 0xFF, 0x00, 0xFF, 0x00, 0xFF, 0x00, 0xFE, 0xFF, 0xFF, 0x00, 
    0xFE, 0x03, 0x09, 0xFD, 0xFF, 0xFF, 0xFF, 0x00, 0xFE, 0xFF, 0xFF, 0xFF, 
    0xFF, 0xFF, 0xFF, 0x00, 0xFE, 0x00, 0xFF, 0xFF, 0xFE, 0xFF, 0xFF, 0xFF, 
    0x00, 0xFE, 0xFF, 0xFF, 0xFF, 0xFF, 0x01, 0xFF, 0xFE, 0x01, 0xFF, 0xFF, 
    0x00, 0x00, 0xFF, 0x00, 0x00, 0x00, 0xFD, 0x02, 0xFB, 0xF6, 0x03, 0xFE, 
    0x01, 0xFF, 0x01, 0x02, 0xFE, 0x02, 0x00, 0x00, 0x00, 0x03, 0xFD, 0x01, 
    0xFE, 0x02, 0xFE, 0x02, 0xFE, 0x01, 0xFE, 0x00, 0xFE, 0xF7, 0x0A, 0xF4, 
    0x12, 0xF1, 0xE5, 0x27, 0xED, 0xDF, 0x34, 0x0A, 0xFC, 0x04, 0xF0, 0x1B, 
    0xF0, 0xF9, 0x0D, 0xFC, 0x08, 0xF2, 0x06, 0xF6, 0xF8, 0x1A, 0xF4, 0xF4, 
    0x0B, 0x05, 0xFB, 0x06, 0xFC, 0xF7, 0x07, 0x00, 0x05, 0xFB, 0xFD, 0xFC, 
    0x07, 0x04, 0xF3, 0x11, 0xF8, 0xFD, 0x04, 0xFE, 0xFF, 0xFD, 0x02, 0xFC, 
    0x05, 0x01, 0xFC, 0xFD, 0x03, 0x00, 0x01, 0xFE, 0x02, 0xFD, 0x01, 0x02, 
    0x01, 0xFC, 0x00, 0x0D, 0xFB, 0xFE, 0xFC, 0xFF, 0xFF, 0xFF, 0xFE, 0xFD, 
    0xFF, 0x00, 0x01, 0xFE, 0x00, 0x00, 0x01, 0x01, 0xFE, 0x01, 0x03, 0xFF, 
    0x01, 0xFF, 0xFE, 0x01, 0xFF, 0xFD, 0x01, 0x00, 0xFD, 0x01, 0x01, 0xFC, 
    0x00, 0x01, 0xFF, 0xFF, 0xFE, 0x00, 0x00, 0xFE, 0x03, 0xFE, 0xF5, 0x01, 
    0x00, 0xFF, 0x00, 0xFF, 0x01, 0x00, 0x02, 0x01, 0x00, 0x01, 0xFF, 0xFE, 
    0x01, 0x01, 0xFF, 0x02, 0x00, 0x00, 0x00, 0xFE, 0x01, 0xFB, 0x00, 0xFF, 
    0xFF, 0x02, 0x00, 0x01, 0xFF, 0x00, 0x01, 0x00, 0xFE, 0x01, 0x00, 0xFF, 
    0xFF, 0x00, 0x01, 0x00, 0x01, 0x00, 0x02, 0xFE, 0x01, 0x00, 0x00, 0x01, 
    0x00, 0x01, 0xFF, 0x01, 0x00, 0x00, 0xFE, 0x02, 0xFD, 0x01, 0x00, 0xFC, 
    0x01, 0x00, 0x00, 0xFA, 0x0A, 0x03, 0xFB, 0xFF, 0x02, 0xFB, 0xFD, 0x03, 
    0xFE, 0x02, 0xFB, 0x01, 0x01, 0x00, 0xFC, 0x01, 0x01, 0x00, 0xFD, 0x00, 
    0xFE, 0x00, 0x02, 0xFC, 0x0A, 0x00, 0xFF, 0xFB, 0x00, 0xFF, 0xFE, 0xFF, 
    0xFE, 0x00, 0xFD, 0x01, 0x00, 0xFE, 0xFC, 0x03, 0xFF, 0xFE, 0xFF, 0x00, 
    0x02, 0xFF, 0xFF, 0xFE, 0x00, 0x00, 0xFE, 0xFE, 0x01, 0xFF, 0xFF, 0xFF, 
    0x00, 0x00, 0xFD, 0x01, 0x01, 0x00, 0xFD, 0x01, 0x01, 0xFF, 0xFA, 0xFA, 
    0x00, 0xFE, 0x01, 0xFF, 0x01, 0xFE, 0x01, 0x01, 0x00, 0xFF, 0x00, 0x02, 
    0x01, 0xFF, 0xFF, 0x02, 0x00, 0xFF, 0xFF, 0x01, 0xFD, 0x01, 0xFB, 0xFE, 
    0x02, 0xFF, 0x00, 0xFF, 0x01, 0x00, 0x00, 0xFF, 0x01, 0x00, 0x01, 0x00, 
    0x00, 0x00, 0x01, 0x02, 0xFF, 0xFF, 0x01, 0x00, 0xFF, 0x00, 0x00, 0x00, 
    0x00, 0xFF, 0x00, 0x00, 0xFF, 0x00, 0x00, 0xFF, 0x00, 0x00, 0xFF, 0x00, 
    0xFF, 0x01, 0xFF, 0x01, 0xFF, 0x07, 0x02, 0xFD, 0x00, 0xFE, 0x01, 0xFD, 
    0xFF, 0xFE, 0x00, 0x00, 0xFE, 0xFE, 0x00, 0x00, 0xFF, 0x01, 0x00, 0xFE, 
    0x01, 0xFF, 0xFF, 0xFE, 0x00, 0x0A, 0xFE, 0xFD, 0xFF, 0xFE, 0xFF, 0xFE, 
    0xFE, 0xFF, 0x00, 0xFF, 0xFF, 0xFE, 0xFF, 0xFF, 0xFF, 0x00, 0xFF, 0xFE, 
    0x00, 0xFF, 0x00, 0x00, 0xFF, 0xFF, 0xFF, 0xFF, 0x00, 0xFF, 0xFF, 0xFF, 
    0xFF, 0xFF, 0xFF, 0xFF, 0xFE, 0xFF, 0x00, 0xFF, 0x00, 0xFE, 0x01, 0xFE, 
    0xF5, 0x00, 0x00, 0x00, 0xFF, 0xFF, 0x01, 0xFF, 0x00, 0x00, 0x01, 0xFF, 
    0x00, 0x01, 0x00, 0x00, 0x01, 0xFF, 0x00, 0xFF, 0x00, 0xFF, 0x00, 0xFC, 
    0xFD, 0x01, 0xFF, 0x01, 0x00, 0x00, 0x01, 0x01, 0x00, 0x01, 0xFF, 0x00, 
    0x00, 0xFF, 0x00, 0x00, 0x00, 0xFF, 0x00, 0x00, 0x00, 0x00, 0x00, 0x00, 
    0x00, 0x00, 0x00, 0x00, 0x00, 0x00, 0xFF, 0x00, 0x00, 0xFF, 0x00, 0xFF, 
    0x00, 0xFF, 0x00, 0x00, 0x01, 0xFE, 0x06, 0x05, 0xFC, 0x00, 0xFD, 0x00, 
    0xFE, 0xFF, 0xFF, 0x00, 0xFE, 0x00, 0x00, 0xFF, 0xFF, 0xFF, 0xFF, 0x00, 
    0xFF, 0xFF, 0x00, 0xFE, 0xFF, 0xFF, 0x09, 0x00, 0xFD, 0x00, 0xFD, 0x00, 
    0xFE, 0x00, 0xFF, 0xFF, 0xFE, 0xFF, 0xFF, 0x00, 0xFF, 0xFF, 0xFF, 0xFE, 
    0xFF, 0xFF, 0xFF, 0xFF, 0x00, 0xFF, 0x00, 0xFE, 0xFF, 0xFF, 0xFF, 0x00, 
    0xFF, 0x00, 0xFE, 0x00, 0xFF, 0x01, 0xFE, 0x00, 0xFF, 0x00, 0xFF, 0x00, 
    0xFE, 0xF6, 0x00, 0xFF, 0x00, 0x00, 0x00, 0x00, 0xFF, 0x00, 0xFF, 0x00, 
    0x00, 0x00, 0x00, 0x00, 0xFF, 0xFF, 0x00, 0x01, 0xFF, 0x00, 0xFF, 0x01, 
    0xFD, 0xFC, 0x01, 0x00, 0x00, 0xFF, 0x01, 0xFF, 0x01, 0x00, 0x00, 0x01, 
    0xFF, 0x01, 0xFF, 0x00, 0xFF, 0x02, 0xFB, 0x05, 0x03, 0xFA, 0xFD, 0xF8, 
    0x0E, 0xFE, 0xFC, 0x04, 0xF5, 0x06, 0x03, 0xFE, 0xFF, 0xFD, 0x04, 0xFC, 
    0xFF, 0x01, 0x02, 0x00, 0xFC, 0xFF, 0x01, 0x07, 0x04, 0xFC, 0xFC, 0xFE, 
    0x02, 0x00, 0xFC, 0xFF, 0xFE, 0x00, 0x01, 0xFF, 0xFE, 0xFD, 0x01, 0x00, 
    0x00, 0xFF, 0xFE, 0x00, 0xFF, 0x01, 0xFD, 0x09, 0x01, 0xFC, 0x01, 0xFD, 
    0xFF, 0xFF, 0xFE, 0xFE, 0x00, 0xFE, 0xFF, 0xFE, 0x00, 0xFF, 0x00, 0x00, 
    0x00, 0x00, 0xFE, 0xFE, 0x00, 0xFF, 0xFE, 0x00, 0xFE, 0xFF, 0xFF, 0xFF, 
    0xFF, 0x00, 0x00, 0xFF, 0x01, 0xFF, 0x00, 0xFF, 0xFF, 0x00, 0x00, 0xFF, 
    0xFF, 0x00, 0xF4, 0xFF, 0x00, 0xFF, 0x01, 0x00, 0x00, 0x00, 0xFF, 0x00, 
    0x00, 0xFE, 0x02, 0xFE, 0x00, 0xFF, 0x00, 0xFF, 0x01, 0x00, 0x00, 0x00, 
    0x01, 0xFE, 0xFB, 0x01, 0x00, 0xFF, 0x00, 0x01, 0xFF, 0x00, 0xFF, 0x00, 
    0xFF, 0x00, 0x00, 0xFF, 0x00, 0x00, 0x00, 0x00, 0x00, 0x00, 0x01, 0x00, 
    0x00, 0x00, 0x00, 0xFF, 0x01, 0x01, 0x00, 0x00, 0x00, 0x00, 0xFF, 0xFF, 
    0x00, 0x00, 0x00, 0xFF, 0x00, 0xFF, 0x01, 0xFE, 0x04, 0x06, 0xFC, 0xFF, 
    0xFE, 0xFF, 0xFE, 0xFE, 0xFE, 0xFE, 0xFE, 0xFE, 0xFD, 0xFF, 0xFF, 0x00, 
    0xFF, 0x00, 0x00, 0x00, 0x00, 0xFE, 0x00, 0xFE, 0x09, 0x03, 0xFC, 0xFE, 
    0xFD, 0x00, 0xFF, 0xFF, 0xFE, 0x01, 0xFF, 0xFF, 0xFF, 0xFD, 0x00, 0xFE, 
    0xFF, 0xFF, 0xFE, 0xFF, 0xFF, 0xFF, 0xFE, 0xFE, 0xFF, 0xFF, 0xFF, 0x00, 
    0xFF, 0x00, 0xFE, 0xFF, 0xFF, 0x00, 0xFF, 0xFF, 0xFF, 0xFF, 0xFF, 0x00, 
    0xFF, 0xFF, 0x00, 0xF4, 0xFE, 0x00, 0xFF, 0x01, 0xFF, 0x01, 0xFF, 0x00, 
    0xFF, 0x00, 0xFF, 0x01, 0x00, 0x00, 0xFF, 0x00, 0x00, 0x00, 0xFF, 0x00, 
    0x00, 0x01, 0xFE, 0xFC, 0x01, 0x00, 0x00, 0x00, 0x00, 0x00, 0xFF, 0x00, 
    0x00, 0xFF, 0x00, 0x00, 0x00, 0xFF, 0xFF, 0xFF, 0xFF, 0x00, 0x00, 0x00, 
    0xFF, 0x01, 0x00, 0x00, 0x01, 0x00, 0x00, 0x00, 0x00, 0x00, 0x00, 0x00, 
    0xFF, 0x00, 0xFF, 0x00, 0xFF, 0x00, 0xFE, 0x01, 0xFD, 0x02, 0x07, 0xFD, 
    0xFF, 0xFE, 0xFF, 0xFE, 0xFF, 0xFF, 0xFF, 0xFF, 0x00, 0xFF, 0xFF, 0xFF, 
    0xFF, 0x00, 0xFF, 0x00, 0xFE, 0xFF, 0xFF, 0x01, 0xFD, 0x07, 0x04, 0xFC, 
    0x00, 0xFD, 0xFF, 0xFE, 0xFF, 0xFE, 0xFF, 0xFE, 0xFE, 0xFF, 0xFF, 0xFF, 
    0xFF, 0xFF, 0xFE, 0xFE, 0xFF, 0xFF, 0xFF, 0xFF, 0xFF, 0xFF, 0xFE, 0xFF, 
    0xFF, 0xFF, 0x00, 0xFF, 0xFF, 0xFF, 0x00, 0xFF, 0xFF, 0xFF, 0xFF, 0x00, 
    0xFE, 0xFF, 0xFF, 0x00, 0xF6, 0xFD, 0x01, 0xFF, 0x00, 0xFE, 0x00, 0xFF, 
    0x00, 0xFF, 0x00, 0x00, 0x01, 0xFF, 0x00, 0x00, 0xFF, 0xFF, 0x01, 0xFF, 
    0xFF, 0xFE, 0x00, 0xFE, 0xFB, 0x00, 0x00, 0x00, 0x00, 0x00, 0xFF, 0x00, 
    0x00, 0x00, 0xFF, 0x00, 0x00, 0xFF, 0x00, 0x00, 0xFF, 0x00, 0x00, 0x00, 
    0xFF, 0xFF, 0x00, 0x00, 0xFF, 0xFF, 0x00, 0x00, 0xFF, 0xFF, 0xFF, 0xFF, 
    0x00, 0xFF, 0x00, 0x00, 0xFF, 0x00, 0x00, 0xFF, 0x00, 0xFE, 0x02, 0x08, 
    0xFD, 0xFE, 0xFE, 0xFF, 0xFF, 0xFF, 0xFF, 0xFE, 0xFF, 0xFF, 0x00, 0xFE, 
    0x00, 0xFF, 0xFE, 0xFF, 0xFF, 0xFF, 0x00, 0xFE, 0xFF, 0xFE, 0x06, 0x05, 
    0xFC, 0xFF, 0xFD, 0xFE, 0xFF, 0xFE, 0xFD, 0xFF, 0xFF, 0xFF, 0xFF, 0xFF, 
    0xFF, 0xFE, 0xFE, 0x00, 0xFF, 0xFF, 0xFF, 0xFE, 0xFF, 0xFE, 0xFE, 0xFF, 
    0xFF, 0xFF, 0xFF, 0xFF, 0xFF, 0x00, 0xFF, 0xFF, 0xFF, 0x00, 0xFF, 0xFF, 
    0xFF, 0xFE, 0xFF, 0xFF, 0x01, 0xF5, 0xFC, 0x01, 0xFF, 0x01, 0xFF, 0x00, 
    0xFF, 0x00, 0xFF, 0x00, 0xFF, 0x00, 0x00, 0x00, 0xFF, 0xFF, 0xFF, 0x00, 
    0xFF, 0x00, 0xFF, 0x00, 0xFF, 0xFB, 0xFF, 0x00, 0x00, 0x00, 0x00, 0x00, 
    0xFF, 0x00, 0x00, 0x00, 0x00, 0x00, 0xFF, 0x00, 0x00, 0x00, 0x00, 0xFF, 
    0x00, 0xFF, 0x00, 0x00, 0xFF, 0x00, 0xFF, 0x00, 0x00, 0x00, 0xFF, 0x00, 
    0xFF, 0x00, 0xFF, 0x00, 0xFF, 0x00, 0xFF, 0x00, 0xFF, 0x00, 0xFF, 0x01, 
    0x08, 0xFE, 0xFE, 0xFF, 0xFF, 0xFF, 0xFF, 0x00, 0xFF, 0xFF, 0xFF, 0xFF, 
    0xFF, 0x00, 0xFF, 0xFF, 0xFF, 0x00, 0xFF, 0xFF, 0xFF, 0x01, 0xFD, 0x06, 
    0x06, 0xFC, 0xFF, 0xFE, 0xFF, 0xFD, 0xFE, 0xFF, 0xFF, 0xFF, 0xFF, 0xFF, 
    0xFF, 0xFF, 0xFF, 0xFF, 0xFF, 0x00, 0xFF, 0xFF, 0xFF, 0xFF, 0xFF, 0xFF, 
    0x00, 0xFF, 0xFF, 0xFF, 0xFF, 0xFF, 0xFF, 0xFF, 0xFF, 0xFF, 0xFF, 0xFF, 
    0xFF, 0x00, 0xFF, 0x00, 0xFE, 0x01, 0xF8, 0xFA, 0x02, 0xFE, 0x01, 0xFF, 
    0x00, 0xFF, 0x00, 0xFF, 0x00, 0xFF, 0x00, 0xFF, 0x00, 0x00, 0x00, 0xFF, 
    0xFF, 0x00, 0x00, 0xFF, 0xFF, 0x00, 0xFB, 0x00, 0x00, 0x00, 0x00, 0x00, 
    0x00, 0x00, 0x00, 0x00, 0x00, 0x00, 0x00, 0x00, 0x00, 0x00, 0x00, 0xFF, 
    0x00, 0x00, 0x00, 0xFF, 0x00, 0x00, 0x00, 0x00, 0x00, 0x00, 0x00, 0x00, 
    0x00, 0x00, 0x00, 0x00, 0x00, 0x00, 0x00, 0xFF, 0x00, 0xFF, 0x00, 0x00, 
    0x00, 0x08, 0x00, 0xFE, 0xFF, 0xFF, 0xFF, 0xFF, 0xFF, 0xFF, 0xFF, 0xFF, 
    0xFF, 0xFF, 0x00, 0xFF, 0x00, 0x00, 0x00, 0xFF, 0x00, 0xFE, 0x01, 0xFD, 
    0x04, 0x08, 0xFC, 0x00, 0xFE, 0xFF, 0xFF, 0xFF, 0xFF, 0xFF, 0xFF, 0xFF, 
    0x00, 0xFE, 0xFF, 0xFF, 0xFF, 0xFF, 0xFF, 0xFF, 0xFF, 0xFF, 0xFF, 0xFF, 
    0xFF, 0x00, 0xFF, 0x00, 0xFF, 0xFF, 0x00, 0xFF, 0x00, 0x00, 0x00, 0xFF, 
    0x00, 0xFF, 0x00, 0xFF, 0x00, 0xFE, 0x02, 0xF8, 0xF9, 0x03, 0xFE, 0x01, 
    0xFF, 0x01, 0x00, 0x00, 0x00, 0x00, 0x00, 0x01, 0x00, 0x00, 0xFF, 0x00, 
    0x00, 0x00, 0x00, 0x00, 0x00, 0x00, 0x01, 0xFC, 0x00, 0x01, 0x00, 0x01, 
    0x00, 0x01, 0x00, 0x00, 0xFF, 0x00, 0x00, 0x00, 0x00, 0x00, 0xFE, 0x00, 
    0x00, 0x00, 0x00, 0x00, 0x00, 0xFF, 0x00, 0x00, 0x00, 0x00, 0x00, 0x00, 
    0x00, 0x00, 0x00, 0x00, 0xFF, 0x00, 0xFF, 0x00, 0x00, 0x00, 0xFF, 0x00, 
    0x00, 0x00, 0x08, 0xFF, 0xFE, 0xFF, 0xFE, 0xFF, 0xFF, 0x00, 0xFF, 0x00, 
    0xFF, 0x00, 0xFF, 0x00, 0xFF, 0x00, 0xFF, 0x00, 0xFF, 0x00, 0xFF, 0x01, 
    0xFE, 0x03, 0x09, 0xFD, 0xFF, 0xFE, 0xFF, 0xFF, 0xFE, 0xFF, 0xFF, 0xFF, 
    0xFF, 0xFF, 0xFF, 0xFF, 0xFF, 0xFF, 0xFF, 0xFF, 0xFF, 0xFF, 0xFF, 0x00, 
    0xFF, 0xFF, 0x00, 0xFF, 0x00, 0x00, 0xFF, 0x00, 0xFF, 0x00, 0x00, 0x00, 
    0x00, 0x00, 0xFF, 0x01, 0xFF, 0x00, 0xFF, 0x02, 0xFA, 0xF8, 0x03, 0xFF, 
    0x01, 0x00, 0x01, 0xFF, 0x01, 0xFF, 0x00, 0x01, 0xFF, 0x00, 0x00, 0xFF, 
    0x00, 0xFF, 0xFF, 0x00, 0x00, 0x01, 0x00, 0x02, 0xFC, 0x01, 0x02, 0x01, 
    0x03, 0x01, 0xFD, 0xFF, 0x03, 0x02, 0xFF, 0x01, 0x03, 0xFD, 0xFC, 0x01, 
    0x02, 0xFE, 0xFD, 0xFF, 0x00, 0xFF, 0xFF, 0x00, 0x00, 0x00, 0x01, 0x01, 
    0x01, 0x00, 0x01, 0x02, 0x00, 0x00, 0x01, 0x01, 0x00, 0x00, 0x00, 0x00, 
    0x00, 0x00, 0x00, 0x09, 0x01, 0xFE, 0xFF, 0xFE, 0x00, 0xFF, 0xFF, 0xFF, 
    0xFF, 0xFE, 0xFE, 0xFE, 0xFF, 0xFE, 0x01, 0xFE, 0x00, 0xFE, 0x00, 0xFE, 
    0x01, 0xFF, 0x02, 0x09, 0xFE, 0xFF, 0xFF, 0x00, 0xFF, 0xFF, 0xFF, 0x00, 
    0x00, 0x00, 0x01, 0xFF, 0x00, 0xFF, 0xFF, 0xFF, 0xFF, 0xFE, 0xFF, 0xFF, 
    0xFE, 0xFE, 0xFF, 0xFE, 0xFF, 0x00, 0x00, 0x00, 0x00, 0x00, 0x00, 0x00, 
    0x00, 0x00, 0x01, 0xFF, 0x00, 0xFF, 0x00, 0xFE, 0x02, 0xFB, 0xF8, 0x03, 
    0xFF, 0x01, 0x00, 0x01, 0x00, 0x00, 0x00, 0x00, 0x00, 0xFF, 0xFF, 0x00, 
    0x00, 0x00, 0x00, 0x00, 0x00, 0x00, 0x01, 0xFF, 0x01, 0xFC, 0xFE, 0x01, 
    0x00, 0x01, 0x00, 0x01, 0x01, 0x01, 0x01, 0x01, 0x01, 0x00, 0x01, 0x00, 
    0x01, 0x00, 0x00, 0x01, 0x00, 0x01, 0xFF, 0x01, 0x00, 0x00, 0x00, 0x00, 
    0x00, 0x00, 0x00, 0x00, 0x00, 0x00, 0x00, 0x00, 0xFF, 0x00, 0x00, 0x00, 
    0x00, 0x00, 0x01, 0x00, 0x08, 0x02, 0xFE, 0x00, 0xFF, 0x00, 0xFF, 0x00, 
    0xFF, 0x00, 0xFE, 0x00, 0xFE, 0xFF, 0xFF, 0xFF, 0xFF, 0x00, 0xFF, 0x00, 
    0x00, 0x00, 0xFF, 0x02, 0x0A, 0xFE, 0xFF, 0x00, 0xFE, 0x01, 0xFF, 0x00, 
    0x00, 0x00, 0xFF, 0x00, 0x00, 0x00, 0x00, 0x00, 0x00, 0xFF, 0xFE, 0xFF, 
    0x00, 0xFE, 0x00, 0xFE, 0xFF, 0xFF, 0xFF, 0x00, 0xFF, 0x00, 0x00, 0x00, 
    0xFF, 0x00, 0x00, 0x01, 0x00, 0x00, 0xFF, 0x01, 0xFE, 0x02, 0xFC, 0xF7, 
    0x03, 0xFF, 0x00, 0xFF, 0x01, 0x00, 0x01, 0x01, 0x00, 0x01, 0x01, 0x00, 
    0xFF, 0x00, 0x00, 0x00, 0x00, 0x00, 0xFF, 0x00, 0x00, 0x00, 0xFC, 0xFE, 
    0x01, 0x00, 0x01, 0x01, 0x01, 0x01, 0x01, 0x01, 0x00, 0x01, 0x00, 0x00, 
    0x00, 0x00, 0x01, 0x00, 0x00, 0x00, 0x00, 0x00, 0x00, 0x00, 0x01, 0x00, 
    0x00, 0x00, 0x00, 0x00, 0x00, 0x00, 0x00, 0x00, 0xFF, 0x00, 0x00, 0x01, 
    0x00, 0x00, 0x00, 0x01, 0xFF, 0x08, 0x03, 0xFD, 0x00, 0xFE, 0x00, 0xFE, 
    0x00, 0xFF, 0x00, 0xFF, 0x00, 0xFF, 0x00, 0xFF, 0x00, 0xFF, 0xFF, 0xFF, 
    0xFF, 0x00, 0xFF, 0xFF, 0x00, 0x0A, 0xFE, 0xFE, 0xFF, 0xFE, 0xFF, 0xFF, 
    0x00, 0xFF, 0x00, 0xFF, 0x00, 0xFE, 0x01, 0xFF, 0xFE, 0x00, 0x00, 0x00, 
    0xFF, 0x00, 0x00, 0xFE, 0xFF, 0xFF, 0xFF, 0xFE, 0xFF, 0xFE, 0x00, 0xFF, 
    0xFF, 0xFF, 0xFE, 0x00, 0xFF, 0x00, 0x01, 0xFE, 0x01, 0xFF, 0x01, 0xFE, 
    0xF6, 0x02, 0xFF, 0x00, 0x00, 0x01, 0x00, 0x01, 0x01, 0x00, 0x01, 0x00, 
    0x00, 0x00, 0x01, 0xFF, 0x00, 0xFF, 0x00, 0xFE, 0x01, 0xFF, 0x01, 0xFD, 
    0xFD, 0x01, 0x00, 0x01, 0x00, 0x02, 0xFF, 0x01, 0x00, 0x01, 0x00, 0x00, 
    0x00, 0x01, 0x00, 0x00, 0x00, 0x00, 0x00, 0x00, 0x00, 0xFF, 0x00, 0x01, 
    0x00, 0x00, 0x00, 0x00, 0x00, 0x00, 0xFF, 0x00, 0xFF, 0x00, 0x00, 0xFF, 
    0x01, 0xFF, 0x01, 0xFF, 0x00, 0xFE, 0x07, 0x04, 0xFE, 0x00, 0xFE, 0x00, 
    0xFE, 0x01, 0xFF, 0x00, 0xFF, 0x00, 0xFE, 0x00, 0xFF, 0xFF, 0xFE, 0x00, 
    0xFF, 0xFF, 0xFF, 0xFF, 0x00, 0xFE, 0x0A, 0xFF, 0xFE, 0x00, 0xFF, 0xFF, 
    0xFE, 0x00, 0xFE, 0x00, 0xFF, 0xFE, 0xFF, 0xFF, 0xFF, 0xFF, 0xFF, 0x00, 
    0xFF, 0xFF, 0x00, 0xFF, 0xFF, 0xFF, 0x00, 0xFF, 0xFF, 0x00, 0xFF, 0x00, 
    0xFF, 0x00, 0xFF, 0x00, 0xFF, 0xFF, 0xFF, 0x00, 0xFF, 0xFF, 0xFF, 0x00, 
    0xFE, 0xF5, 0x00, 0x00, 0x00, 0x01, 0x00, 0x00, 0x00, 0x00, 0x00, 0x01, 
    0x00, 0x00, 0x00, 0x00, 0xFF, 0x00, 0x00, 0x00, 0xFF, 0x00, 0xFE, 0x01, 
    0xFD, 0xFD, 0x01, 0xFF, 0x01, 0x00, 0x00, 0x00, 0x01, 0x00, 0x00, 0x00, 
    0x00, 0x00, 0x00, 0x00, 0x00, 0x00, 0x00, 0x00, 0x00, 0x00, 0x00, 0x00, 
    0xFF, 0x00, 0x00, 0x00, 0x00, 0x00, 0x00, 0x00, 0x00, 0x00, 0x00, 0x00, 
    0x00, 0x00, 0x00, 0x00, 0xFF, 0x01, 0xFE, 0x05, 0x05, 0xFC, 0x00, 0xFE, 
    0xFF, 0xFF, 0xFF, 0xFE, 0x00, 0xFF, 0x00, 0xFF, 0xFF, 0xFF, 0xFF, 0xFF, 
    0xFF, 0xFF, 0xFF, 0xFF, 0xFF, 0x00, 0xFF, 0x09, 0x01, 0xFD, 0x00, 0xFE, 
    0xFF, 0xFF, 0xFF, 0xFF, 0xFF, 0xFF, 0x00, 0xFF, 0xFF, 0x00, 0x00, 0xFF, 
    0xFF, 0xFF, 0xFF, 0xFF, 0xFF, 0xFF, 0xFF, 0x00, 0xFF, 0xFF, 0xFF, 0xFF, 
    0xFF, 0x00, 0x00, 0xFF, 0xFF, 0x00, 0xFF, 0xFF, 0x00, 0xFF, 0x00, 0xFE, 
    0x00, 0xFF, 0xF5, 0x00, 0x00, 0xFF, 0x01, 0x00, 0x00, 0x00, 0x01, 0x00, 
    0x00, 0x00, 0x01, 0x00, 0x00, 0xFF, 0x00, 0xFF, 0x00, 0x00, 0x00, 0xFF, 
    0x01, 0xFD, 0xFD, 0x01, 0x00, 0x00, 0x00, 0x00, 0x00, 0x00, 0x00, 0x00, 
    0x00, 0x00, 0x00, 0x00, 0x00, 0x00, 0x00, 0x00, 0x00, 0x00, 0x00, 0x00, 
    0x00, 0x00, 0x00, 0x00, 0x00, 0x00, 0x00, 0x00, 0x00, 0xFF, 0x00, 0x00, 
    0x00, 0xFF, 0x00, 0xFF, 0x00, 0xFF, 0x01, 0xFE, 0x05, 0x05, 0xFD, 0xFF, 
    0xFE, 0x00, 0xFF, 0xFF, 0xFF, 0xFF, 0xFE, 0x00, 0xFF, 0x00, 0xFF, 0xFF, 
    0x00, 0xFF, 0xFF, 0xFF, 0xFF, 0xFF, 0x00, 0xFD, 0x09, 0x02, 0xFB, 0x00, 
    0xFE, 0x00, 0xFF, 0xFF, 0xFF, 0x00, 0xFF, 0xFF, 0xFF, 0x00, 0xFF, 0xFE, 
    0xFF, 0xFE, 0x00, 0xFF, 0xFF, 0xFF, 0x00, 0x00, 0xFE, 0x00, 0xFE, 0x00, 
    0xFF, 0x00, 0xFF, 0xFF, 0xFF, 0x00, 0xFF, 0xFF, 0xFF, 0xFF, 0xFF, 0xFF, 
    0x00, 0xFF, 0x00, 0xF6, 0xFF, 0x01, 0x00, 0x00, 0xFF, 0x01, 0xFF, 0x01, 
    0x00, 0x01, 0x00, 0x00, 0x00, 0x00, 0x00, 0x00, 0x00, 0x00, 0xFF, 0x01, 
    0xFE, 0x00, 0xFD, 0xFE, 0xFF, 0xFF, 0x01, 0x01, 0x02, 0xFF, 0x01, 0x00, 
    0x01, 0x00, 0x01, 0x00, 0x00, 0x00, 0x00, 0x00, 0x00, 0x00, 0x00, 0x00, 
    0xFF, 0x00, 0x01, 0x01, 0xFF, 0x00, 0xFF, 0x00, 0x00, 0xFF, 0x00, 0x00, 
    0x00, 0xFF, 0x00, 0x00, 0xFE, 0x00, 0xFF, 0x01, 0xFE, 0x04, 0x07, 0xFD, 
    0xFF, 0xFE, 0xFF, 0xFF, 0xFF, 0xFF, 0xFF, 0xFF, 0xFF, 0xFF, 0xFF, 0xFF, 
    0xFF, 0x00, 0xFF, 0x00, 0xFE, 0x00, 0xFF, 0x00, 0xFD, 0x08, 0x03, 0xFC, 
    0x00, 0xFD, 0x00, 0xFE, 0xFF, 0xFF, 0x00, 0xFF, 0x00, 0xFF, 0xFF, 0x00, 
    0xFF, 0xFF, 0xFF, 0xFF, 0xFF, 0xFF, 0x00, 0xFF, 0xFF, 0x00, 0xFF, 0xFF, 
    0x00, 0xFF, 0xFF, 0xFF, 0x00, 0xFF, 0xFF, 0xFF, 0xFF, 0xFF, 0xFF, 0xFF, 
    0x00, 0xFF, 0xFF, 0x01, 0xF6, 0xFE, 0x01, 0xFF, 0x01, 0xFF, 0x01, 0x00, 
    0x01, 0x00, 0x00, 0x00, 0x00, 0x00, 0x00, 0xFF, 0xFF, 0x00, 0xFF, 0xFE, 
    0x00, 0xFF, 0x00, 0xFF, 0xFB, 0x00, 0x00, 0x01, 0x00, 0x00, 0x00, 0x00, 
    0x00, 0x00, 0x00, 0x00, 0x00, 0xFF, 0x01, 0x00, 0x00, 0x00, 0x02, 0x00, 
    0x00, 0x00, 0x00, 0x01, 0xFF, 0x00, 0x00, 0xFF, 0xFF, 0x00, 0xFF, 0x00, 
    0x00, 0x00, 0x00, 0x01, 0x00, 0xFF, 0x00, 0xFE, 0x00, 0xFE, 0x03, 0x07, 
    0xFD, 0xFF, 0xFF, 0x00, 0xFF, 0x00, 0xFF, 0xFF, 0x00, 0xFF, 0xFF, 0x00, 
    0xFF, 0xFF, 0x00, 0xFF, 0x00, 0xFF, 0x01, 0xFF, 0x00, 0xFD, 0x07, 0x04, 
    0xFB, 0xFF, 0xFD, 0xFE, 0xFE, 0xFF, 0xFD, 0xFF, 0xFF, 0xFF, 0xFF, 0xFE, 
    0xFF, 0xFF, 0xFF, 0xFF, 0xFF, 0x00, 0x00, 0xFF, 0x00, 0x01, 0x00, 0x00, 
    0x01, 0x00, 0xFF, 0xFF, 0xFF, 0xFE, 0xFE, 0x00, 0xFE, 0xFE, 0xFF, 0xFF, 
    0xFE, 0xFF, 0xFF, 0xFF, 0x01, 0xF6, 0xFD, 0x01, 0xFF, 0x02, 0x00, 0x01, 
    0x00, 0x01, 0x01, 0x01, 0x00, 0x01, 0x00, 0x01, 0x00, 0x00, 0x00, 0x00, 
    0x00, 0xFF, 0xFE, 0xFF, 0xFE, 0xFB, 0x00, 0x00, 0x00, 0x01, 0x00, 0x00, 
    0x01, 0x00, 0x00, 0x01, 0x00, 0x00, 0x00, 0x00, 0x00, 0xFF, 0x00, 0x00, 
    0x01, 0x00, 0x00, 0x00, 0x00, 0x00, 0x00, 0xFF, 0x00, 0x01, 0x00, 0x00, 
    0x00, 0x00, 0xFF, 0x00, 0x00, 0x00, 0xFF, 0x00, 0xFF, 0x00, 0xFE, 0x01, 
    0x07, 0xFD, 0xFE, 0xFF, 0xFF, 0xFE, 0xFF, 0x00, 0x00, 0xFF, 0x00, 0x00, 
    0xFF, 0x00, 0x00, 0x00, 0xFF, 0xFF, 0xFF, 0x01, 0xFD, 0x00, 0xFE, 0x06, 
    0x05, 0xFC, 0x00, 0xFD, 0xFE, 0xFF, 0xFF, 0xFF, 0xFF, 0xFE, 0xFF, 0xFF, 
    0xFF, 0xFF, 0x00, 0xFF, 0xFF, 0x00, 0xFF, 0xFF, 0xFF, 0x00, 0xFF, 0xFF, 
    0xFF, 0xFF, 0x00, 0xFF, 0xFF, 0xFF, 0x00, 0xFF, 0xFF, 0xFF, 0xFF, 0xFF, 
    0x00, 0xFF, 0xFF, 0x00, 0xFF, 0x01, 0xF8, 0xFC, 0x02, 0xFF, 0x01, 0x00, 
    0x01, 0x00, 0x01, 0x00, 0x00, 0x00, 0x00, 0x00, 0x00, 0x00, 0x01, 0x00, 
    0x00, 0x00, 0x00, 0xFF, 0x00, 0x00, 0xFB, 0x00, 0x00, 0x00, 0x01, 0x00, 
    0x01, 0x01, 0x00, 0x00, 0x00, 0x00, 0x00, 0x00, 0x00, 0x00, 0x00, 0x00, 
    0x00, 0xFF, 0x00, 0x00, 0x00, 0x00, 0x01, 0xFF, 0x00, 0x01, 0x01, 0x00, 
    0x00, 0x00, 0x00, 0x00, 0x00, 0x00, 0x00, 0x01, 0x00, 0xFF, 0x01, 0xFF, 
    0x02, 0x08, 0xFE, 0xFE, 0xFF, 0xFF, 0xFF, 0xFF, 0x00, 0xFF, 0xFF, 0xFF, 
    0xFF, 0xFF, 0x00, 0xFF, 0x00, 0xFF, 0x00, 0xFF, 0x00, 0xFF, 0x01, 0xFD, 
    0x06, 0x06, 0xFC, 0x00, 0xFE, 0xFF, 0xFF, 0xFF, 0x00, 0x00, 0xFF, 0x00, 
    0xFF, 0xFE, 0xFF, 0xFF, 0xFF, 0x00, 0xFF, 0xFF, 0x00, 0xFE, 0x00, 0xFF, 
    0xFF, 0x00, 0xFF, 0x00, 0xFF, 0x00, 0xFF, 0x00, 0xFF, 0xFF, 0x00, 0xFF, 
    0x00, 0x00, 0x00, 0xFF, 0x00, 0xFE, 0x02, 0xF7, 0xFB, 0x02, 0xFF, 0x02, 
    0xFF, 0x01, 0x00, 0x01, 0xFF, 0x00, 0x00, 0x00, 0x00, 0x00, 0x00, 0x00, 
    0x00, 0x01, 0xFF, 0x00, 0x00, 0x00, 0x00, 0xFC, 0x00, 0x00, 0x00, 0x01, 
    0x00, 0x01, 0x00, 0x01, 0x00, 0x01, 0x00, 0x00, 0xFF, 0x00, 0x00, 0xFF, 
    0x00, 0x00, 0x00, 0x00, 0x00, 0x00, 0x00, 0x01, 0xFF, 0x00, 0x00, 0x00, 
    0x00, 0x00, 0x00, 0x00, 0xFF, 0x00, 0x00, 0x00, 0x00, 0x00, 0xFF, 0x01, 
    0xFF, 0x00, 0x08, 0xFF, 0xFF, 0xFF, 0xFF, 0x00, 0xFF, 0xFF, 0xFF, 0x00, 
    0xFE, 0xFF, 0xFF, 0x00, 0xFF, 0x00, 0xFF, 0x00, 0xFF, 0x00, 0xFF, 0x00, 
    0xFE, 0x04, 0x07, 0xFD, 0x00, 0xFE, 0xFF, 0xFF, 0xFF, 0xFF, 0xFF, 0xFF, 
    0xFF, 0xFF, 0xFF, 0xFF, 0x00, 0xFF, 0xFF, 0x00, 0xFF, 0xFF, 0xFF, 0x00, 
    0xFF, 0x00, 0x00, 0xFF, 0x00, 0x00, 0xFF, 0xFF, 0xFF, 0xFF, 0xFF, 0xFF, 
    0x00, 0x00, 0xFF, 0xFF, 0xFF, 0x01, 0xFE, 0x02, 0xF9, 0xFA, 0x02, 0xFE, 
    0x01, 0xFF, 0x01, 0xFF, 0x01, 0x01, 0x00, 0xFF, 0x00, 0x00, 0x00, 0x00, 
    0x00, 0x00, 0x00, 0x00, 0x00, 0x00, 0x00, 0x00, 0xFC, 0x00, 0x01, 0x00, 
    0x01, 0x00, 0x00, 0x00, 0x00, 0x00, 0x00, 0x00, 0x00, 0x00, 0x01, 0x00, 
    0x00, 0x00, 0x00, 0x00, 0x00, 0x00, 0x00, 0x00, 0x00, 0x00, 0x00, 0x00, 
    0x00, 0x00, 0x00, 0x00, 0x00, 0x00, 0x00, 0x00, 0x00, 0x00, 0x00, 0x00, 
    0x00, 0x00, 0x00, 0x08, 0x00, 0xFE, 0xFF, 0xFE, 0x00, 0xFF, 0xFF, 0xFF, 
    0x00, 0xFF, 0x00, 0xFF, 0x00, 0xFF, 0x00, 0xFF, 0x00, 0x00, 0x00, 0xFF, 
    0x01, 0xFD, 0x03, 0x08, 0xFD, 0xFF, 0xFE, 0xFF, 0xFF, 0xFF, 0xFF, 0xFF, 
    0xFF, 0xFF, 0xFF, 0xFF, 0xFF, 0xFF, 0x00, 0xFF, 0xFF, 0xFF, 0xFF, 0xFF, 
    0x00, 0xFE, 0xFF, 0x00, 0xFF, 0x00, 0x00, 0x00, 0x00, 0xFF, 0x00, 0x00, 
    0xFF, 0xFF, 0x00, 0xFF, 0xFF, 0xFF, 0x00, 0xFE, 0x02, 0xF9, 0xF9, 0x03, 
    0xFF, 0x01, 0xFF, 0x00, 0x00, 0x01, 0x00, 0x00, 0x00, 0x00, 0x00, 0x00, 
    0x00, 0x00, 0x00, 0x00, 0x01, 0x00, 0x00, 0xFF, 0x01, 0xFC, 0xFF, 0x01, 
    0x00, 0x01, 0x00, 0x01, 0x00, 0x01, 0x00, 0x01, 0x00, 0x00, 0x00, 0x00, 
    0x00, 0x00, 0x00, 0x00, 0x00, 0x00, 0x00, 0x00, 0x00, 0x00, 0x00, 0x00, 
    0x00, 0x00, 0x00, 0x00, 0x00, 0x00, 0x00, 0x00, 0x00, 0x00, 0x00, 0x00, 
    0x00, 0x00, 0x00, 0xFF, 0x08, 0x01, 0xFE, 0xFF, 0xFF, 0xFF, 0xFF, 0x00, 
    0xFF, 0x00, 0xFF, 0x00, 0x00, 0x00, 0xFF, 0x00, 0xFE, 0x01, 0x00, 0x00, 
    0xFE, 0x00, 0xFE, 0x03, 0x08, 0xFC, 0xFF, 0xFE, 0xFF, 0xFF, 0xFF, 0xFF, 
    0xFE, 0xFF, 0x00, 0xFF, 0xFF, 0xFF, 0xFF, 0x00, 0xFF, 0x00, 0x00, 0xFF, 
    0x00, 0xFF, 0x00, 0x00, 0xFF, 0xFF, 0xFF, 0x00, 0xFF, 0xFF, 0x00, 0xFF, 
    0xFF, 0x00, 0x00, 0x00, 0xFF, 0x00, 0xFF, 0x01, 0xFE, 0x01, 0xFB, 0xF8, 
    0x02, 0xFF, 0x00, 0xFF, 0x00, 0x00, 0x00, 0xFF, 0x00, 0x00, 0x00, 0x00, 
    0x00, 0x01, 0x00, 0x00, 0x00, 0x01, 0x00, 0x01, 0xFF, 0x01, 0xFC, 0xFF, 
    0x01, 0x00, 0x02, 0x00, 0x01, 0x01, 0x00, 0x00, 0x01, 0x00, 0x01, 0x00, 
    0x00, 0x00, 0x00, 0x00, 0x01, 0x00, 0x00, 0x01, 0x00, 0x01, 0x01, 0x00, 
    0x00, 0x00, 0x00, 0x01, 0x00, 0x00, 0xFF, 0xFF, 0x01, 0x00, 0x00, 0xFF, 
    0x00, 0xFF, 0x00, 0x00, 0xFE, 0x08, 0x01, 0xFE, 0xFF, 0xFE, 0xFF, 0xFF, 
    0x00, 0xFE, 0x00, 0xFE, 0xFF, 0xFF, 0xFF, 0xFF, 0x01, 0x00, 0x00, 0xFF, 
    0x00, 0xFE, 0x01, 0xFE, 0x00, 0x0A, 0xFE, 0xFE, 0xFF, 0xFE, 0xFF, 0xFF, 
    0x00, 0xFF, 0xFF, 0xFF, 0xFF, 0x00, 0xFE, 0xFF, 0x00, 0xFE, 0x00, 0xFF, 
    0x00, 0xFF, 0xFF, 0x00, 0x00, 0xFF, 0xFF, 0x00, 0xFF, 0x00, 0xFE, 0xFF, 
    0x01, 0xFF, 0xFF, 0xFF, 0x00, 0xFF, 0x00, 0xFE, 0x00, 0xFF, 0x01, 0xFC, 
    0xF7, 0x01, 0x00, 0x00, 0x00, 0x01, 0xFF, 0x00, 0x00, 0xFF, 0x01, 0x00, 
    0x00, 0x00, 0x00, 0x00, 0x00, 0x00, 0x00, 0x00, 0x00, 0x00, 0x01, 0xFD, 
    0xFE, 0x01, 0x01, 0x01, 0x00, 0x01, 0x00, 0x00, 0x00, 0x00, 0x01, 0x00, 
    0x00, 0x00, 0xFF, 0x00, 0x00, 0x01, 0xFF, 0x00, 0x00, 0x00, 0x00, 0x00, 
    0x00, 0x00, 0xFF, 0x01, 0x00, 0x00, 0x00, 0x00, 0x00, 0x00, 0x00, 0x00, 
    0x00, 0x00, 0x00, 0xFF, 0x00, 0xFE, 0x07, 0x03, 0xFD, 0xFF, 0xFF, 0x00, 
    0xFE, 0x01, 0xFE, 0x00, 0xFF, 0x00, 0xFF, 0x00, 0xFF, 0x00, 0xFE, 0xFF, 
    0xFF, 0x00, 0xFF, 0x00, 0xFF, 0x00, 0x09, 0xFE, 0xFE, 0xFF, 0xFE, 0xFF, 
    0xFE, 0xFF, 0xFF, 0xFF, 0xFF, 0xFF, 0xFF, 0xFF, 0xFF, 0xFF, 0xFF, 0xFF, 
    0xFF, 0xFF, 0xFF, 0xFF, 0xFF, 0xFF, 0xFF, 0xFF, 0xFF, 0xFF, 0xFF, 0x00, 
    0xFF, 0x00, 0xFF, 0xFF, 0xFF, 0x00, 0xFF, 0x00, 0xFE, 0x00, 0xFF, 0xFF, 
    0xFD, 0xF6, 0x01, 0x00, 0x00, 0x00, 0x00, 0x00, 0x00, 0x00, 0x00, 0x00, 
    0x00, 0x00, 0xFF, 0x00, 0xFF, 0x00, 0x00, 0x00, 0xFF, 0x00, 0xFF, 0x01, 
    0xFD, 0xFE, 0x01, 0x00, 0x01, 0x00, 0x00, 0x00, 0x00, 0x00, 0x00, 0x00, 
    0x01, 0xFF, 0x00, 0x00, 0x00, 0x00, 0x00, 0x00, 0x00, 0x00, 0xFF, 0x00, 
    0x00, 0x00, 0x00, 0x00, 0x00, 0x00, 0x00, 0x00, 0x00, 0xFF, 0x00, 0x00, 
    0x00, 0x01, 0x00, 0x00, 0xFF, 0x00, 0xFF, 0x06, 0x02, 0xFD, 0x00, 0xFE, 
    0xFF, 0xFF, 0x00, 0xFF, 0xFF, 0xFE, 0xFF, 0xFF, 0x00, 0x00, 0x00, 0x00, 
    0x00, 0x00, 0x00, 0x00, 0x00, 0x00, 0x00, 0x00, 0x00, 0x00, 0x00, 0x00, 
    0x00, 0x00, 0x00, 0x00, 0x00, 0x00, 0x00, 0x00, 0x00, 0x00, 0x00, 0x00, 
    0x00, 0x00, 0x00, 0x00, 0x00, 0x00, 0x00, 0x00, 0x00, 0x00, 0x00, 0x00, 
    0x00, 0x00, 0x00, 0x00, 0x00, 0x00, 0x00, 0x00, 0x00, 0x00, 0x00, 0x00, 
    0x00, 0x00, 0x00, 0x00, 0x00, 0x00, 0x00, 0x00, 0x00, 0x00, 0x00, 0x00, 
    0x00, 0x00, 0x00, 0x00, 0x00, 0x00, 0x00, 0x00, 0x00, 0x00, 0x00, 0x00, 
    0x00, 0x00, 0x00, 0x00, 0x00, 0x00, 0x00, 0x00, 0x00, 0x00, 0x00, 0x00, 
    0x00, 0x00, 0x00, 0x00, 0x00, 0x00, 0x00, 0x00, 0x00, 0x00, 0x00, 0x00, 
    0x00, 0x00, 0x00, 0x00, 0x00, 0x00, 0x00, 0x00, 0x00, 0x00, 0x00, 0x00, 
    0x00, 0x00, 0x00, 0x00, 0x00, 0x00, 0x00, 0x00, 0x00, 0x00, 0x00, 0x00, 
    0x00, 0x00, 0x00, 0x00, 0x00, 0x00, 0x00, 0x00, 0x00, 0x00, 0x00, 0x00, 
    0x00, 0x00, 0x00, 0x00, 0x00, 0x00, 0x00, 0x00, 0x00, 0x00, 0x00, 0x00, 
    0x00, 0x00, 0x00, 0x00, 0x00, 0x00, 0x00, 0x00, 0x00, 0x00, 0x00, 0x00, 
    0x00, 0x00, 0x00, 0x00, 0x00, 0x00, 0x00, 0x00, 0x00, 0x00, 0x00, 0x00, 
    0x00, 0x00, 0x00, 0x00, 0x00, 0x00, 0x00, 0x00, 0x00, 0x00, 0x00, 0x00, 
    0x00, 0x00, 0x00, 0x00, 0x00, 0x00, 0x00, 0x00, 0x00, 0x00, 0x00, 0x00, 
    0x00, 0x00, 0x00, 0x00, 0x00, 0x00, 0x00, 0x00, 0x00, 0x00, 0x00, 0x00, 
    0x00, 0x00, 0x00, 0x00, 0x00, 0x00, 0x00, 0x00, 0x00, 0x00, 0x00, 0x00, 
    0x00, 0x00, 0x00, 0x00, 0x00, 0x00, 0x00, 0x00, 0x00, 0x00, 0x00, 0x00, 
    0x00, 0x00, 0x00, 0x00, 0x00, 0x00, 0x00, 0x00, 0x00, 0x00, 0x00, 0x00, 
    0x00, 0x00, 0x00, 0x00, 0x00, 0x00, 0x00, 0x00, 0x00, 0x00, 0x00, 0x00, 
    0x00, 0x00, 0x00, 0x00, 0x00, 0x00, 0x00, 0x00, 0x00, 0x00, 0x00, 0x00, 
    0x00, 0x00, 0x00, 0x00, 0x00, 0x00, 0x00, 0x00, 0x00, 0x00, 0x00, 0x00, 
    0x00, 0x00, 0x00, 0x00, 0x00, 0x00, 0x00, 0x00, 0x00, 0x00, 0x00, 0x00, 
    0x00, 0x00, 0x00, 0x00, 0x00, 0x00, 0x00, 0x00, 0x00, 0x00, 0x00, 0x00, 
    0x00, 0x00, 0x00, 0x00, 0x00, 0x00, 0x00, 0x00, 0x00, 0x00, 0x00, 0x00, 
    0x00, 0x00, 0x00, 0x00, 0x00, 0x00, 0x00, 0x00, 0x00, 0x00, 0x00, 0x00, 
    0x00, 0x00, 0x00, 0x00, 0x00, 0x00, 0x00, 0x00, 0x00, 0x00, 0x00, 0x00, 
    0x00, 0x00, 0x00, 0x00, 0x00, 0x00, 0x00, 0x00, 0x00, 0x00, 0x00, 0x00, 
    0x00, 0x00, 0x00, 0x00, 0x00, 0x00, 0x00, 0x00, 0x00, 0x00, 0x00, 0x00, 
    0x00, 0x00, 0x00, 0x00, 0x00, 0x00, 0x00, 0x00, 0x00, 0x00, 0x00, 0x00, 
    0x00, 0x00, 0x00, 0x00, 0x00, 0x00, 0x00, 0x00, 0x00, 0x00, 0x00, 0x00, 
    0x00, 0x00, 0x00, 0x00, 0x00, 0x00, 0x00, 0x00, 0x00, 0x00, 0x00, 0x00, 
    0x00, 0x00, 0x00, 0x00, 0x00, 0x00, 0x00, 0x00, 0x00, 0x00, 0x00, 0x00, 
    0x00, 0x00, 0x00, 0x00, 0x00, 0x00, 0x00, 0x00, 0x00, 0x00, 0x00, 0x00, 
    0x00, 0x00, 0x00, 0x00, 0x00, 0x00, 0x00, 0x00, 0x00, 0x00, 0x00, 0x00, 
    0x00, 0x00, 0x00, 0x00, 0x00, 0x00, 0x00, 0x00, 0x00, 0x00, 0x00, 0x00, 
    0x00, 0x00, 0x00, 0x00, 0x00, 0x00, 0x00, 0x00, 0x00, 0x00, 0x00, 0x00, 
    0x00, 0x00, 0x00, 0x00, 0x00, 0x00, 0x00, 0x00, 0x00, 0x00, 0x00, 0x00, 
    0x00, 0x00, 0x00, 0x00, 0x00, 0x00, 0x00, 0x00, 0x00, 0x00, 0x00, 0x00, 
    0x00, 0x00, 0x00, 0x00, 0x00, 0x00, 0x00, 0x00, 0x00, 0x00, 0x00, 0x00, 
    0x00, 0x00, 0x00, 0x00, 0x00, 0x00, 0x00, 0x00, 0x00, 0x00, 0x00, 0x00, 
    0x00, 0x00, 0x00, 0x00, 0x00, 0x00, 0x00, 0x00, 0x00, 0x00, 0x00, 0x00, 
    0x00, 0x00, 0x00, 0x00, 0x00, 0x00, 0x00, 0x00, 0x00, 0x00, 0x00, 0x00, 
    0x00, 0x00, 0x00, 0x00, 0x00, 0x00, 0x00, 0x00, 0x00, 0x00, 0x00, 0x00, 
    0x00, 0x00, 0x00, 0x00, 0x00, 0x00, 0x00, 0x00, 0x00, 0x00, 0x00, 0x00, 
    0x00, 0x00, 0x00, 0x00, 0x00, 0x00, 0x00, 0x00, 0x00, 0x00, 0x00, 0x00, 
    0x00, 0x00, 0x00, 0x00, 0x00, 0x00, 0x00, 0x00, 0x00, 0x00, 0x00, 0x00, 
    0x00, 0x00, 0x00, 0x00, 0x00, 0x00, 0x00, 0x00, 0x00, 0x00, 0x00, 0x00, 
    0x00, 0x00, 0x00, 0x00, 0x00, 0x00, 0x00, 0x00, 0x00, 0x00, 0x00, 0x00, 
    0x00, 0x00, 0x00, 0x00, 0x00, 0x00, 0x00, 0x00, 0x00, 0x00, 0x00, 0x00, 
    0x00, 0x00, 0x00, 0x00, 0x00, 0x00, 0x00, 0x00, 0x00, 0x00, 0x00, 0x00, 
    0x00, 0x00, 0x00, 0x00, 0x00, 0x00, 0x00, 0x00, 0x00, 0x00, 0x00, 0x00, 
    0x00, 0x00, 0x00, 0x00, 0x00, 0x00, 0x00, 0x00, 0x00, 0x00, 0x00, 0x00, 
    0x00, 0x00, 0x00, 0x00, 0x00, 0x00, 0x00, 0x00, 0x00, 0x00, 0x00, 0x00, 
    0x00, 0x00, 0x00, 0x00, 0x00, 0x00, 0x00, 0x00, 0x00, 0x00, 0x00, 0x00, 
    0x00, 0x00, 0x00, 0x00, 0x00, 0x00, 0x00, 0x00, 0x00, 0x00, 0x00, 0x00, 
    0x00, 0x00, 0x00, 0x00, 0x00, 0x00, 0x00, 0x00, 0x00, 0x00, 0x00, 0x00, 
    0x00, 0x00, 0x00, 0x00, 0x00, 0x00, 0x00, 0x00, 0x00, 0x00, 0x00, 0x00, 
    0x00, 0x00, 0x00, 0x00, 0x00, 0x00, 0x00, 0x00, 0x00, 0x00, 0x00, 0x00, 
    0x00, 0x00, 0x00, 0x00, 0x00, 0x00, 0x00, 0x00, 0x00, 0x00, 0x00, 0x00, 
    0x00, 0x00, 0x00, 0x00, 0x00, 0x00, 0x00, 0x00, 0x00, 0x00, 0x00, 0x00, 
    0x00, 0x00, 0x00, 0x00, 0x00, 0x00, 0x00, 0x00, 0x00, 0x00, 0x00, 0x00, 
    0x00, 0x00, 0x00, 0x00, 0x00, 0x00, 0x00, 0x00, 0x00, 0x00, 0x00, 0x00, 
    0x00, 0x00, 0x00, 0x00, 0x00, 0x00, 0x00, 0x00, 0x00, 0x00, 0x00, 0x00, 
    0x00, 0x00, 0x00, 0x00, 0x00, 0x00, 0x00, 0x00, 0x00, 0x00, 0x00, 0x00, 
    0x00, 0x00, 0x00, 0x00, 0x00, 0x00, 0x00, 0x00, 0x00, 0x00, 0x00, 0x00, 
    0x00, 0x00, 0x00, 0x00, 0x00, 0x00, 0x00, 0x00, 0x00, 0x00, 0x00, 0x00, 
    0x00, 0x00, 0x00, 0x00, 0x00, 0x00, 0x00, 0x00, 0x00, 0x00, 0x00, 0x00, 
    0x00, 0x00, 0x00, 0x00, 0x00, 0x00, 0x00, 0x00, 0x00, 0x00, 0x00, 0x00, 
    0x00, 0x00, 0x00, 0x00, 0x00, 0x00, 0x00, 0x00, 0x00, 0x00, 0x00, 0x00, 
    0x00, 0x00, 0x00, 0x00, 0x00, 0x00, 0x00, 0x00, 0x00, 0x00, 0x00, 0x00, 
    0x00, 0x00, 0x00, 0x00, 0x00, 0x00, 0x00, 0x00, 0x00, 0x00, 0x00, 0x00, 
    0x00, 0x00, 0x00, 0x00, 0x00, 0x00, 0x00, 0x00, 0x00, 0x00, 0x00, 0x00, 
    0x00, 0x00, 0x00, 0x00, 0x00, 0x00, 0x00, 0x00, 0x00, 0x00, 0x00, 0x00, 
    0x00, 0x00, 0x00, 0x00, 0x00, 0x00, 0x00, 0x00, 0x00, 0x00, 0x00, 0x00, 
    0x00, 0x00, 0x00, 0x00, 0x00, 0x00, 0x00, 0x00, 0x00, 0x00, 0x00, 0x00, 
    0x00, 0x00, 0x00, 0x00, 0x00, 0x00, 0x00, 0x00, 0x00, 0x00, 0x00, 0x00, 
    0x00, 0x00, 0x00, 0x00, 0x00, 0x00, 0x00, 0x00, 0x00, 0x00, 0x00, 0x00, 
    0x00, 0x00, 0x00, 0x00, 0x00, 0x00, 0x00, 0x00, 0x00, 0x00, 0x00, 0x00, 
    0x00, 0x00, 0x00, 0x00, 0x00, 0x00, 0x00, 0x00, 0x00, 0x00, 0x00, 0x00, 
    0x00, 0x00, 0x00, 0x00, 0x00, 0x00, 0x00, 0x00, 0x00, 0x00, 0x00, 0x00, 
    0x00, 0x00, 0x00, 0x00, 0x00, 0x00, 0x00, 0x00, 0x00, 0x00, 0x00, 0x00, 
    0x00, 0x00, 0x00, 0x00, 0x00, 0x00, 0x00, 0x00, 0x00, 0x00, 0x00, 0x00, 
    0x00, 0x00, 0x00, 0x00, 0x00, 0x00, 0x00, 0x00, 0x00, 0x00, 0x00, 0x00, 
    0x00, 0x00, 0x00, 0x00, 0x00, 0x00, 0x00, 0x00, 0x00, 0x00, 0x00, 0x00, 
    0x00, 0x00, 0x00, 0x00, 0x00, 0x00, 0x00, 0x00, 0x00, 0x00, 0x00, 0x00, 
    0x00, 0x00, 0x00, 0x00, 0x00, 0x00, 0x00, 0x00, 0x00, 0x00, 0x00, 0x00, 
    0x00, 0x00, 0x00, 0x00, 0x00, 0x00, 0x00, 0x00, 0x00, 0x00
};

