/* HMNSnor_Snoring_abw.h
 * generated by raw2gba */

#include "Music.h"

const signed char HMNSnor_Snoring_abw [] = {
    0xFF, 0x00, 0x00, 0x00, 0x00, 0x00, 0x00, 0x00, 0x00, 0x00, 0x00, 0x00, 
    0x00, 0x00, 0x00, 0x00, 0x00, 0x00, 0x00, 0x00, 0x00, 0x00, 0xFF, 0xFF, 
    0xFF, 0xFF, 0xFF, 0xFF, 0xFF, 0xFF, 0xFF, 0xFF, 0xFF, 0xFF, 0xFF, 0x00, 
    0x00, 0x00, 0x00, 0x00, 0x00, 0x00, 0xFF, 0xFF, 0xFF, 0xFF, 0xFF, 0xFF, 
    0xFF, 0xFF, 0xFF, 0xFF, 0xFF, 0xFF, 0x00, 0x00, 0x00, 0x00, 0x00, 0x00, 
    0x00, 0x00, 0x00, 0x00, 0x00, 0x00, 0x00, 0x00, 0x00, 0xFF, 0xFF, 0xFF, 
    0xFF, 0xFF, 0xFF, 0xFF, 0xFF, 0xFF, 0xFF, 0xFF, 0xFF, 0xFF, 0xFF, 0xFF, 
    0xFF, 0xFF, 0xFF, 0x00, 0x00, 0x00, 0x00, 0x00, 0x00, 0x00, 0x00, 0x00, 
    0x00, 0x00, 0x00, 0xFF, 0xFF, 0xFF, 0xFF, 0xFF, 0xFF, 0xFF, 0xFF, 0xFF, 
    0xFF, 0xFF, 0xFF, 0xFF, 0xFF, 0xFF, 0xFF, 0xFF, 0x00, 0x00, 0x00, 0x00, 
    0x00, 0xFF, 0xFF, 0xFF, 0xFF, 0xFF, 0xFF, 0xFF, 0xFF, 0x00, 0x00, 0x00, 
    0x00, 0x00, 0x00, 0x00, 0x00, 0x00, 0x00, 0xFF, 0xFF, 0xFF, 0xFF, 0xFF, 
    0xFF, 0xFF, 0xFF, 0xFF, 0xFF, 0xFF, 0xFF, 0x00, 0xFF, 0x00, 0x00, 0x00, 
    0x00, 0x00, 0x00, 0x00, 0x00, 0x00, 0x00, 0x00, 0x00, 0x00, 0x00, 0xFF, 
    0xFF, 0xFF, 0xFF, 0xFF, 0xFF, 0xFF, 0xFF, 0xFF, 0xFF, 0xFF, 0xFF, 0xFF, 
    0xFF, 0xFF, 0xFF, 0xFF, 0xFF, 0x00, 0xFF, 0xFF, 0xFF, 0xFF, 0xFF, 0xFF, 
    0xFF, 0x00, 0x00, 0x00, 0x00, 0x00, 0x00, 0x00, 0x00, 0x00, 0x00, 0x00, 
    0x00, 0x00, 0x00, 0x00, 0x00, 0x00, 0x00, 0xFF, 0x00, 0xFF, 0xFF, 0x00, 
    0xFF, 0xFF, 0xFF, 0xFF, 0xFF, 0xFF, 0xFF, 0xFF, 0x00, 0x00, 0x00, 0x00, 
    0x00, 0x00, 0x00, 0x00, 0x00, 0x00, 0x00, 0x00, 0x00, 0x00, 0x00, 0x00, 
    0x00, 0x00, 0x00, 0xFF, 0xFF, 0xFF, 0xFF, 0xFF, 0xFF, 0xFF, 0xFF, 0xFF, 
    0xFF, 0xFF, 0xFF, 0xFF, 0xFF, 0x00, 0x00, 0x00, 0x00, 0x00, 0x00, 0x00, 
    0x00, 0xFF, 0xFF, 0xFF, 0xFF, 0xFF, 0x00, 0x00, 0x00, 0x00, 0x00, 0x00, 
    0x00, 0xFF, 0xFF, 0xFF, 0xFF, 0xFF, 0xFF, 0xFF, 0xFF, 0xFF, 0x00, 0xFF, 
    0xFF, 0x00, 0x00, 0x00, 0x00, 0x00, 0x00, 0x00, 0x00, 0x00, 0x00, 0x00, 
    0x00, 0x00, 0x00, 0xFF, 0xFF, 0x00, 0xFF, 0x00, 0x00, 0x00, 0x00, 0x00, 
    0x00, 0x00, 0x00, 0xFF, 0xFF, 0x00, 0x00, 0xFF, 0xFF, 0xFF, 0xFF, 0xFF, 
    0xFF, 0xFF, 0xFF, 0xFF, 0xFF, 0xFF, 0xFF, 0xFF, 0xFF, 0xFF, 0x00, 0x00, 
    0x00, 0x00, 0x00, 0x00, 0x00, 0xFF, 0xFF, 0x00, 0xFF, 0x00, 0x00, 0x00, 
    0x00, 0x00, 0x00, 0x00, 0x00, 0x00, 0xFF, 0xFF, 0x00, 0xFF, 0x00, 0x00, 
    0x00, 0x00, 0x00, 0x00, 0x00, 0xFF, 0x00, 0xFF, 0xFF, 0xFF, 0xFF, 0x00, 
    0x00, 0xFF, 0x00, 0x00, 0x00, 0x00, 0x00, 0x00, 0x00, 0x00, 0x00, 0x00, 
    0x00, 0xFF, 0xFF, 0x00, 0xFF, 0xFF, 0xFF, 0xFF, 0xFF, 0xFF, 0xFF, 0xFF, 
    0xFF, 0xFF, 0xFF, 0xFF, 0x00, 0x00, 0x00, 0x00, 0x00, 0x00, 0x00, 0x00, 
    0x00, 0x00, 0x00, 0x00, 0x00, 0x00, 0x00, 0x00, 0x00, 0x00, 0x00, 0xFF, 
    0xFF, 0xFF, 0xFF, 0xFF, 0xFF, 0xFF, 0xFF, 0xFF, 0xFF, 0xFF, 0xFF, 0x00, 
    0x00, 0x00, 0x00, 0x00, 0x00, 0x00, 0x00, 0x00, 0x00, 0x00, 0x00, 0x00, 
    0x00, 0x00, 0xFF, 0xFF, 0xFF, 0xFF, 0xFF, 0xFF, 0xFF, 0xFF, 0xFF, 0xFF, 
    0xFF, 0xFF, 0xFF, 0xFF, 0xFF, 0xFF, 0xFF, 0xFF, 0xFF, 0x00, 0xFF, 0x00, 
    0x00, 0x00, 0x00, 0x00, 0x00, 0x00, 0x00, 0xFF, 0x00, 0x00, 0x00, 0x00, 
    0x00, 0xFF, 0xFF, 0xFF, 0x02, 0x04, 0x01, 0xFE, 0xFB, 0xFA, 0xFC, 0x00, 
    0x02, 0x01, 0xFD, 0xFB, 0xFC, 0x00, 0x03, 0x05, 0x03, 0x00, 0xFE, 0xFE, 
    0x01, 0x04, 0x04, 0x02, 0x00, 0xFD, 0xFD, 0xFF, 0x00, 0x00, 0xFE, 0xFD, 
    0xFC, 0xFD, 0xFF, 0x00, 0x00, 0x00, 0xFF, 0xFF, 0x01, 0x01, 0x01, 0x01, 
    0x00, 0x00, 0x00, 0x00, 0x00, 0x00, 0x00, 0xFF, 0xFF, 0xFE, 0xFE, 0xFF, 
    0xFF, 0xFF, 0xFF, 0xFF, 0x00, 0x00, 0x01, 0x01, 0x00, 0x00, 0x00, 0x00, 
    0x00, 0x00, 0x00, 0xFF, 0xFE, 0xFE, 0xFF, 0xFF, 0xFF, 0xFE, 0xFE, 0xFE, 
    0xFE, 0xFF, 0x00, 0x00, 0x00, 0x00, 0x00, 0x00, 0x00, 0x00, 0x00, 0x00, 
    0x00, 0x01, 0x01, 0x00, 0x00, 0x00, 0xFF, 0xFF, 0x00, 0xFF, 0xFF, 0xFF, 
    0xFE, 0xFE, 0xFE, 0xFF, 0xFF, 0xFF, 0x00, 0xFF, 0xFF, 0xFF, 0x00, 0x00, 
    0x00, 0x00, 0x00, 0x00, 0x00, 0x01, 0x00, 0x01, 0x00, 0x00, 0x00, 0x00, 
    0xFF, 0xFF, 0xFF, 0xFF, 0xFF, 0xFF, 0xFF, 0xFF, 0xFF, 0xFF, 0xFF, 0xFF, 
    0x00, 0xFF, 0xFF, 0xFF, 0xFF, 0xFF, 0xFF, 0xFF, 0x00, 0x00, 0x00, 0x00, 
    0xFF, 0xFF, 0xFF, 0xFF, 0xFF, 0x00, 0x00, 0x00, 0x00, 0x00, 0x00, 0x00, 
    0x00, 0x00, 0x00, 0xFF, 0xFF, 0x00, 0x00, 0x00, 0x00, 0xFF, 0xFF, 0xFE, 
    0xFE, 0xFF, 0xFF, 0xFF, 0xFF, 0xFF, 0xFF, 0xFF, 0xFE, 0xFE, 0xFF, 0xFF, 
    0xFF, 0x01, 0x04, 0x05, 0x03, 0xFF, 0xFC, 0xFD, 0xFF, 0x02, 0x02, 0x01, 
    0xFD, 0xFC, 0xFE, 0x00, 0x03, 0x03, 0x01, 0xFE, 0xFB, 0xFB, 0xFD, 0x01, 
    0x03, 0x02, 0x00, 0xFD, 0xFD, 0xFF, 0xFF, 0x01, 0x01, 0x01, 0x02, 0x02, 
    0x01, 0xFF, 0xFC, 0xFD, 0xFF, 0x00, 0x01, 0x00, 0xFE, 0xFE, 0xFF, 0x00, 
    0x01, 0x00, 0x00, 0xFF, 0xFE, 0xFF, 0xFF, 0x00, 0x00, 0x00, 0xFF, 0xFE, 
    0xFF, 0x00, 0xFF, 0xFF, 0xFF, 0xFF, 0xFF, 0xFF, 0xFF, 0xFF, 0x00, 0x00, 
    0x02, 0x02, 0x01, 0x00, 0xFF, 0x00, 0x01, 0x00, 0x00, 0xFF, 0xFE, 0xFF, 
    0xFF, 0xFF, 0x00, 0xFF, 0xFE, 0xFF, 0xFE, 0xFE, 0xFF, 0xFF, 0x00, 0x00, 
    0x00, 0x01, 0x01, 0xFF, 0xFE, 0xFF, 0xFF, 0x01, 0x01, 0x00, 0xFF, 0xFE, 
    0xFF, 0x03, 0x03, 0x03, 0x00, 0xFD, 0xFD, 0xFF, 0x00, 0x02, 0x00, 0xFE, 
    0xFE, 0xFD, 0xFF, 0xFF, 0xFF, 0xFE, 0xFD, 0xFE, 0x00, 0x00, 0x01, 0x00, 
    0xFF, 0xFF, 0x00, 0xFF, 0xFF, 0xFF, 0x01, 0x05, 0x01, 0x00, 0xFD, 0xFC, 
    0x00, 0x02, 0x05, 0x04, 0xFF, 0xFD, 0xFC, 0xFE, 0x01, 0x00, 0x00, 0xFE, 
    0xFA, 0xFC, 0xFE, 0x01, 0x03, 0x00, 0xFE, 0xFD, 0xFE, 0x02, 0x03, 0x02, 
    0x00, 0xFE, 0xFE, 0x00, 0x02, 0x02, 0x01, 0xFE, 0xFE, 0xFF, 0x00, 0x01, 
    0x01, 0x01, 0x00, 0xFF, 0xFF, 0xFF, 0x00, 0xFF, 0xFF, 0xFF, 0xFF, 0xFF, 
    0xFF, 0xFF, 0xFF, 0xFE, 0xFF, 0x00, 0xFF, 0x00, 0xFF, 0xFF, 0xFE, 0xFF, 
    0x00, 0x00, 0x00, 0x00, 0x00, 0xFE, 0xFE, 0xFF, 0x01, 0x01, 0x01, 0x00, 
    0x00, 0xFF, 0x00, 0x01, 0x00, 0x00, 0xFF, 0xFE, 0xFF, 0xFE, 0x00, 0xFF, 
    0xFE, 0xFF, 0xFD, 0xFF, 0x00, 0x00, 0x00, 0xFE, 0xFF, 0xFF, 0x00, 0x01, 
    0x00, 0x00, 0xFF, 0xFF, 0x00, 0x00, 0x01, 0x00, 0x00, 0x00, 0x00, 0xFF, 
    0x00, 0xFF, 0xFF, 0xFF, 0xFF, 0xFF, 0xFF, 0xFE, 0xFF, 0xFF, 0xFE, 0xFF, 
    0xFF, 0x00, 0x00, 0xFF, 0x00, 0xFF, 0x00, 0x00, 0x00, 0x01, 0xFF, 0xFF, 
    0xFF, 0xFF, 0x00, 0x00, 0x00, 0x00, 0x00, 0xFF, 0xFF, 0xFF, 0x01, 0x00, 
    0x00, 0x00, 0xFE, 0xFF, 0xFF, 0xFF, 0x00, 0xFF, 0xFF, 0xFF, 0xFF, 0xFF, 
    0x00, 0xFF, 0x00, 0x00, 0xFF, 0xFF, 0xFF, 0xFF, 0xFF, 0x00, 0x00, 0x01, 
    0x00, 0xFF, 0xFF, 0x00, 0xFF, 0x00, 0x00, 0x00, 0x00, 0x00, 0xFF, 0xFF, 
    0xFF, 0xFF, 0x00, 0xFF, 0x00, 0xFE, 0xFE, 0xFF, 0xFF, 0x01, 0x00, 0xFF, 
    0xFF, 0xFE, 0xFF, 0xFF, 0x00, 0x00, 0x01, 0x00, 0x01, 0x00, 0x00, 0x00, 
    0x00, 0x01, 0x00, 0xFF, 0xFF, 0xFF, 0xFF, 0x00, 0x00, 0x00, 0xFE, 0xFF, 
    0xFF, 0xFF, 0xFF, 0xFE, 0xFF, 0xFF, 0x00, 0xFF, 0xFF, 0xFE, 0xFF, 0x00, 
    0x00, 0x01, 0x00, 0x00, 0x00, 0xFF, 0xFF, 0x00, 0x00, 0x02, 0x00, 0xFF, 
    0xFF, 0xFF, 0x00, 0x01, 0x01, 0x01, 0x00, 0xFF, 0xFF, 0xFF, 0xFF, 0xFF, 
    0xFF, 0xFE, 0xFF, 0xFE, 0xFE, 0xFF, 0xFF, 0xFF, 0xFF, 0xFF, 0xFF, 0x00, 
    0x00, 0x00, 0x00, 0x00, 0xFF, 0x00, 0x00, 0x00, 0x01, 0x00, 0x00, 0xFF, 
    0xFF, 0xFE, 0xFF, 0x00, 0x00, 0x00, 0xFF, 0xFF, 0xFE, 0xFF, 0xFF, 0x00, 
    0x00, 0xFF, 0xFE, 0xFF, 0xFF, 0x00, 0x01, 0x01, 0x01, 0x00, 0xFF, 0x00, 
    0x00, 0x01, 0x01, 0x01, 0x00, 0x00, 0x00, 0x00, 0xFF, 0x00, 0xFF, 0xFF, 
    0xFF, 0xFE, 0xFF, 0xFF, 0xFF, 0xFF, 0xFE, 0xFE, 0xFE, 0xFF, 0x00, 0x00, 
    0x00, 0x01, 0x00, 0xFF, 0xFF, 0x00, 0x01, 0x01, 0x00, 0xFF, 0xFE, 0xFE, 
    0xFE, 0xFF, 0x00, 0x00, 0x00, 0xFF, 0xFF, 0xFF, 0xFF, 0x01, 0x01, 0x02, 
    0x02, 0x00, 0xFE, 0xFC, 0xFD, 0xFF, 0x01, 0x02, 0x01, 0xFF, 0xFE, 0xFE, 
    0x00, 0x02, 0x02, 0x01, 0xFF, 0xFE, 0xFD, 0xFF, 0x01, 0x01, 0x00, 0xFE, 
    0xFD, 0xFD, 0xFF, 0x00, 0x01, 0x00, 0xFF, 0xFF, 0xFF, 0x00, 0x01, 0x01, 
    0x00, 0xFF, 0xFF, 0x00, 0x00, 0x00, 0x01, 0xFF, 0xFF, 0xFE, 0xFF, 0xFF, 
    0xFF, 0x00, 0xFF, 0xFE, 0xFE, 0xFF, 0xFF, 0x00, 0xFF, 0xFF, 0xFF, 0x00, 
    0x02, 0x02, 0x02, 0x00, 0x00, 0x00, 0xFF, 0x00, 0x00, 0xFE, 0xFF, 0xFE, 
    0xFE, 0xFF, 0xFC, 0xFE, 0xFC, 0xFE, 0x00, 0xFE, 0x01, 0xFF, 0xFF, 0xFF, 
    0xFE, 0x00, 0x00, 0x00, 0x01, 0x00, 0xFE, 0xFE, 0xFD, 0xFE, 0xFF, 0x02, 
    0x06, 0x06, 0x05, 0x01, 0xFD, 0xFA, 0xFB, 0xFE, 0x02, 0x04, 0x02, 0x00, 
    0xFC, 0xFB, 0xFB, 0xFE, 0x01, 0x04, 0x04, 0x04, 0x00, 0xFD, 0xFE, 0xFF, 
    0x02, 0x04, 0x06, 0x03, 0x00, 0xFD, 0xFC, 0xFC, 0xFE, 0x00, 0x01, 0x01, 
    0xFF, 0xFE, 0xFC, 0xFD, 0xFD, 0xFF, 0x02, 0x03, 0x03, 0x00, 0xFF, 0xFE, 
    0xFE, 0x00, 0x02, 0x03, 0x03, 0x01, 0xFF, 0xFD, 0xFD, 0xFD, 0xFF, 0x00, 
    0x01, 0x01, 0x00, 0xFE, 0xFD, 0xFD, 0xFE, 0x00, 0x01, 0x03, 0x02, 0x00, 
    0xFF, 0xFD, 0xFE, 0xFE, 0x00, 0x01, 0x01, 0x00, 0xFF, 0xFD, 0xFD, 0xFD, 
    0xFF, 0x01, 0x01, 0x01, 0x00, 0xFE, 0xFD, 0xFE, 0xFF, 0x00, 0x02, 0x02, 
    0x01, 0x00, 0xFE, 0xFE, 0xFE, 0xFF, 0x00, 0x00, 0x00, 0xFF, 0xFE, 0xFD, 
    0xFC, 0xFD, 0xFF, 0x00, 0x01, 0x01, 0x01, 0xFF, 0xFE, 0xFE, 0x00, 0x01, 
    0x02, 0x02, 0x01, 0xFF, 0xFE, 0xFD, 0xFF, 0x01, 0x05, 0x09, 0x02, 0xFE, 
    0xF6, 0xF4, 0xFD, 0x04, 0x0A, 0x07, 0xFE, 0xF6, 0xF5, 0xF8, 0x03, 0x08, 
    0x08, 0x03, 0xFC, 0xFB, 0xFD, 0x03, 0x08, 0x07, 0x02, 0xFC, 0xF9, 0xFB, 
    0xFD, 0x02, 0x01, 0xFE, 0xFD, 0xFB, 0x02, 0x00, 0x01, 0xFE, 0xFB, 0xFC, 
    0xFC, 0xFF, 0x00, 0x00, 0x00, 0x00, 0xFE, 0x04, 0x01, 0x05, 0x01, 0xFD, 
    0xFE, 0xFA, 0x00, 0x01, 0x02, 0x02, 0xFE, 0xFE, 0xFF, 0x00, 0x04, 0x02, 
    0x01, 0xFD, 0xFC, 0xFE, 0x00, 0x05, 0x04, 0x03, 0x00, 0xFD, 0xFE, 0xFE, 
    0x01, 0x02, 0x01, 0xFF, 0xFE, 0xFE, 0x00, 0x01, 0x01, 0x01, 0x00, 0x00, 
    0xFE, 0xFF, 0xFE, 0x00, 0x00, 0x00, 0x02, 0xFF, 0x00, 0xFF, 0xFD, 0xFF, 
    0xFD, 0xFF, 0xFF, 0xFF, 0x00, 0xFF, 0x00, 0x00, 0x00, 0x01, 0x01, 0x01, 
    0x01, 0xFF, 0xFF, 0xFE, 0xFE, 0xFF, 0xFF, 0x00, 0xFF, 0xFE, 0xFE, 0xFE, 
    0xFF, 0x00, 0x00, 0x00, 0xFF, 0xFF, 0xFE, 0xFE, 0x00, 0x00, 0x01, 0xFF, 
    0xFF, 0xFE, 0xFD, 0xFE, 0xFF, 0x01, 0x01, 0x01, 0x00, 0xFF, 0xFE, 0xFF, 
    0xFF, 0x00, 0x00, 0xFF, 0xFE, 0xFE, 0xFF, 0x00, 0x01, 0x01, 0x02, 0x00, 
    0x00, 0xFE, 0xFE, 0xFF, 0xFF, 0x00, 0x00, 0x01, 0x00, 0x00, 0xFF, 0xFE, 
    0xFE, 0xFE, 0x00, 0x01, 0x02, 0x02, 0x00, 0x00, 0xFF, 0xFF, 0x01, 0x01, 
    0x02, 0x00, 0xFF, 0xFE, 0xFE, 0xFF, 0x00, 0x00, 0x00, 0xFF, 0xFF, 0xFE, 
    0xFE, 0xFF, 0xFF, 0x00, 0x00, 0x00, 0x01, 0x00, 0x00, 0xFF, 0xFE, 0xFE, 
    0xFF, 0x01, 0x01, 0x01, 0x00, 0xFD, 0xFD, 0xFE, 0x00, 0x02, 0x02, 0x01, 
    0x00, 0xFE, 0xFF, 0xFE, 0xFF, 0x00, 0x01, 0x02, 0x01, 0x00, 0xFF, 0xFD, 
    0xFE, 0xFE, 0xFF, 0x01, 0x01, 0x00, 0xFF, 0xFE, 0xFE, 0xFF, 0x00, 0x01, 
    0x02, 0x00, 0xFF, 0xFF, 0xFF, 0x00, 0x00, 0x01, 0x01, 0x00, 0x00, 0x00, 
    0xFF, 0xFF, 0xFE, 0xFF, 0xFF, 0x00, 0x00, 0x00, 0x00, 0xFF, 0xFF, 0xFF, 
    0xFF, 0x00, 0x01, 0x01, 0x00, 0xFF, 0xFE, 0xFE, 0xFE, 0xFF, 0xFF, 0xFF, 
    0xFF, 0xFE, 0xFE, 0xFE, 0xFE, 0x00, 0x00, 0x00, 0xFF, 0xFF, 0xFF, 0xFF, 
    0x00, 0xFF, 0x00, 0x00, 0x00, 0x00, 0x00, 0x00, 0x00, 0xFE, 0xFF, 0xFF, 
    0xFF, 0xFF, 0xFE, 0xFE, 0xFE, 0xFF, 0xFF, 0x00, 0x00, 0x04, 0x01, 0xFF, 
    0xFD, 0xFA, 0xFD, 0xFF, 0x02, 0x05, 0x04, 0x01, 0xFF, 0xFD, 0xFE, 0x00, 
    0x02, 0x07, 0x07, 0x00, 0xFD, 0xF7, 0xF9, 0xFC, 0x00, 0x04, 0x01, 0xFF, 
    0xFB, 0xFA, 0xFD, 0x02, 0x06, 0x06, 0x03, 0xFE, 0xFB, 0xFC, 0xFF, 0x03, 
    0x05, 0x04, 0xFF, 0xFD, 0xFD, 0xFE, 0x01, 0x01, 0x02, 0x00, 0xFD, 0xFF, 
    0xFE, 0x01, 0x02, 0x01, 0x00, 0xFC, 0xFB, 0xFB, 0xFD, 0x00, 0x00, 0x00, 
    0x00, 0xFF, 0x01, 0x00, 0x01, 0x01, 0x01, 0x02, 0x02, 0x01, 0x00, 0xFF, 
    0xFE, 0xFF, 0x00, 0x02, 0x01, 0xFF, 0xFC, 0xFB, 0xFB, 0xFF, 0x01, 0x02, 
    0x01, 0xFE, 0xFC, 0xFC, 0xFF, 0x01, 0x03, 0x03, 0x00, 0xFF, 0xFD, 0xFE, 
    0x00, 0x01, 0x02, 0x01, 0x00, 0xFF, 0xFE, 0xFD, 0xFE, 0xFE, 0xFF, 0x00, 
    0xFF, 0xFF, 0xFE, 0xFE, 0xFF, 0xFF, 0x01, 0x00, 0x00, 0xFF, 0xFE, 0xFF, 
    0xFE, 0x00, 0x00, 0x00, 0x00, 0xFE, 0xFE, 0xFE, 0xFF, 0x01, 0x01, 0x02, 
    0x00, 0x00, 0x00, 0x00, 0x01, 0x01, 0x01, 0x00, 0xFF, 0xFE, 0xFF, 0xFF, 
    0x00, 0xFF, 0xFF, 0xFE, 0xFE, 0xFF, 0x00, 0x01, 0x01, 0x01, 0xFF, 0xFF, 
    0xFE, 0xFF, 0x00, 0x01, 0x01, 0x01, 0x00, 0xFF, 0xFE, 0xFE, 0xFE, 0x00, 
    0x00, 0x00, 0x00, 0xFF, 0xFE, 0xFE, 0xFF, 0x00, 0x01, 0x01, 0x01, 0xFF, 
    0xFE, 0xFE, 0xFF, 0x01, 0x02, 0x02, 0x01, 0xFF, 0xFF, 0xFE, 0xFF, 0x00, 
    0x01, 0x01, 0x00, 0xFF, 0xFE, 0xFE, 0xFE, 0xFF, 0xFF, 0x00, 0xFF, 0xFF, 
    0xFF, 0xFF, 0xFF, 0x00, 0x00, 0x00, 0x00, 0x00, 0x00, 0x00, 0x00, 0x01, 
    0x02, 0x01, 0x01, 0x00, 0xFF, 0xFF, 0xFF, 0xFF, 0xFF, 0xFF, 0xFE, 0xFD, 
    0xFD, 0xFE, 0xFF, 0x00, 0x00, 0xFF, 0xFF, 0xFF, 0xFF, 0x00, 0x00, 0x01, 
    0x01, 0x01, 0x00, 0xFF, 0x00, 0x00, 0x00, 0x01, 0x01, 0x00, 0xFF, 0xFE, 
    0xFE, 0xFE, 0xFF, 0xFF, 0x00, 0xFF, 0xFF, 0xFE, 0xFF, 0xFF, 0x00, 0x00, 
    0xFF, 0xFF, 0xFF, 0xFF, 0x00, 0x00, 0x00, 0xFF, 0xFF, 0xFF, 0xFF, 0x00, 
    0x01, 0x01, 0x00, 0x00, 0xFF, 0xFF, 0xFF, 0xFF, 0x00, 0x00, 0x00, 0xFF, 
    0xFF, 0xFF, 0xFF, 0xFF, 0xFF, 0xFF, 0xFF, 0xFF, 0xFF, 0xFF, 0xFF, 0x00, 
    0x00, 0x00, 0xFF, 0xFF, 0xFF, 0x00, 0x00, 0x00, 0x00, 0x00, 0xFF, 0x00, 
    0x00, 0x01, 0x01, 0x00, 0x00, 0xFF, 0xFF, 0xFE, 0xFF, 0xFE, 0x01, 0x01, 
    0x05, 0x01, 0xFE, 0xF9, 0xF7, 0xFB, 0x00, 0x09, 0x08, 0x05, 0xFB, 0xF7, 
    0xF6, 0xFE, 0x05, 0x09, 0x07, 0xFF, 0xFA, 0xF8, 0xFD, 0x03, 0x07, 0x07, 
    0x01, 0xFB, 0xF9, 0xFA, 0xFF, 0x03, 0x04, 0x02, 0xFD, 0xFB, 0xFB, 0xFE, 
    0x01, 0x03, 0x02, 0xFF, 0xFE, 0xFB, 0xFE, 0xFF, 0x02, 0x03, 0x01, 0x00, 
    0xFD, 0x00, 0x02, 0x04, 0x03, 0xFF, 0xFC, 0xFB, 0xFE, 0x00, 0x03, 0x02, 
    0x00, 0xFD, 0xFB, 0xFE, 0xFF, 0x03, 0x01, 0x02, 0xFE, 0xFD, 0xFE, 0xFF, 
    0x02, 0x01, 0x03, 0xFD, 0xFF, 0xFC, 0xFE, 0xFD, 0x00, 0x01, 0x00, 0xFF, 
    0xFD, 0xFF, 0xFD, 0x00, 0xFF, 0x00, 0xFF, 0xFF, 0x00, 0x03, 0x05, 0x04, 
    0x03, 0xFF, 0xFD, 0xFB, 0xFE, 0xFE, 0x02, 0x02, 0x00, 0xFF, 0xFC, 0xFD, 
    0xFB, 0x00, 0x01, 0x04, 0x02, 0x01, 0xFF, 0xFD, 0x00, 0x00, 0x04, 0x03, 
    0x03, 0xFF, 0xFE, 0xFD, 0xFD, 0xFF, 0xFF, 0x00, 0xFF, 0xFE, 0xFD, 0xFE, 
    0xFE, 0xFF, 0x00, 0x00, 0x01, 0x00, 0xFF, 0xFF, 0xFE, 0xFF, 0x00, 0x01, 
    0x01, 0x01, 0x00, 0xFE, 0xFE, 0xFE, 0xFF, 0x00, 0x01, 0x00, 0x00, 0x00, 
    0xFF, 0xFF, 0xFF, 0xFF, 0x00, 0x01, 0x02, 0x02, 0x00, 0xFF, 0xFD, 0xFE, 
    0xFF, 0x01, 0x01, 0x00, 0xFF, 0xFD, 0xFD, 0xFE, 0x00, 0x01, 0x01, 0x01, 
    0x00, 0xFF, 0xFE, 0xFF, 0xFF, 0x00, 0x01, 0x00, 0x01, 0x00, 0x00, 0xFF, 
    0xFF, 0xFF, 0x00, 0x00, 0x00, 0xFF, 0xFF, 0xFE, 0xFE, 0xFF, 0x00, 0x00, 
    0x00, 0xFF, 0xFF, 0xFF, 0xFF, 0xFF, 0x00, 0x01, 0x00, 0x00, 0x00, 0xFF, 
    0x00, 0x00, 0x01, 0x00, 0x01, 0x00, 0x00, 0xFF, 0xFF, 0xFF, 0xFF, 0x00, 
    0x00, 0xFF, 0xFF, 0xFE, 0xFE, 0xFF, 0x00, 0x00, 0x00, 0x00, 0x00, 0xFF, 
    0xFF, 0xFF, 0xFF, 0xFF, 0xFF, 0xFF, 0xFF, 0xFF, 0xFF, 0xFF, 0xFF, 0xFF, 
    0xFF, 0x00, 0x00, 0x00, 0xFF, 0xFF, 0xFF, 0xFF, 0x01, 0x01, 0x01, 0x00, 
    0x00, 0xFF, 0x00, 0x00, 0x00, 0x00, 0x00, 0x00, 0xFF, 0xFF, 0xFF, 0xFF, 
    0xFF, 0xFF, 0xFF, 0xFF, 0xFF, 0xFF, 0xFF, 0x00, 0x00, 0x00, 0xFF, 0xFF, 
    0xFF, 0xFF, 0xFF, 0x00, 0x01, 0x00, 0x00, 0xFF, 0xFF, 0xFF, 0x00, 0x01, 
    0x01, 0x00, 0x00, 0xFF, 0xFF, 0xFF, 0x00, 0x00, 0x00, 0x00, 0x00, 0xFF, 
    0xFF, 0xFF, 0xFF, 0x00, 0x00, 0x00, 0xFF, 0xFF, 0xFF, 0xFF, 0x00, 0x00, 
    0x00, 0xFF, 0xFF, 0xFF, 0xFF, 0xFF, 0x00, 0xFF, 0xFF, 0xFF, 0xFF, 0xFF, 
    0x00, 0x00, 0xFF, 0xFF, 0xFF, 0xFF, 0x00, 0x00, 0x01, 0x00, 0x00, 0x00, 
    0xFF, 0x00, 0x00, 0x00, 0x00, 0x00, 0x00, 0x00, 0xFF, 0xFF, 0xFF, 0xFF, 
    0x00, 0xFF, 0xFF, 0xFF, 0xFF, 0xFF, 0xFF, 0x00, 0x00, 0x04, 0x02, 0x00, 
    0xFF, 0xFA, 0xFE, 0xFD, 0x03, 0x03, 0x02, 0x03, 0xFC, 0xFF, 0xFB, 0x00, 
    0x00, 0x02, 0x02, 0xFE, 0xFE, 0xFB, 0x00, 0x00, 0x04, 0x02, 0x00, 0xFE, 
    0xFC, 0xFE, 0xFE, 0x01, 0x02, 0x01, 0x00, 0xFE, 0xFE, 0xFF, 0x00, 0x01, 
    0x00, 0x00, 0xFE, 0xFE, 0xFE, 0x00, 0x01, 0x00, 0x00, 0xFE, 0xFF, 0xFE, 
    0xFF, 0x00, 0x00, 0x01, 0xFF, 0xFF, 0xFE, 0xFF, 0x00, 0x00, 0x00, 0xFF, 
    0x00, 0xFE, 0xFF, 0xFF, 0xFF, 0x00, 0xFF, 0x01, 0xFE, 0x00, 0xFE, 0xFF, 
    0x00, 0xFF, 0x01, 0xFF, 0x00, 0xFF, 0x00, 0xFF, 0x00, 0x01, 0x00, 0x00, 
    0xFF, 0x00, 0xFF, 0x00, 0x00, 0xFF, 0x00, 0x00, 0x00, 0x00, 0x00, 0x00, 
    0x00, 0xFF, 0x00, 0x00, 0x01, 0x01, 0x00, 0x00, 0xFE, 0xFF, 0xFE, 0x00, 
    0x00, 0x00, 0x00, 0xFF, 0xFF, 0xFF, 0xFF, 0x00, 0x00, 0x00, 0x00, 0xFF, 
    0xFF, 0xFF, 0xFF, 0x00, 0x00, 0x00, 0x00, 0xFF, 0xFF, 0xFF, 0xFF, 0xFF, 
    0xFF, 0xFF, 0x00, 0xFF, 0x00, 0x00, 0x00, 0x00, 0x00, 0x00, 0x00, 0x00, 
    0x00, 0xFF, 0xFF, 0xFF, 0xFF, 0x00, 0x00, 0x00, 0x00, 0x00, 0x00, 0xFF, 
    0xFF, 0xFF, 0x00, 0x00, 0x01, 0x00, 0x00, 0xFF, 0xFF, 0xFF, 0xFF, 0x00, 
    0x00, 0x00, 0xFF, 0xFE, 0xFE, 0xFE, 0xFF, 0x00, 0x00, 0x00, 0x00, 0xFF, 
    0xFF, 0xFF, 0xFF, 0x00, 0x00, 0x01, 0x00, 0x00, 0x00, 0xFF, 0x00, 0xFF, 
    0x01, 0x00, 0x00, 0xFF, 0xFF, 0x00, 0xFF, 0x00, 0xFF, 0x00, 0xFF, 0xFF, 
    0xFF, 0xFF, 0xFF, 0xFF, 0x00, 0xFF, 0xFF, 0x00, 0xFF, 0x00, 0xFF, 0xFF, 
    0xFF, 0xFF, 0x00, 0xFF, 0x00, 0xFF, 0x00, 0xFF, 0x00, 0x00, 0xFF, 0x00, 
    0xFF, 0x00, 0xFF, 0x00, 0xFF, 0xFF, 0x00, 0xFF, 0x00, 0xFF, 0x00, 0xFF, 
    0xFF, 0xFF, 0x00, 0x00, 0x00, 0x00, 0xFF, 0xFF, 0xFF, 0xFF, 0x00, 0x00, 
    0x00, 0xFF, 0xFF, 0xFF, 0x00, 0x00, 0x00, 0x00, 0x00, 0x00, 0x00, 0x00, 
    0x00, 0x00, 0xFF, 0x00, 0x00, 0xFF, 0x00, 0xFF, 0xFF, 0xFF, 0xFF, 0xFF, 
    0xFF, 0xFF, 0xFF, 0xFF, 0xFF, 0x00, 0x00, 0x00, 0x00, 0x00, 0xFF, 0xFF, 
    0x00, 0x00, 0x00, 0x00, 0xFF, 0xFF, 0xFF, 0xFF, 0xFF, 0x00, 0x00, 0xFF, 
    0xFF, 0xFF, 0xFF, 0xFF, 0x00, 0x00, 0x00, 0x00, 0x00, 0xFF, 0xFF, 0xFF, 
    0xFF, 0x00, 0x00, 0x00, 0x00, 0xFF, 0xFF, 0xFF, 0xFF, 0x00, 0x00, 0x00, 
    0x00, 0x00, 0x00, 0xFF, 0x00, 0x00, 0x00, 0x00, 0x00, 0x00, 0x00, 0x00, 
    0x00, 0x00, 0x00, 0xFF, 0xFF, 0xFF, 0xFF, 0xFF, 0xFF, 0xFF, 0xFF, 0xFF, 
    0xFF, 0xFF, 0xFF, 0xFF, 0xFF, 0xFF, 0x00, 0x00, 0x00, 0x00, 0x00, 0x00, 
    0x00, 0x00, 0x00, 0x00, 0x00, 0x00, 0xFF, 0x00, 0x00, 0x00, 0x00, 0x00, 
    0x00, 0xFF, 0xFF, 0xFE, 0xFE, 0xFE, 0xFF, 0xFF, 0x00, 0x00, 0x00, 0x00, 
    0x00, 0xFF, 0xFF, 0xFF, 0xFF, 0x00, 0x00, 0x00, 0x00, 0x00, 0x00, 0x00, 
    0x00, 0x00, 0x00, 0x00, 0xFF, 0x00, 0xFF, 0x00, 0x00, 0xFF, 0xFF, 0xFF, 
    0xFF, 0xFF, 0xFF, 0x00, 0x00, 0x00, 0x00, 0x01, 0x00, 0x01, 0x00, 0xFE, 
    0xFE, 0xFC, 0xFE, 0xFF, 0x01, 0x02, 0x01, 0xFF, 0xFE, 0xFD, 0xFF, 0x00, 
    0x01, 0x02, 0x00, 0xFF, 0xFD, 0xFF, 0xFF, 0x01, 0x02, 0x01, 0x00, 0xFE, 
    0xFD, 0xFE, 0xFF, 0x00, 0x00, 0x00, 0xFF, 0xFF, 0xFE, 0x00, 0xFF, 0x01, 
    0x00, 0x01, 0x02, 0x00, 0x03, 0xFD, 0xFF, 0xFB, 0xFE, 0x00, 0x00, 0x02, 
    0xFE, 0xFF, 0xFB, 0xFF, 0xFF, 0x02, 0x03, 0x02, 0x00, 0xFD, 0xFF, 0xFD, 
    0x02, 0x01, 0x03, 0x01, 0xFD, 0xFF, 0xFC, 0x01, 0xFE, 0x02, 0xFE, 0x00, 
    0xFC, 0xFE, 0xFE, 0xFF, 0x02, 0xFF, 0x03, 0xFD, 0x01, 0xFC, 0x02, 0xFF, 
    0x02, 0x00, 0xFF, 0x00, 0xFD, 0x01, 0xFE, 0x04, 0xFE, 0x02, 0xFD, 0xFF, 
    0xFE, 0xFE, 0x01, 0xFE, 0x02, 0xFD, 0x00, 0xFC, 0xFF, 0x00, 0x01, 0x02, 
    0x00, 0x00, 0xFC, 0xFF, 0xFE, 0x02, 0x00, 0x01, 0xFF, 0xFD, 0xFE, 0xFE, 
    0x02, 0x01, 0x04, 0x00, 0x00, 0xFC, 0xFE, 0xFF, 0x01, 0x02, 0x01, 0x01, 
    0xFD, 0xFD, 0xFD, 0xFF, 0x01, 0x01, 0x02, 0xFF, 0xFF, 0xFD, 0xFE, 0xFF, 
    0x00, 0x01, 0x00, 0x01, 0xFE, 0xFF, 0xFE, 0x00, 0x00, 0x01, 0x01, 0x00, 
    0x00, 0xFE, 0xFF, 0xFF, 0x01, 0x00, 0x01, 0x00, 0xFF, 0xFE, 0xFD, 0xFF, 
    0xFF, 0x01, 0x00, 0x01, 0xFF, 0xFF, 0xFE, 0xFE, 0xFF, 0xFF, 0x00, 0xFF, 
    0x00, 0xFF, 0xFF, 0xFF, 0x00, 0x01, 0x00, 0x01, 0xFF, 0x00, 0xFE, 0xFF, 
    0xFF, 0x00, 0x00, 0x00, 0x00, 0xFF, 0xFF, 0xFF, 0x00, 0xFF, 0x00, 0xFF, 
    0x00, 0xFF, 0xFF, 0xFF, 0xFF, 0x00, 0xFF, 0xFF, 0xFF, 0xFF, 0xFF, 0x00, 
    0x00, 0x00, 0xFF, 0xFF, 0xFF, 0x00, 0x00, 0x00, 0x00, 0x00, 0x00, 0x00, 
    0x00, 0xFF, 0x00, 0x00, 0x00, 0xFF, 0xFF, 0xFF, 0xFF, 0xFF, 0x00, 0x00, 
    0x00, 0xFF, 0x00, 0xFF, 0xFF, 0xFF, 0x00, 0x00, 0x00, 0x00, 0xFF, 0xFF, 
    0xFF, 0xFF, 0xFF, 0x00, 0x00, 0x00, 0xFF, 0xFF, 0xFF, 0xFF, 0x00, 0x00, 
    0x00, 0x00, 0x00, 0xFF, 0xFF, 0xFF, 0x00, 0x00, 0x00, 0x00, 0x00, 0xFF, 
    0xFF, 0x00, 0xFF, 0x00, 0xFF, 0xFF, 0xFF, 0xFF, 0xFF, 0xFF, 0xFF, 0xFF, 
    0x00, 0xFF, 0xFF, 0x00, 0x00, 0x00, 0x00, 0x00, 0x00, 0x00, 0x00, 0x00, 
    0x00, 0x00, 0x00, 0xFF, 0x00, 0xFF, 0xFF, 0xFF, 0x00, 0x00, 0xFF, 0x00, 
    0xFF, 0xFF, 0xFF, 0xFF, 0x00, 0x00, 0x00, 0x00, 0xFF, 0xFF, 0xFF, 0x00, 
    0x00, 0x00, 0x00, 0xFF, 0xFF, 0xFF, 0xFF, 0xFF, 0x00, 0x00, 0xFF, 0xFF, 
    0xFF, 0xFF, 0xFF, 0xFF, 0x00, 0x00, 0x00, 0xFF, 0xFF, 0xFF, 0xFF, 0x00, 
    0x00, 0x00, 0x00, 0x00, 0xFF, 0xFF, 0xFF, 0x00, 0x00, 0x00, 0xFF, 0xFF, 
    0xFF, 0x00, 0x00, 0x00, 0x00, 0xFF, 0xFF, 0xFF, 0xFF, 0xFF, 0xFF, 0xFF, 
    0xFF, 0xFF, 0xFF, 0xFF, 0xFF, 0xFF, 0xFF, 0x00, 0x00, 0x00, 0x00, 0x00, 
    0x00, 0x00, 0x00, 0x00, 0x00, 0x00, 0xFF, 0xFF, 0xFF, 0x00, 0x00, 0xFF, 
    0xFF, 0xFF, 0xFF, 0xFF, 0xFF, 0x00, 0x00, 0x00, 0xFF, 0xFF, 0xFF, 0xFF, 
    0x00, 0x00, 0x00, 0x00, 0x00, 0x00, 0x00, 0xFF, 0xFF, 0xFF, 0xFF, 0x00, 
    0x00, 0x00, 0xFF, 0x00, 0xFF, 0xFF, 0xFF, 0x00, 0xFF, 0x00, 0xFF, 0xFF, 
    0xFF, 0xFF, 0xFF, 0xFF, 0x00, 0xFF, 0xFF, 0xFF, 0xFF, 0xFF, 0x00, 0x00, 
    0x00, 0xFF, 0xFF, 0xFF, 0x00, 0xFF, 0x00, 0xFF, 0x00, 0xFF, 0x00, 0xFF, 
    0x00, 0x00, 0x00, 0xFF, 0xFF, 0x00, 0x01, 0x06, 0x00, 0x04, 0xF8, 0xFD, 
    0xFC, 0xFE, 0x08, 0x00, 0x03, 0xFC, 0xFB, 0xFE, 0xFF, 0x05, 0x04, 0x04, 
    0xFF, 0xFD, 0xFE, 0xFE, 0x03, 0x00, 0x03, 0xFC, 0xFD, 0xFB, 0xFE, 0x01, 
    0xFF, 0x01, 0xFC, 0xFF, 0xFD, 0x00, 0x00, 0x00, 0x01, 0xFE, 0x00, 0xFE, 
    0x00, 0x02, 0x00, 0x01, 0xFD, 0xFE, 0xFD, 0xFF, 0x01, 0x00, 0x01, 0xFD, 
    0xFD, 0xFD, 0xFD, 0x00, 0x00, 0x02, 0x00, 0xFF, 0xFE, 0xFF, 0x00, 0x01, 
    0x04, 0x01, 0x02, 0xFD, 0xFE, 0xFE, 0xFF, 0x02, 0x01, 0x03, 0xFF, 0xFF, 
    0xFD, 0xFC, 0xFF, 0x00, 0x04, 0x03, 0x02, 0x00, 0xFC, 0xFD, 0xFE, 0x01, 
    0x03, 0x04, 0x01, 0xFE, 0xFC, 0xFB, 0xFD, 0x00, 0x02, 0x03, 0x01, 0xFF, 
    0xFD, 0xFC, 0xFF, 0x00, 0x04, 0x03, 0x02, 0xFF, 0xFD, 0xFD, 0xFE, 0x01, 
    0x02, 0x02, 0x00, 0xFE, 0xFC, 0xFC, 0xFD, 0xFF, 0x01, 0x02, 0x01, 0xFF, 
    0xFD, 0xFD, 0xFE, 0xFF, 0x01, 0x02, 0x01, 0x01, 0xFF, 0xFE, 0xFE, 0xFF, 
    0x00, 0x01, 0x01, 0x00, 0xFF, 0xFE, 0xFE, 0xFE, 0x00, 0x01, 0x01, 0x01, 
    0x00, 0xFF, 0xFF, 0xFF, 0xFF, 0x00, 0x01, 0x01, 0x00, 0xFF, 0xFF, 0xFF, 
    0xFF, 0x01, 0x00, 0x01, 0xFF, 0xFF, 0xFF, 0xFF, 0x00, 0x00, 0x00, 0x00, 
    0xFF, 0xFF, 0xFF, 0xFF, 0x00, 0xFF, 0x00, 0x00, 0x00, 0xFF, 0x01, 0xFF, 
    0xFF, 0xFF, 0xFE, 0xFF, 0xFE, 0x00, 0xFF, 0xFF, 0xFF, 0xFE, 0xFF, 0xFF, 
    0x00, 0x00, 0x00, 0x00, 0xFF, 0x00, 0xFE, 0x00, 0xFF, 0x00, 0x00, 0xFF, 
    0x00, 0xFE, 0xFF, 0xFE, 0xFF, 0xFF, 0x00, 0x00, 0xFF, 0x00, 0xFE, 0x00, 
    0xFF, 0x00, 0x00, 0x00, 0x00, 0xFF, 0xFF, 0x00, 0x00, 0x00, 0x00, 0x00, 
    0xFF, 0x00, 0xFF, 0x00, 0x00, 0x00, 0x00, 0x00, 0x00, 0xFF, 0x00, 0xFF, 
    0x00, 0x00, 0x00, 0xFF, 0xFF, 0xFF, 0xFF, 0xFF, 0x00, 0x00, 0xFF, 0xFF, 
    0xFF, 0xFE, 0xFF, 0x00, 0x00, 0x01, 0x00, 0x00, 0xFF, 0xFF, 0x00, 0x00, 
    0x01, 0x01, 0x00, 0x00, 0xFF, 0xFF, 0xFF, 0x00, 0x00, 0x00, 0xFF, 0xFE, 
    0xFE, 0xFE, 0xFE, 0xFF, 0xFF, 0xFF, 0xFF, 0xFF, 0xFF, 0xFF, 0xFF, 0x00, 
    0x00, 0x00, 0x00, 0x00, 0x00, 0x00, 0x00, 0x01, 0x01, 0x01, 0x00, 0xFF, 
    0xFF, 0xFF, 0x00, 0x00, 0x00, 0x00, 0x00, 0xFF, 0xFF, 0xFF, 0xFF, 0x00, 
    0x00, 0x00, 0xFF, 0xFF, 0xFF, 0xFF, 0xFF, 0x00, 0x00, 0x00, 0x00, 0x00, 
    0xFF, 0xFF, 0xFF, 0xFF, 0x00, 0x00, 0x00, 0x00, 0x00, 0x00, 0x00, 0xFF, 
    0x00, 0x00, 0x00, 0xFF, 0xFF, 0xFF, 0xFF, 0xFF, 0xFF, 0xFF, 0xFF, 0xFF, 
    0xFF, 0xFF, 0xFE, 0xFE, 0xFF, 0xFF, 0x00, 0xFF, 0x00, 0x00, 0x00, 0x00, 
    0x00, 0x01, 0x01, 0x00, 0x00, 0x00, 0x00, 0x00, 0x00, 0x00, 0x00, 0xFF, 
    0xFE, 0xFE, 0xFF, 0xFE, 0xFF, 0xFF, 0xFF, 0xFE, 0xFE, 0xFF, 0xFE, 0xFF, 
    0xFF, 0x00, 0x00, 0x01, 0x02, 0x03, 0x04, 0x01, 0xFF, 0xFB, 0xFB, 0xFD, 
    0xFF, 0x03, 0x02, 0x02, 0xFE, 0xFD, 0xFD, 0x00, 0x01, 0x02, 0x02, 0x00, 
    0x02, 0xFF, 0x02, 0xFD, 0xFF, 0xFD, 0xFC, 0xFE, 0xFC, 0xFF, 0xFB, 0xFF, 
    0xFD, 0x01, 0x00, 0x02, 0x01, 0x00, 0x01, 0x01, 0x03, 0x03, 0x05, 0x02, 
    0x01, 0xFE, 0xFD, 0xFD, 0xFD, 0xFF, 0xFE, 0xFF, 0xFC, 0xFD, 0xFC, 0xFD, 
    0xFF, 0xFF, 0x01, 0x00, 0x01, 0x00, 0x02, 0x01, 0x02, 0x01, 0xFF, 0xFF, 
    0xFD, 0x00, 0x00, 0x02, 0x01, 0x01, 0xFF, 0xFE, 0xFE, 0xFD, 0xFF, 0x00, 
    0x02, 0x01, 0x01, 0xFF, 0xFE, 0xFE, 0xFF, 0x02, 0x02, 0x03, 0x00, 0xFE, 
    0xFC, 0xFD, 0xFF, 0x01, 0x03, 0x01, 0x00, 0xFD, 0xFC, 0xFC, 0xFF, 0x01, 
    0x03, 0x03, 0x01, 0xFF, 0xFD, 0xFE, 0xFF, 0x02, 0x03, 0x02, 0x01, 0xFF, 
    0xFE, 0xFD, 0xFE, 0xFF, 0x01, 0x00, 0x00, 0xFF, 0xFE, 0xFE, 0xFE, 0x00, 
    0x00, 0x01, 0x00, 0x00, 0xFF, 0xFF, 0x00, 0x00, 0x01, 0x00, 0x00, 0xFF, 
    0xFF, 0xFE, 0xFF, 0x00, 0x00, 0x00, 0xFF, 0xFE, 0xFD, 0xFE, 0xFE, 0xFF, 
    0xFF, 0x00, 0x00, 0xFF, 0x00, 0x00, 0x00, 0x00, 0x00, 0x00, 0x00, 0x01, 
    0x00, 0x01, 0x00, 0x00, 0xFF, 0x00, 0xFF, 0x00, 0xFF, 0xFF, 0xFF, 0xFF, 
    0xFF, 0xFF, 0x00, 0x00, 0x00, 0x00, 0x00, 0x00, 0x00, 0x00, 0x00, 0xFF, 
    0x00, 0x00, 0x00, 0xFF, 0xFF, 0xFE, 0xFE, 0xFE, 0xFF, 0x00, 0xFF, 0x00, 
    0xFF, 0xFF, 0xFF, 0x00, 0x00, 0x00, 0x00, 0xFF, 0xFF, 0xFF, 0x00, 0x00, 
    0x00, 0x00, 0x00, 0xFF, 0xFF, 0xFF, 0xFE, 0xFF, 0xFF, 0x00, 0x00, 0xFF, 
    0xFF, 0xFE, 0xFF, 0xFF, 0x00, 0x00, 0x00, 0x00, 0xFF, 0xFF, 0xFF, 0x00, 
    0x00, 0x00, 0x00, 0xFF, 0xFF, 0xFF, 0x00, 0x00, 0x01, 0x01, 0x01, 0x00, 
    0x00, 0xFF, 0xFF, 0x00, 0x00, 0x00, 0x00, 0x00, 0xFF, 0xFF, 0xFF, 0xFF, 
    0x00, 0xFF, 0x00, 0xFF, 0xFF, 0xFF, 0x00, 0x00, 0x00, 0x00, 0x00, 0x00, 
    0x00, 0xFF, 0xFF, 0x00, 0x00, 0x00, 0x00, 0xFF, 0x00, 0x00, 0x00, 0x00, 
    0x00, 0x00, 0x00, 0x00, 0xFF, 0xFF, 0xFF, 0xFF, 0xFF, 0xFF, 0xFF, 0xFF, 
    0xFF, 0xFF, 0xFF, 0xFF, 0xFF, 0xFF, 0xFF, 0xFF, 0xFF, 0xFF, 0x00, 0x00, 
    0x00, 0x00, 0x00, 0x00, 0x00, 0x00, 0x00, 0x00, 0x00, 0x00, 0x00, 0x00, 
    0x00, 0xFF, 0xFF, 0xFF, 0xFF, 0xFF, 0xFF, 0xFF, 0xFF, 0xFF, 0xFF, 0xFF, 
    0xFF, 0xFF, 0xFF, 0xFF, 0xFF, 0xFF, 0x00, 0x00, 0x00, 0xFF, 0xFF, 0x00, 
    0x00, 0x00, 0x00, 0x00, 0x00, 0x00, 0x00, 0x00, 0x00, 0x00, 0x00, 0xFF, 
    0xFF, 0x00, 0xFF, 0xFF, 0xFF, 0xFF, 0xFF, 0xFF, 0xFF, 0xFF, 0xFF, 0xFF, 
    0xFF, 0xFF, 0xFF, 0xFF, 0xFF, 0xFF, 0x00, 0x00, 0x00, 0x00, 0xFF, 0xFF, 
    0x00, 0xFF, 0x00, 0x00, 0x00, 0x00, 0xFF, 0x00, 0xFF, 0x00, 0x00, 0x00, 
    0xFF, 0xFF, 0xFF, 0xFF, 0xFF, 0xFF, 0xFF, 0xFF, 0xFF, 0xFF, 0xFF, 0xFF, 
    0xFF, 0xFF, 0x00, 0x00, 0x00, 0x00, 0x00, 0x00, 0x00, 0x00, 0x00, 0x00, 
    0x01, 0x00, 0x00, 0xFF, 0xFF, 0xFF, 0x00, 0x00, 0x00, 0x00, 0xFF, 0xFF, 
    0xFF, 0xFE, 0xFF, 0xFF, 0xFF, 0xFF, 0xFF, 0xFF, 0xFF, 0xFF, 0xFF, 0x00, 
    0x00, 0x00, 0x00, 0x00, 0x00, 0x00, 0x00, 0x01, 0x01, 0x00, 0x00, 0x00, 
    0x00, 0x00, 0x00, 0x00, 0x00, 0x00, 0xFF, 0xFF, 0xFE, 0xFE, 0xFE, 0xFE, 
    0xFF, 0xFF, 0xFF, 0xFF, 0xFF, 0xFE, 0xFF, 0xFF, 0xFF, 0xFF, 0xFF, 0xFF, 
    0xFF, 0xFF, 0xFF, 0xFF, 0x01, 0x00, 0x00, 0x00, 0xFF, 0xFF, 0xFF, 0x00, 
    0x01, 0x01, 0x00, 0x00, 0xFF, 0xFF, 0xFF, 0x00, 0x00, 0x00, 0x00, 0x02, 
    0x02, 0x03, 0x03, 0xFE, 0xFE, 0xF9, 0xFB, 0xFC, 0x00, 0x04, 0x03, 0x02, 
    0xFE, 0xFC, 0xFD, 0xFF, 0x03, 0x03, 0x02, 0xFF, 0xFC, 0xFD, 0xFF, 0x03, 
    0x03, 0x03, 0xFD, 0xFD, 0xFA, 0xFD, 0xFE, 0x01, 0x02, 0x00, 0xFE, 0xFB, 
    0xFC, 0xFE, 0x01, 0x03, 0x03, 0x00, 0xFF, 0xFD, 0xFF, 0x00, 0x03, 0x01, 
    0x01, 0xFD, 0xFD, 0xFD, 0xFE, 0x00, 0x00, 0x00, 0xFC, 0xFC, 0xFC, 0xFF, 
    0x00, 0x03, 0x02, 0x00, 0xFF, 0xFD, 0xFF, 0x00, 0x03, 0x04, 0x03, 0x01, 
    0xFE, 0xFE, 0xFE, 0x00, 0x01, 0x01, 0x01, 0xFF, 0xFE, 0xFE, 0xFF, 0x01, 
    0x02, 0x02, 0x01, 0xFF, 0xFC, 0xFE, 0xFF, 0x01, 0x03, 0x02, 0x02, 0xFF, 
    0xFE, 0xFD, 0xFE, 0xFF, 0x01, 0x01, 0x00, 0xFF, 0xFC, 0xFE, 0xFE, 0x01, 
    0x01, 0x01, 0x00, 0xFF, 0xFE, 0xFE, 0xFF, 0x01, 0x01, 0x00, 0xFF, 0xFE, 
    0xFE, 0xFE, 0x00, 0x00, 0x01, 0x00, 0x00, 0xFF, 0xFF, 0xFE, 0xFF, 0x00, 
    0x00, 0x01, 0x00, 0x00, 0xFF, 0xFF, 0xFF, 0xFF, 0x00, 0x00, 0x00, 0x00, 
    0xFF, 0xFF, 0xFF, 0x00, 0x00, 0x00, 0xFF, 0xFF, 0xFF, 0xFF, 0xFF, 0x00, 
    0x01, 0x00, 0x00, 0xFF, 0xFF, 0xFF, 0x00, 0x01, 0x01, 0x00, 0x00, 0xFF, 
    0xFF, 0xFF, 0x00, 0x00, 0x01, 0x00, 0x00, 0xFF, 0xFF, 0xFF, 0xFF, 0x00, 
    0x00, 0x00, 0xFF, 0xFE, 0xFE, 0xFF, 0xFF, 0x01, 0x00, 0x00, 0xFF, 0xFE, 
    0xFF, 0xFF, 0x00, 0x00, 0x00, 0x00, 0xFF, 0xFF, 0xFF, 0x00, 0x01, 0x00, 
    0x00, 0xFF, 0xFF, 0xFE, 0xFF, 0xFF, 0x00, 0x00, 0x00, 0xFF, 0xFF, 0xFF, 
    0xFF, 0xFF, 0xFF, 0x00, 0xFF, 0x00, 0x00, 0x00, 0x00, 0x00, 0x00, 0x00, 
    0x00, 0x00, 0x00, 0x00, 0x00, 0x00, 0x00, 0x00, 0x00, 0xFF, 0xFF, 0xFF, 
    0xFF, 0x00, 0x00, 0x00, 0xFF, 0xFF, 0xFE, 0xFF, 0xFF, 0x00, 0xFF, 0xFF, 
    0xFF, 0xFF, 0xFF, 0x00, 0x00, 0x00, 0x00, 0x00, 0x00, 0xFF, 0x00, 0x00, 
    0x00, 0x00, 0xFF, 0xFF, 0xFF, 0xFF, 0xFF, 0xFF, 0x00, 0xFF, 0xFF, 0xFF, 
    0xFF, 0xFF, 0xFF, 0x00, 0x00, 0x00, 0x00, 0xFF, 0xFF, 0xFF, 0xFF, 0x00, 
    0x00, 0x00, 0x00, 0xFF, 0xFF, 0x00, 0x00, 0x00, 0x01, 0x00, 0x00, 0xFF, 
    0xFF, 0xFF, 0x00, 0x00, 0x00, 0x00, 0xFF, 0x00, 0x00, 0x00, 0x00, 0x00, 
    0xFF, 0xFF, 0xFE, 0xFE, 0xFE, 0xFF, 0xFF, 0xFF, 0xFF, 0xFF, 0xFF, 0x00, 
    0x00, 0x00, 0x00, 0x00, 0x00, 0x00, 0x00, 0x00, 0x00, 0x00, 0x00, 0x00, 
    0x00, 0xFF, 0xFF, 0xFF, 0xFF, 0xFF, 0xFF, 0xFF, 0xFF, 0xFF, 0xFF, 0xFF, 
    0xFF, 0xFF, 0xFF, 0xFF, 0xFF, 0x00, 0x00, 0x00, 0x00, 0x00, 0x00, 0x00, 
    0x00, 0x00, 0x00, 0x00, 0x00, 0xFF, 0xFF, 0x00, 0x00, 0xFF, 0x00, 0x00, 
    0x00, 0xFF, 0xFF, 0x00, 0x00, 0x00, 0x00, 0x00, 0xFF, 0xFF, 0xFF, 0x00, 
    0x00, 0xFF, 0xFF, 0x00, 0x00, 0xFF, 0x00, 0x00, 0x00, 0x00, 0xFF, 0xFF, 
    0xFF, 0xFF, 0xFF, 0xFF, 0xFF, 0xFF, 0xFF, 0x00, 0x00, 0x00, 0x00, 0xFF, 
    0xFF, 0xFF, 0xFF, 0xFF, 0xFF, 0xFF, 0xFF, 0x00, 0x00, 0x00, 0x00, 0x00, 
    0x00, 0x00, 0x00, 0xFF, 0xFF, 0x00, 0x00, 0x00, 0x00, 0xFF, 0xFF, 0xFF, 
    0xFF, 0xFF, 0xFF, 0xFF, 0xFF, 0xFF, 0xFF, 0xFF, 0xFF, 0xFF, 0xFF, 0x00, 
    0x00, 0x00, 0x00, 0x00, 0x00, 0x00, 0x00, 0x00, 0x00, 0x00, 0x00, 0x00, 
    0x00, 0x00, 0x00, 0x00, 0xFF, 0xFF, 0xFF, 0xFF, 0xFF, 0xFF, 0xFF, 0x00, 
    0xFF, 0xFF, 0xFF, 0xFF, 0xFF, 0xFF, 0xFF, 0xFF, 0x00, 0xFF, 0x00, 0x00, 
    0x00, 0x00, 0x00, 0x00, 0x00, 0x00, 0x00, 0x00, 0x00, 0x00, 0x00, 0x00, 
    0xFF, 0xFF, 0xFF, 0xFF, 0xFF, 0xFF, 0xFF, 0xFF, 0xFF, 0xFF, 0xFF, 0xFF, 
    0xFF, 0xFF, 0xFF, 0xFF, 0x00, 0x00, 0xFF, 0xFF, 0x00, 0x00, 0x00, 0x00, 
    0x00, 0xFF, 0xFF, 0xFF, 0xFF, 0x00, 0xFF, 0xFF, 0xFF, 0x00, 0x00, 0xFF, 
    0x00, 0x00, 0x00, 0x00, 0x01, 0x01, 0x01, 0x01, 0xFF, 0x00, 0xFE, 0x00, 
    0xFE, 0xFF, 0x01, 0xFF, 0x01, 0xFF, 0x00, 0xFF, 0xFF, 0x00, 0xFF, 0x00, 
    0xFE, 0x00, 0xFF, 0x00, 0x00, 0xFF, 0x00, 0xFE, 0xFF, 0xFE, 0xFF, 0xFF, 
    0xFF, 0x00, 0xFF, 0x00, 0xFF, 0xFF, 0xFF, 0xFF, 0x01, 0xFF, 0x01, 0xFF, 
    0xFF, 0xFF, 0xFF, 0x01, 0xFF, 0x02, 0xFF, 0x00, 0xFF, 0xFF, 0x00, 0xFF, 
    0x01, 0xFE, 0xFF, 0xFE, 0xFF, 0x00, 0xFF, 0x01, 0xFF, 0x01, 0xFE, 0x00, 
    0xFF, 0xFF, 0x01, 0xFF, 0x01, 0xFE, 0xFF, 0xFF, 0xFF, 0x00, 0xFF, 0x00, 
    0xFF, 0xFF, 0xFF, 0xFE, 0x00, 0xFF, 0x00, 0x00, 0xFF, 0x00, 0xFF, 0x00, 
    0xFF, 0x00, 0x00, 0x00, 0x00, 0xFF, 0x01, 0xFF, 0x00, 0x00, 0x00, 0x00, 
    0xFF, 0x00, 0xFE, 0xFF, 0xFF, 0x00, 0xFF, 0x00, 0x00, 0xFF, 0x00, 0xFF, 
    0x00, 0xFF, 0x00, 0xFF, 0xFF, 0x00, 0xFF, 0x00, 0xFF, 0x00, 0x00, 0x00, 
    0x00, 0xFF, 0xFF, 0xFF, 0x00, 0xFF, 0x00, 0x00, 0x00, 0x00, 0xFF, 0xFF, 
    0xFF, 0xFF, 0xFF, 0x00, 0x00, 0x00, 0x00, 0xFF, 0xFF, 0xFF, 0xFF, 0xFF, 
    0xFF, 0xFF, 0xFF, 0xFF, 0xFF, 0xFF, 0xFF, 0x00, 0x00, 0x00, 0x00, 0x00, 
    0x00, 0x00, 0x00, 0x00, 0x00, 0x00, 0xFF, 0x00, 0x00, 0xFF, 0xFF, 0xFF, 
    0xFF, 0xFF, 0xFF, 0xFF, 0xFF, 0xFF, 0xFF, 0x00, 0x00, 0x00, 0x00, 0xFF, 
    0x00, 0x00, 0x00, 0x00, 0xFF, 0x00, 0xFF, 0x00, 0x00, 0x00, 0x00, 0xFF, 
    0x00, 0xFF, 0x00, 0xFF, 0xFF, 0xFF, 0xFF, 0xFF, 0xFF, 0x00, 0xFF, 0x00, 
    0x00, 0xFF, 0x00, 0xFF, 0x00, 0xFF, 0xFF, 0xFF, 0xFF, 0x00, 0xFF, 0x00, 
    0xFF, 0x00, 0x00, 0x00, 0x00, 0x00, 0x00, 0xFF, 0x00, 0xFF, 0x00, 0x00, 
    0x00, 0x00, 0x00, 0x00, 0xFF, 0xFF, 0x00, 0xFF, 0x00, 0xFF, 0xFF, 0xFF, 
    0xFF, 0xFF, 0xFF, 0x00, 0xFF, 0x00, 0xFF, 0xFF, 0xFF, 0x00, 0x00, 0x00, 
    0x00, 0x00, 0x00, 0x00, 0x00, 0x00, 0x00, 0x00, 0xFF, 0xFF, 0xFF, 0xFF, 
    0xFF, 0xFF, 0xFF, 0xFF, 0xFF, 0xFF, 0xFF, 0xFF, 0xFF, 0xFF, 0x00, 0x00, 
    0x00, 0x00, 0x00, 0x00, 0xFF, 0x00, 0x00, 0x00, 0x00, 0x00, 0x00, 0x00, 
    0xFF, 0xFF, 0x00, 0xFF, 0xFF, 0xFF, 0x00, 0x00, 0xFF, 0xFF, 0xFF, 0x00, 
    0xFF, 0x00, 0x00, 0x00, 0x00, 0x00, 0xFF, 0xFF, 0xFF, 0xFF, 0xFF, 0xFF, 
    0xFF, 0xFF, 0xFF, 0xFF, 0xFF, 0xFF, 0x00, 0x00, 0x00, 0x00, 0x00, 0x00, 
    0x00, 0x00, 0x00, 0x00, 0x00, 0xFF, 0x00, 0x00, 0x00, 0xFF, 0x00, 0xFF, 
    0xFF, 0xFF, 0xFF, 0xFF, 0xFF, 0xFF, 0xFF, 0xFF, 0xFF, 0xFF, 0xFF, 0x00, 
    0x00, 0x00, 0xFF, 0x01, 0xFF, 0x01, 0xFF, 0x04, 0x03, 0x01, 0x01, 0xFA, 
    0xFF, 0xFB, 0x02, 0x00, 0x01, 0xFE, 0xFC, 0xFE, 0xFF, 0x03, 0x03, 0x04, 
    0x01, 0xFF, 0xFE, 0x00, 0x02, 0x03, 0x02, 0x01, 0xFD, 0xFE, 0xFD, 0xFF, 
    0xFF, 0xFE, 0xFE, 0xFB, 0xFD, 0xFC, 0xFE, 0xFF, 0x00, 0x01, 0x00, 0x02, 
    0xFF, 0x02, 0x01, 0x02, 0x01, 0xFF, 0x00, 0xFE, 0x01, 0xFF, 0x00, 0xFE, 
    0xFD, 0xFE, 0xFE, 0x00, 0xFF, 0xFF, 0xFE, 0xFF, 0xFF, 0xFF, 0x01, 0xFF, 
    0x00, 0xFF, 0xFF, 0x00, 0x00, 0x01, 0xFF, 0x00, 0xFE, 0x00, 0xFF, 0xFF, 
    0x00, 0xFF, 0xFF, 0xFE, 0xFF, 0x00, 0x00, 0x00, 0x01, 0x00, 0x00, 0xFF, 
    0x00, 0xFF, 0x00, 0xFF, 0x01, 0xFF, 0xFF, 0x00, 0xFF, 0x00, 0x00, 0x00, 
    0x00, 0x00, 0x00, 0xFF, 0xFF, 0xFF, 0xFF, 0x00, 0x01, 0x01, 0x00, 0xFF, 
    0xFF, 0x00, 0x00, 0x00, 0x00, 0xFF, 0xFE, 0xFE, 0xFE, 0xFF, 0x00, 0x00, 
    0x00, 0xFF, 0xFF, 0xFF, 0xFF, 0x00, 0x00, 0x00, 0x00, 0xFF, 0xFF, 0xFF, 
    0x00, 0xFF, 0x00, 0x00, 0x00, 0x00, 0xFF, 0xFF, 0xFF, 0xFF, 0xFF, 0xFF, 
    0xFE, 0xFF, 0xFE, 0xFF, 0xFF, 0xFF, 0x00, 0x00, 0x00, 0x00, 0xFF, 0x00, 
    0x00, 0x01, 0x01, 0x01, 0x01, 0xFF, 0x00, 0xFF, 0x00, 0x00, 0x01, 0x00, 
    0x00, 0xFF, 0xFF, 0xFF, 0xFF, 0xFF, 0xFF, 0x00, 0xFF, 0xFF, 0xFF, 0x00, 
    0xFF, 0x00, 0xFF, 0x00, 0xFF, 0xFF, 0x00, 0xFF, 0x00, 0x00, 0x01, 0x00, 
    0x00, 0x00, 0x00, 0x00, 0x00, 0x00, 0x00, 0x00, 0x00, 0xFF, 0xFF, 0xFF, 
    0xFF, 0xFF, 0xFF, 0xFF, 0xFE, 0xFE, 0xFE, 0xFF, 0xFF, 0x00, 0xFF, 0xFF, 
    0xFF, 0xFF, 0xFF, 0xFF, 0x00, 0x00, 0x00, 0x00, 0x00, 0x00, 0x00, 0x00, 
    0x00, 0x00, 0x00, 0xFF, 0xFF, 0xFF, 0xFF, 0xFF, 0xFF, 0xFF, 0xFF, 0xFF, 
    0xFF, 0xFF, 0x00, 0x00, 0x01, 0x00, 0x00, 0x00, 0x00, 0x00, 0x00, 0x00, 
    0x00, 0x00, 0x00, 0x00, 0x00, 0x00, 0x00, 0x00, 0xFF, 0xFF, 0xFF, 0xFF, 
    0xFF, 0xFF, 0xFF, 0xFF, 0xFF, 0xFF, 0xFE, 0xFF, 0xFF, 0xFF, 0x00, 0x00, 
    0xFF, 0x00, 0x00, 0x00, 0x00, 0x00, 0x00, 0x00, 0x00, 0x00, 0x00, 0x00, 
    0x00, 0x00, 0xFF, 0xFF, 0xFF, 0xFF, 0xFF, 0xFF, 0xFF, 0xFF, 0x00, 0x00, 
    0x00, 0x00, 0x00, 0x00, 0x00, 0x00, 0x00, 0x00, 0xFF, 0xFF, 0xFF, 0xFF, 
    0xFF, 0xFF, 0xFF, 0xFF, 0xFF, 0xFF, 0xFF, 0x00, 0x00, 0x00, 0x00, 0x00, 
    0x00, 0x00, 0x00, 0xFF, 0xFF, 0x00, 0x01, 0x00, 0x00, 0xFF, 0xFF, 0xFF, 
    0x00, 0x00, 0x00, 0xFF, 0xFF, 0x00, 0x00, 0x00, 0xFF, 0xFF, 0xFF, 0xFF, 
    0xFE, 0xFF, 0xFF, 0xFF, 0xFF, 0x00, 0xFF, 0x00, 0xFF, 0xFF, 0xFF, 0xFF, 
    0xFF, 0xFF, 0xFF, 0x00, 0xFF, 0x03, 0x08, 0x02, 0xFF, 0xF7, 0xF8, 0xFC, 
    0x01, 0x06, 0x05, 0x00, 0xFC, 0xFA, 0xFD, 0x01, 0x02, 0x05, 0x01, 0xFE, 
    0xFB, 0xFD, 0x01, 0x05, 0x05, 0x03, 0xFE, 0xFC, 0xFC, 0xFD, 0x01, 0x00, 
    0x01, 0xFE, 0xFD, 0xFD, 0xFE, 0x01, 0x02, 0x02, 0x01, 0xFF, 0xFD, 0xFE, 
    0x01, 0x04, 0x04, 0x00, 0xFC, 0xFB, 0xFD, 0x00, 0x03, 0x02, 0xFE, 0xFB, 
    0xFC, 0xFE, 0x01, 0x03, 0x03, 0x01, 0xFF, 0xFF, 0x02, 0x03, 0x00, 0xFE, 
    0xFC, 0xFD, 0xFF, 0x02, 0x02, 0x00, 0xFD, 0xFB, 0xFE, 0x00, 0x02, 0x02, 
    0xFF, 0xFD, 0xFD, 0xFF, 0x02, 0x04, 0x04, 0x00, 0xFD, 0xFC, 0xFE, 0x00, 
    0x01, 0x00, 0xFE, 0xFE, 0xFE, 0x01, 0x01, 0x00, 0xFF, 0xFD, 0xFE, 0x00, 
    0x02, 0x02, 0x00, 0xFF, 0xFE, 0xFE, 0x00, 0x02, 0x03, 0x00, 0xFD, 0xFD, 
    0xFE, 0x00, 0x02, 0x01, 0x00, 0xFD, 0xFC, 0xFE, 0x00, 0x01, 0x01, 0xFF, 
    0xFF, 0xFE, 0xFF, 0x00, 0x02, 0x02, 0x00, 0xFF, 0xFE, 0x00, 0x00, 0x01, 
    0xFF, 0xFF, 0xFE, 0xFF, 0xFF, 0x01, 0x00, 0xFF, 0xFD, 0xFC, 0xFD, 0xFF, 
    0x00, 0x02, 0x01, 0x00, 0xFF, 0xFE, 0x00, 0xFF, 0x00, 0xFF, 0x01, 0x00, 
    0x00, 0xFF, 0xFF, 0xFE, 0xFF, 0x01, 0x01, 0x01, 0x00, 0xFE, 0xFD, 0xFE, 
    0x00, 0x03, 0x03, 0x02, 0x00, 0xFF, 0xFE, 0xFF, 0x00, 0x01, 0xFF, 0x00, 
    0xFE, 0xFE, 0xFE, 0xFF, 0x00, 0x00, 0x00, 0xFF, 0xFF, 0xFE, 0xFE, 0xFF, 
    0x00, 0x01, 0x01, 0x00, 0x01, 0xFF, 0xFF, 0xFF, 0x00, 0x01, 0x01, 0x00, 
    0xFF, 0xFF, 0xFF, 0x00, 0x00, 0x00, 0x00, 0xFF, 0xFE, 0xFE, 0xFF, 0xFF, 
    0xFF, 0x00, 0x00, 0x01, 0x00, 0xFF, 0xFE, 0xFF, 0xFF, 0xFF, 0x00, 0xFF, 
    0xFF, 0xFE, 0xFF, 0xFF, 0x00, 0x00, 0x00, 0x00, 0xFF, 0xFF, 0x00, 0x00, 
    0x00, 0x00, 0x00, 0xFF, 0xFF, 0x00, 0x00, 0x00, 0xFF, 0xFF, 0xFE, 0xFE, 
    0xFF, 0xFF, 0x00, 0x00, 0x00, 0x00, 0x00, 0x00, 0xFF, 0xFF, 0xFF, 0x00, 
    0x00, 0x00, 0x00, 0xFF, 0xFE, 0xFE, 0x00, 0x00, 0x01, 0x00, 0xFF, 0xFE, 
    0xFE, 0xFF, 0x00, 0x00, 0x00, 0xFF, 0xFF, 0xFF, 0x00, 0x00, 0x00, 0x00, 
    0xFF, 0x00, 0x00, 0x00, 0x00, 0x00, 0xFF, 0xFF, 0xFF, 0xFF, 0xFF, 0xFF, 
    0xFF, 0xFF, 0xFF, 0x00, 0x00, 0xFF, 0xFE, 0xFF, 0xFF, 0xFF, 0x00, 0x01, 
    0x00, 0xFF, 0xFF, 0x00, 0x00, 0x01, 0x01, 0x00, 0x00, 0xFF, 0xFF, 0xFF, 
    0xFF, 0x00, 0xFF, 0xFF, 0xFF, 0xFF, 0xFF, 0xFF, 0xFF, 0xFF, 0xFF, 0xFF, 
    0x00, 0x00, 0x00, 0x00, 0x00, 0x00, 0x00, 0x00, 0x00, 0x00, 0x00, 0x00, 
    0x00, 0x00, 0x00, 0x00, 0xFF, 0xFF, 0xFF, 0xFF, 0x00, 0x00, 0x00, 0x00, 
    0xFF, 0xFF, 0xFF, 0xFF, 0x00, 0x00, 0x00, 0xFF, 0xFF, 0xFF, 0xFF, 0xFF, 
    0x00, 0x00, 0x00, 0xFF, 0xFF, 0xFF, 0xFF, 0x00, 0x00, 0x00, 0x00, 0x00, 
    0x00, 0x00, 0x00, 0x00, 0x00, 0x00, 0x00, 0xFF, 0xFE, 0xFF, 0xFF, 0xFE, 
    0xFE, 0xFF, 0xFF, 0xFF, 0xFF, 0xFF, 0x00, 0x00, 0x00, 0x00, 0x00, 0x00, 
    0x00, 0x00, 0x00, 0x01, 0x01, 0x02, 0x01, 0x02, 0x01, 0x01, 0xFF, 0xFC, 
    0xFC, 0xFB, 0xFE, 0xFF, 0x01, 0x01, 0xFF, 0xFE, 0xFE, 0x00, 0x02, 0x02, 
    0x01, 0xFF, 0xFD, 0xFE, 0x00, 0x02, 0x02, 0x01, 0xFE, 0xFE, 0xFD, 0xFF, 
    0xFF, 0xFE, 0xFE, 0xFD, 0xFE, 0xFE, 0xFF, 0x00, 0x00, 0xFF, 0xFF, 0x00, 
    0x01, 0x01, 0x01, 0xFF, 0x01, 0x00, 0x00, 0xFF, 0xFD, 0xFE, 0xFE, 0x02, 
    0x01, 0x03, 0x01, 0xFF, 0xFE, 0xFC, 0xFF, 0xFF, 0x02, 0x01, 0x01, 0xFE, 
    0xFE, 0xFF, 0x00, 0x03, 0x01, 0x00, 0xFF, 0xFE, 0xFD, 0xFE, 0x00, 0x01, 
    0x01, 0x00, 0xFF, 0xFF, 0xFE, 0xFF, 0xFE, 0xFF, 0x00, 0xFF, 0x00, 0xFF, 
    0x00, 0xFF, 0xFF, 0xFF, 0x00, 0x00, 0x00, 0x00, 0xFE, 0xFF, 0xFF, 0x00, 
    0xFF, 0xFF, 0x00, 0x00, 0x00, 0xFF, 0x00, 0xFF, 0x00, 0x00, 0x00, 0x00, 
    0xFF, 0x00, 0x00, 0x00, 0xFF, 0xFF, 0xFF, 0xFF, 0xFF, 0xFE, 0xFF, 0xFD, 
    0xFF, 0xFE, 0xFF, 0x00, 0xFF, 0x00, 0xFE, 0xFF, 0xFF, 0x00, 0x00, 0x00, 
    0x00, 0xFF, 0xFF, 0xFF, 0xFF, 0xFF, 0xFF, 0xFE, 0xFD, 0xFE, 0x01, 0x04, 
    0x06, 0x03, 0x00, 0xFB, 0xFA, 0xFC, 0x00, 0x04, 0x04, 0x03, 0xFF, 0xFD, 
    0xFC, 0xFE, 0x02, 0x05, 0x05, 0x01, 0xFE, 0xFC, 0xFD, 0x00, 0x04, 0x05, 
    0x03, 0x00, 0xFC, 0xFB, 0xFD, 0xFF, 0x01, 0x02, 0x00, 0xFD, 0xFB, 0xFA, 
    0xFC, 0xFE, 0x01, 0x02, 0x01, 0x00, 0xFE, 0xFD, 0xFD, 0xFF, 0x01, 0x03, 
    0x03, 0x01, 0xFE, 0xFE, 0xFE, 0x00, 0x01, 0x01, 0x01, 0xFF, 0xFE, 0xFE, 
    0xFF, 0x00, 0x01, 0x01, 0x00, 0xFE, 0xFE, 0xFF, 0x00, 0x01, 0x01, 0x00, 
    0x00, 0xFF, 0xFF, 0xFF, 0x00, 0x00, 0x00, 0x00, 0x00, 0xFF, 0xFF, 0xFF, 
    0x00, 0x01, 0x01, 0x00, 0xFF, 0xFE, 0xFE, 0xFF, 0xFF, 0x00, 0x00, 0x00, 
    0xFE, 0xFE, 0xFE, 0xFE, 0xFF, 0x00, 0x00, 0xFF, 0xFF, 0xFF, 0xFF, 0x00, 
    0x00, 0x01, 0x01, 0x01, 0x01, 0x00, 0x00, 0x00, 0x00, 0x00, 0x00, 0xFF, 
    0xFF, 0xFF, 0xFE, 0xFE, 0xFE, 0xFF, 0xFF, 0xFE, 0xFE, 0xFE, 0xFF, 0xFF, 
    0x00, 0x01, 0x00, 0xFF, 0xFF, 0xFE, 0xFF, 0x00, 0x00, 0x01, 0x00, 0x00, 
    0x00, 0xFF, 0xFF, 0x00, 0x00, 0x00, 0x00, 0xFF, 0xFF, 0xFF, 0xFF, 0x00, 
    0x00, 0x00, 0xFF, 0xFE, 0xFF, 0xFF, 0x00, 0x00, 0x00, 0x00, 0xFF, 0xFF, 
    0xFF, 0x00, 0x00, 0x00, 0x00, 0x00, 0xFF, 0xFF, 0xFF, 0xFF, 0x00, 0x01, 
    0x01, 0x00, 0xFF, 0xFF, 0xFE, 0xFF, 0x00, 0x00, 0x01, 0x00, 0xFF, 0xFE, 
    0xFE, 0xFE, 0x00, 0x00, 0x01, 0x00, 0xFF, 0xFE, 0xFF, 0x00, 0x00, 0x01, 
    0x01, 0x00, 0xFF, 0xFF, 0xFE, 0xFF, 0x00, 0x00, 0x00, 0x00, 0xFF, 0xFF, 
    0xFF, 0xFF, 0x00, 0x00, 0x00, 0xFF, 0xFF, 0xFE, 0xFF, 0x00, 0x01, 0x01, 
    0x00, 0x00, 0xFF, 0x00, 0x00, 0x00, 0x01, 0x01, 0x00, 0xFF, 0xFF, 0xFE, 
    0xFF, 0x00, 0x00, 0xFF, 0xFF, 0xFF, 0xFF, 0xFF, 0x00, 0x00, 0x01, 0x00, 
    0x00, 0x00, 0xFF, 0xFF, 0xFF, 0xFF, 0xFF, 0xFF, 0xFF, 0xFF, 0xFF, 0xFE, 
    0xFE, 0xFF, 0xFF, 0xFF, 0xFF, 0xFF, 0xFF, 0xFF, 0x00, 0x00, 0x00, 0x00, 
    0xFF, 0xFF, 0x00, 0x00, 0x01, 0x01, 0x03, 0x05, 0x02, 0xFD, 0xFA, 0xF9, 
    0xFC, 0x00, 0x03, 0x02, 0xFF, 0xFC, 0xFC, 0xFF, 0x02, 0x03, 0x03, 0x00, 
    0xFE, 0xFC, 0xFE, 0x01, 0x03, 0x03, 0x01, 0xFF, 0xFD, 0xFE, 0xFE, 0x00, 
    0xFF, 0xFF, 0xFE, 0xFD, 0xFF, 0xFF, 0x01, 0x01, 0x01, 0x00, 0x01, 0x00, 
    0x00, 0x01, 0x01, 0x01, 0xFF, 0x00, 0xFE, 0x00, 0xFF, 0x00, 0x01, 0xFE, 
    0xFE, 0xF9, 0xFD, 0xFD, 0x01, 0x01, 0x00, 0x00, 0xFD, 0x01, 0xFF, 0x03, 
    0x01, 0x03, 0x00, 0x00, 0xFF, 0x00, 0x02, 0x01, 0x01, 0xFD, 0xFD, 0xFC, 
    0xFD, 0xFF, 0x00, 0xFF, 0xFD, 0xFC, 0xFE, 0x00, 0x02, 0x01, 0x00, 0xFE, 
    0xFE, 0x00, 0x02, 0x04, 0x03, 0x01, 0xFF, 0xFE, 0xFF, 0x00, 0x02, 0x01, 
    0x00, 0xFE, 0xFD, 0xFE, 0xFF, 0x01, 0x00, 0x00, 0xFD, 0xFE, 0xFF, 0x01, 
    0x03, 0x01, 0xFF, 0xFE, 0xFE, 0x00, 0x00, 0x01, 0x00, 0xFE, 0xFD, 0xFD, 
    0xFF, 0x01, 0x01, 0xFF, 0xFE, 0xFD, 0xFF, 0x00, 0x02, 0x02, 0x01, 0xFE, 
    0xFE, 0xFF, 0x00, 0x01, 0x01, 0x00, 0xFE, 0xFE, 0xFE, 0x00, 0x01, 0x03, 
    0x02, 0x00, 0xFE, 0xFC, 0xFD, 0xFE, 0x01, 0x01, 0x00, 0xFE, 0xFC, 0xFC, 
    0xFE, 0x00, 0x02, 0x03, 0x00, 0xFE, 0xFD, 0xFE, 0xFF, 0x02, 0x04, 0x04, 
    0x02, 0xFF, 0xFE, 0xFE, 0x00, 0x01, 0x03, 0x02, 0x00, 0xFD, 0xFD, 0xFD, 
    0xFF, 0x00, 0x01, 0x00, 0xFF, 0xFD, 0xFC, 0xFE, 0xFF, 0x00, 0x01, 0x00, 
    0xFF, 0xFE, 0xFD, 0xFF, 0x00, 0x01, 0x01, 0x00, 0xFF, 0xFF, 0xFF, 0x00, 
    0x01, 0x01, 0x01, 0x00, 0xFF, 0xFF, 0xFF, 0x00, 0x00, 0x00, 0x00, 0xFF, 
    0xFE, 0xFE, 0xFE, 0xFF, 0xFF, 0xFF, 0xFF, 0xFE, 0xFE, 0xFE, 0xFF, 0x00, 
    0x01, 0x01, 0x00, 0xFF, 0xFF, 0xFF, 0x00, 0x01, 0x01, 0x01, 0x00, 0xFF, 
    0xFF, 0xFF, 0x00, 0x01, 0x00, 0x00, 0xFF, 0xFF, 0xFF, 0xFF, 0xFF, 0xFF, 
    0xFF, 0xFF, 0xFF, 0xFF, 0xFF, 0xFF, 0xFF, 0xFF, 0x00, 0x00, 0xFF, 0xFF, 
    0xFF, 0x00, 0x00, 0x00, 0x01, 0x01, 0x00, 0xFF, 0xFF, 0xFF, 0x00, 0x00, 
    0x01, 0x00, 0xFF, 0xFF, 0xFE, 0xFF, 0xFF, 0x00, 0x00, 0x00, 0xFF, 0xFF, 
    0xFE, 0xFF, 0xFF, 0x00, 0x00, 0x00, 0x00, 0xFF, 0xFF, 0xFF, 0x00, 0x00, 
    0x00, 0x00, 0xFF, 0xFF, 0xFF, 0x00, 0x00, 0x00, 0x00, 0xFF, 0xFF, 0xFF, 
    0x00, 0x00, 0x00, 0x00, 0x00, 0xFF, 0xFF, 0xFF, 0xFF, 0xFF, 0x00, 0x00, 
    0xFF, 0xFF, 0xFF, 0xFF, 0xFF, 0x00, 0x00, 0x00, 0x00, 0xFF, 0xFF, 0xFF, 
    0x00, 0x00, 0x01, 0x01, 0x00, 0x00, 0xFF, 0xFF, 0xFF, 0xFF, 0x00, 0x00, 
    0x00, 0xFF, 0xFF, 0xFF, 0x00, 0x00, 0x00, 0x00, 0xFF, 0xFE, 0xFE, 0xFF, 
    0x00, 0x00, 0x00, 0x00, 0xFF, 0xFF, 0xFF, 0xFF, 0x00, 0x00, 0x00, 0x00, 
    0xFF, 0xFF, 0xFF, 0xFF, 0x00, 0x00, 0x00, 0x00, 0xFF, 0xFF, 0xFF, 0xFF, 
    0x00, 0xFF, 0x00, 0xFF, 0xFF, 0xFF, 0xFF, 0x00, 0x00, 0x01, 0x00, 0x00, 
    0xFF, 0x00, 0x00, 0x00, 0x00, 0x00, 0x00, 0xFF, 0xFF, 0xFF, 0xFF, 0xFF, 
    0xFF, 0xFF, 0xFF, 0xFF, 0xFE, 0xFE, 0xFF, 0xFF, 0xFF, 0x00, 0xFF, 0x00, 
    0x00, 0x02, 0x02, 0x06, 0x02, 0xFE, 0xFA, 0xF8, 0xFE, 0x00, 0x05, 0x02, 
    0xFF, 0xFC, 0xFD, 0xFE, 0x02, 0x03, 0x02, 0xFF, 0xFD, 0xFE, 0xFF, 0x03, 
    0x02, 0x03, 0xFF, 0xFE, 0xFD, 0x00, 0x00, 0x00, 0xFF, 0xFE, 0xFE, 0xFD, 
    0x00, 0x00, 0x02, 0xFF, 0xFF, 0xFF, 0x00, 0x01, 0x00, 0x01, 0xFF, 0x00, 
    0xFF, 0x00, 0xFF, 0x01, 0x00, 0x00, 0xFF, 0xFF, 0xFE, 0xFF, 0xFF, 0x01, 
    0x00, 0xFF, 0xFE, 0xFB, 0xFF, 0xFE, 0x02, 0xFF, 0xFF, 0xFD, 0xFE, 0x01, 
    0x01, 0x03, 0xFF, 0x00, 0xFE, 0x01, 0x02, 0x02, 0x02, 0xFF, 0xFF, 0xFF, 
    0xFF, 0x00, 0xFF, 0xFF, 0xFE, 0xFE, 0xFE, 0xFE, 0xFF, 0xFF, 0x00, 0xFF, 
    0xFF, 0xFF, 0x00, 0x02, 0x00, 0x00, 0xFF, 0x00, 0xFF, 0x00, 0x01, 0x00, 
    0x00, 0xFE, 0xFF, 0xFF, 0xFF, 0x00, 0x00, 0x00, 0xFF, 0xFF, 0x00, 0x01, 
    0x02, 0x01, 0x00, 0xFE, 0xFE, 0xFF, 0x01, 0x01, 0x00, 0xFF, 0xFE, 0xFF, 
    0xFF, 0x01, 0xFF, 0xFF, 0xFE, 0xFE, 0xFE, 0xFF, 0x00, 0xFF, 0x00, 0xFE, 
    0xFF, 0x00, 0x01, 0x01, 0xFF, 0xFF, 0xFE, 0xFF, 0x00, 0x01, 0x00, 0x00, 
    0xFF, 0xFF, 0x00, 0x00, 0x00, 0x00, 0x00, 0xFF, 0xFF, 0x00, 0x00, 0x00, 
    0x00, 0xFF, 0xFF, 0xFF, 0xFF, 0xFF, 0xFF, 0xFF, 0xFE, 0xFF, 0xFE, 0xFF, 
    0xFF, 0x00, 0x00, 0x00, 0x00, 0x00, 0x00, 0xFF, 0x00, 0x00, 0x01, 0x02, 
    0x01, 0x01, 0xFF, 0xFF, 0xFE, 0xFF, 0x00, 0x00, 0x00, 0xFF, 0xFF, 0xFF, 
    0xFF, 0xFF, 0x00, 0x00, 0xFF, 0xFF, 0xFF, 0x00, 0x00, 0x00, 0x01, 0x00, 
    0x00, 0x00, 0x00, 0x00, 0xFF, 0xFF, 0xFF, 0xFF, 0x00, 0xFF, 0xFF, 0xFF, 
    0xFF, 0xFF, 0x00, 0x00, 0x00, 0x00, 0xFF, 0xFF, 0xFF, 0xFF, 0x00, 0x00, 
    0x00, 0x00, 0x00, 0xFF, 0xFF, 0x00, 0xFF, 0xFF, 0xFF, 0x00, 0x00, 0xFF, 
    0xFF, 0xFF, 0x00, 0x00, 0x00, 0x00, 0x00, 0x00, 0x00, 0x00, 0x00, 0x00, 
    0x00, 0xFF, 0xFF, 0xFF, 0xFF, 0xFF, 0xFF, 0xFF, 0xFF, 0xFF, 0xFF, 0xFF, 
    0xFF, 0xFF, 0xFF, 0x00, 0x00, 0x00, 0x00, 0xFF, 0x00, 0x00, 0x00, 0x00, 
    0x01, 0x00, 0x00, 0x00, 0xFF, 0x00, 0x00, 0x00, 0xFF, 0xFF, 0xFF, 0xFF, 
    0xFF, 0xFF, 0xFF, 0xFF, 0xFF, 0xFF, 0xFF, 0xFF, 0x00, 0xFF, 0xFF, 0xFF, 
    0xFF, 0x00, 0xFF, 0xFF, 0xFF, 0x00, 0xFF, 0x00, 0x00, 0x00, 0x00, 0x00, 
    0x00, 0x00, 0x00, 0x00, 0x00, 0x00, 0x00, 0xFF, 0xFF, 0xFF, 0xFF, 0xFE, 
    0xFF, 0xFF, 0xFF, 0xFF, 0xFF, 0xFF, 0xFF, 0xFF, 0xFF, 0x00, 0x00, 0x00, 
    0x00, 0x00, 0x00, 0x00, 0x00, 0x00, 0x00, 0x01, 0x00, 0x00, 0x00, 0x00, 
    0x00, 0xFF, 0x00, 0x00, 0xFF, 0xFF, 0xFF, 0xFF, 0xFF, 0xFF, 0xFF, 0xFF, 
    0xFF, 0xFF, 0xFF, 0xFF, 0xFF, 0x00, 0x00, 0x00, 0x00, 0x00, 0x00, 0xFF, 
    0x00, 0x00, 0x00, 0x00, 0x00, 0x00, 0xFF, 0xFF, 0xFF, 0xFF, 0x00, 0x00, 
    0x00, 0x00, 0xFF, 0x00, 0x00, 0xFF, 0x00, 0xFF, 0xFF, 0xFF, 0xFF, 0xFF, 
    0xFF, 0xFF, 0xFF, 0xFF, 0xFF, 0x00, 0x00, 0x00, 0x00, 0x00, 0x00, 0x00, 
    0x00, 0xFF, 0x00, 0xFF, 0x00, 0xFF, 0x07, 0x04, 0x00, 0xFC, 0xF8, 0xFC, 
    0xFD, 0x03, 0x02, 0x02, 0xFE, 0xFD, 0xFB, 0xFF, 0x01, 0x02, 0x02, 0xFF, 
    0xFE, 0xFC, 0x00, 0x01, 0x04, 0x02, 0x01, 0xFD, 0xFE, 0xFF, 0x00, 0x01, 
    0x01, 0x00, 0xFE, 0xFF, 0xFF, 0x00, 0x00, 0x00, 0xFF, 0xFF, 0xFF, 0xFE, 
    0x00, 0xFF, 0x03, 0x01, 0x00, 0xFE, 0xFD, 0xFF, 0xFE, 0x01, 0xFF, 0xFE, 
    0xFC, 0xFE, 0xFF, 0x01, 0x02, 0x01, 0x00, 0xFF, 0x00, 0x01, 0x01, 0x01, 
    0x00, 0x00, 0x00, 0x00, 0x01, 0xFF, 0xFF, 0xFD, 0xFE, 0xFF, 0xFE, 0xFF, 
    0xFE, 0xFE, 0xFE, 0xFE, 0x00, 0x01, 0x02, 0xFF, 0xFF, 0xFF, 0x01, 0x01, 
    0x00, 0x00, 0xFE, 0x01, 0x00, 0x01, 0x00, 0xFF, 0xFF, 0xFF, 0x00, 0x00, 
    0xFF, 0xFF, 0xFF, 0x00, 0x00, 0x00, 0xFF, 0x00, 0xFF, 0x00, 0x00, 0x00, 
    0x00, 0xFE, 0xFF, 0xFF, 0x00, 0x00, 0xFF, 0xFE, 0xFE, 0xFF, 0xFE, 0x01, 
    0x01, 0x00, 0xFF, 0xFF, 0x00, 0x00, 0x01, 0x01, 0x01, 0xFF, 0xFE, 0xFE, 
    0xFF, 0x00, 0x00, 0x00, 0xFF, 0xFE, 0xFE, 0xFE, 0xFF, 0x00, 0x00, 0xFF, 
    0xFF, 0xFF, 0xFF, 0x00, 0x01, 0x01, 0x01, 0x00, 0x00, 0xFF, 0x00, 0x00, 
    0x00, 0x00, 0xFF, 0xFF, 0xFF, 0xFF, 0xFF, 0xFF, 0xFF, 0xFF, 0xFE, 0xFF, 
    0xFF, 0x00, 0x00, 0x00, 0xFF, 0x00, 0x00, 0x00, 0x00, 0x00, 0xFF, 0xFF, 
    0x00, 0x00, 0x01, 0x00, 0x00, 0xFF, 0xFF, 0xFE, 0xFF, 0xFF, 0xFF, 0xFF, 
    0xFF, 0xFF, 0xFF, 0xFF, 0x00, 0x00, 0x00, 0xFF, 0xFF, 0x00, 0x00, 0x00, 
    0x00, 0x00, 0x00, 0x00, 0x00, 0x00, 0x00, 0x00, 0x00, 0xFF, 0x00, 0x00, 
    0xFF, 0x00, 0x00, 0x00, 0xFF, 0x00, 0xFF, 0xFF, 0x00, 0xFF, 0xFF, 0xFF, 
    0xFF, 0xFF, 0xFF, 0x00, 0x00, 0x00, 0xFF, 0xFF, 0xFF, 0xFF, 0x00, 0xFF, 
    0x00, 0x00, 0x00, 0x00, 0x00, 0x00, 0xFF, 0x00, 0xFF, 0x00, 0x00, 0xFF, 
    0xFF, 0xFF, 0xFF, 0xFF, 0xFF, 0x00, 0x00, 0x00, 0xFF, 0xFF, 0xFF, 0xFF, 
    0xFF, 0x00, 0x00, 0xFF, 0xFF, 0xFF, 0xFF, 0x00, 0x00, 0x00, 0x00, 0x00, 
    0x00, 0x00, 0x00, 0x00, 0x00, 0x00, 0x00, 0xFF, 0x00, 0x00, 0x00, 0x00, 
    0xFF, 0xFF, 0x00, 0x00, 0x00, 0xFF, 0xFF, 0xFF, 0xFF, 0xFF, 0xFF, 0xFF, 
    0xFF, 0xFF, 0x00, 0x00, 0x00, 0x00, 0x00, 0x00, 0x00, 0x00, 0x00, 0x00, 
    0x00, 0xFF, 0xFF, 0xFF, 0xFF, 0xFF, 0xFF, 0xFF, 0xFF, 0xFF, 0xFF, 0xFF, 
    0x00, 0xFF, 0xFF, 0xFF, 0x00, 0xFF, 0x00, 0xFF, 0xFF, 0xFF, 0xFF, 0xFF, 
    0xFF, 0x00, 0x00, 0x00, 0x00, 0x00, 0x00, 0xFF, 0x00, 0x00, 0x00, 0x00, 
    0x00, 0x00, 0xFF, 0x00, 0x00, 0x00, 0x00, 0xFF, 0xFF, 0x00, 0x00, 0x00, 
    0x00, 0x00, 0xFF, 0xFF, 0xFF, 0xFF, 0xFF, 0xFF, 0xFF, 0xFF, 0xFF, 0xFF, 
    0xFF, 0xFF, 0x00, 0x00, 0x00, 0x00, 0x00, 0x00, 0x00, 0x00, 0x00, 0x00, 
    0x00, 0x00, 0x00, 0x00, 0x00, 0x00, 0x00, 0x00, 0xFF, 0xFF, 0xFF, 0xFF, 
    0xFE, 0xFF, 0xFE, 0xFE, 0xFE, 0xFE, 0xFF, 0xFF, 0xFF, 0x00, 0x00, 0x00, 
    0x00, 0xFF, 0x00, 0x00, 0x00, 0x00, 0x00, 0x00, 0x01, 0x00, 0x03, 0x04, 
    0x00, 0xFF, 0xFA, 0xFB, 0xFC, 0x00, 0x02, 0x02, 0x00, 0xFE, 0xFD, 0xFF, 
    0x02, 0x03, 0x02, 0xFF, 0xFE, 0xFD, 0xFF, 0x00, 0x02, 0x01, 0x00, 0xFD, 
    0xFD, 0xFE, 0xFE, 0xFF, 0xFE, 0xFF, 0xFE, 0xFF, 0xFF, 0x00, 0x01, 0x01, 
    0x01, 0x01, 0x01, 0x00, 0x01, 0x01, 0x00, 0x00, 0xFF, 0xFF, 0xFF, 0x00, 
    0xFF, 0x00, 0x01, 0xFF, 0xFF, 0xFD, 0xFE, 0xFE, 0x00, 0x01, 0x00, 0x00, 
    0xFE, 0x00, 0x00, 0x01, 0x00, 0xFF, 0xFF, 0xFF, 0xFF, 0xFF, 0x00, 0x00, 
    0x00, 0x00, 0xFF, 0xFF, 0xFF, 0xFF, 0xFF, 0xFF, 0x00, 0xFF, 0x00, 0x01, 
    0x00, 0x00, 0xFF, 0xFF, 0x00, 0x00, 0xFF, 0xFF, 0xFF, 0xFF, 0x01, 0xFF, 
    0xFF, 0xFF, 0xFF, 0xFF, 0x00, 0x00, 0x00, 0xFF, 0xFF, 0xFF, 0xFF, 0x01, 
    0x01, 0x01, 0x00, 0xFF, 0x00, 0xFF, 0x00, 0x00, 0xFF, 0xFE, 0xFD, 0xFE, 
    0xFF, 0x00, 0xFF, 0x00, 0xFF, 0xFF, 0xFF, 0xFF, 0x00, 0xFF, 0x00, 0x00, 
    0x00, 0x00, 0x01, 0x00, 0x00, 0xFF, 0x00, 0x00, 0x00, 0x00, 0x00, 0xFF, 
    0xFF, 0x00, 0xFF, 0xFF, 0xFF, 0xFE, 0xFE, 0xFF, 0xFF, 0xFF, 0xFF, 0xFF, 
    0x00, 0x00, 0x00, 0x00, 0x00, 0x00, 0x00, 0x01, 0x00, 0x00, 0x00, 0xFF, 
    0xFF, 0x00, 0x00, 0xFF, 0xFF, 0xFE, 0xFF, 0xFF, 0x00, 0x00, 0x00, 0x00, 
    0xFF, 0xFF, 0x00, 0x00, 0x01, 0x00, 0x00, 0xFF, 0xFF, 0x00, 0xFF, 0xFF, 
    0xFF, 0xFF, 0xFF, 0xFF, 0x00, 0xFF, 0xFF, 0xFF, 0xFF, 0x00, 0xFF, 0x00, 
    0x00, 0x00, 0xFF, 0x00, 0x00, 0x00, 0x00, 0x00, 0x00, 0xFF, 0xFF, 0xFF, 
    0xFF, 0x00, 0x00, 0x00, 0xFF, 0xFF, 0xFF, 0xFF, 0x00, 0x00, 0x00, 0x00, 
    0xFF, 0xFF, 0xFF, 0x01, 0x01, 0x00, 0xFF, 0xFE, 0xFE, 0xFF, 0x00, 0x00, 
    0x00, 0x00, 0xFF, 0xFF, 0xFF, 0xFF, 0x00, 0x00, 0xFF, 0xFF, 0xFF, 0x00, 
    0x00, 0x00, 0x00, 0x00, 0x00, 0x00, 0x00, 0x00, 0x00, 0x00, 0xFF, 0xFF, 
    0x00, 0xFF, 0xFF, 0xFF, 0xFF, 0x00, 0x00, 0xFF, 0xFF, 0xFF, 0xFF, 0xFF, 
    0xFF, 0x00, 0x00, 0xFF, 0xFF, 0xFF, 0x00, 0x00, 0xFF, 0xFF, 0xFF, 0xFF, 
    0x00, 0x01, 0x00, 0x00, 0xFF, 0xFF, 0xFF, 0x00, 0x00, 0x00, 0x00, 0x00, 
    0xFF, 0xFF, 0xFF, 0xFF, 0x00, 0xFF, 0xFF, 0xFF, 0xFF, 0xFF, 0xFF, 0xFF, 
    0x00, 0x00, 0x00, 0x00, 0x00, 0xFF, 0xFF, 0xFF, 0x00, 0x00, 0x00, 0x00, 
    0xFF, 0xFF, 0xFF, 0x00, 0x00, 0x00, 0x00, 0xFF, 0xFF, 0xFF, 0xFF, 0xFF, 
    0xFF, 0xFF, 0xFF, 0xFF, 0x00, 0x00, 0x00, 0x00, 0xFF, 0x00, 0x00, 0x00, 
    0x00, 0x00, 0x00, 0xFF, 0xFF, 0xFF, 0x00, 0x00, 0x00, 0x00, 0x00, 0x00, 
    0xFF, 0xFF, 0xFF, 0xFF, 0xFF, 0x00, 0x00, 0xFF, 0xFF, 0xFF, 0xFF, 0x00, 
    0x00, 0x00, 0x00, 0x00, 0xFF, 0xFF, 0x00, 0x00, 0x00, 0x00, 0x00, 0xFF, 
    0xFF, 0xFF, 0xFF, 0x00, 0x00, 0xFF, 0x00, 0xFF, 0xFF, 0x00, 0x00, 0xFF, 
    0xFF, 0x00, 0x00, 0x00, 0xFF, 0xFF, 0x00, 0xFF, 0x00, 0x00, 0xFF, 0x00, 
    0xFF, 0xFF, 0xFF, 0xFF, 0x00, 0x00, 0x00, 0x00, 0x00, 0x00, 0x00, 0x00, 
    0x00, 0x00, 0x00, 0xFF, 0x00, 0xFF, 0x00, 0xFF, 0xFF, 0x00, 0x00, 0xFF, 
    0xFF, 0xFF, 0xFF, 0xFF, 0xFF, 0xFF, 0xFF, 0xFF, 0xFE, 0x00, 0xFF, 0x04, 
    0x04, 0x01, 0xFF, 0xF9, 0xFA, 0xFD, 0x02, 0x03, 0x03, 0xFF, 0xFE, 0xFC, 
    0xFF, 0x01, 0x03, 0x02, 0x00, 0xFD, 0xFC, 0xFF, 0x00, 0x03, 0x02, 0x02, 
    0xFD, 0xFD, 0xFE, 0x00, 0x00, 0x00, 0x04, 0xFF, 0x00, 0xFC, 0xFD, 0x00, 
    0x00, 0x03, 0x00, 0xFF, 0xFD, 0xFE, 0x00, 0x02, 0x02, 0x00, 0xFD, 0xFE, 
    0xFF, 0x00, 0x01, 0x00, 0xFF, 0xFF, 0xFE, 0xFF, 0x00, 0x00, 0x00, 0xFE, 
    0xFF, 0xFF, 0xFF, 0x00, 0xFF, 0xFE, 0xFF, 0x00, 0x01, 0x01, 0x00, 0xFF, 
    0xFF, 0xFF, 0x01, 0x00, 0xFF, 0xFE, 0xFE, 0x00, 0xFF, 0x00, 0xFF, 0xFF, 
    0xFF, 0xFF, 0x00, 0x00, 0xFF, 0xFE, 0xFF, 0xFF, 0x01, 0x01, 0x00, 0x00, 
    0xFE, 0x00, 0x00, 0x00, 0xFF, 0xFF, 0xFF, 0xFF, 0x00, 0x00, 0x00, 0xFF, 
    0xFE, 0xFE, 0x00, 0xFF, 0x00, 0xFF, 0xFF, 0xFF, 0x00, 0x00, 0x00, 0x00, 
    0x00, 0xFF, 0x00, 0x00, 0x00, 0x01, 0xFF, 0xFF, 0xFE, 0xFF, 0xFF, 0x00, 
    0x00, 0xFF, 0xFF, 0xFE, 0xFF, 0xFF, 0x00, 0x00, 0x00, 0x00, 0xFF, 0x00, 
    0x00, 0x00, 0x00, 0x00, 0x00, 0x00, 0xFF, 0xFF, 0xFF, 0xFF, 0xFF, 0x00, 
    0xFF, 0xFF, 0xFE, 0xFF, 0xFF, 0x00, 0x01, 0x01, 0x00, 0xFF, 0xFF, 0x00, 
    0x01, 0x01, 0x00, 0xFF, 0xFF, 0xFF, 0xFF, 0x00, 0xFF, 0xFF, 0xFF, 0xFF, 
    0x00, 0x00, 0xFF, 0xFF, 0xFE, 0xFF, 0x00, 0x00, 0x00, 0xFF, 0x00, 0xFF, 
    0x00, 0x00, 0x01, 0x00, 0xFF, 0xFF, 0xFF, 0x00, 0x00, 0x00, 0xFF, 0xFF, 
    0xFF, 0xFF, 0x00, 0x00, 0x00, 0x00, 0x00, 0x00, 0xFF, 0x00, 0x00, 0x00, 
    0x00, 0xFF, 0x00, 0xFF, 0x00, 0x00, 0xFF, 0xFF, 0xFF, 0xFE, 0xFE, 0xFF, 
    0xFF, 0xFF, 0xFF, 0xFF, 0x00, 0x00, 0x00, 0x00, 0x00, 0xFF, 0xFF, 0x00, 
    0x00, 0x00, 0xFF, 0xFF, 0xFF, 0x00, 0x00, 0x00, 0x00, 0xFF, 0xFF, 0xFF, 
    0xFF, 0x00, 0xFF, 0xFF, 0xFF, 0xFF, 0xFF, 0x00, 0x00, 0x00, 0x00, 0xFF, 
    0xFF, 0xFF, 0xFF, 0xFF, 0x00, 0x00, 0x00, 0x00, 0xFF, 0xFF, 0x00, 0x00, 
    0x00, 0x00, 0x00, 0x00, 0x00, 0x00, 0x00, 0x00, 0x00, 0x00, 0x00, 0xFF, 
    0xFF, 0xFF, 0xFF, 0xFF, 0xFF, 0xFF, 0xFF, 0xFF, 0xFF, 0xFF, 0xFF, 0xFF, 
    0x00, 0xFF, 0x00, 0x00, 0x00, 0x00, 0x00, 0x00, 0x00, 0x00, 0x00, 0x00, 
    0xFF, 0x00, 0x00, 0x00, 0x00, 0x00, 0xFF, 0x00, 0xFF, 0x00, 0x00, 0x00, 
    0x00, 0x00, 0x00, 0x00, 0x00, 0x00, 0xFF, 0xFF, 0xFF, 0xFF, 0xFF, 0xFF, 
    0xFF, 0xFF, 0xFF, 0xFF, 0xFF, 0xFF, 0xFF, 0x00, 0x00, 0x00, 0x00, 0x00, 
    0x00, 0x00, 0x00, 0x00, 0x00, 0x00, 0x00, 0x00, 0x00, 0x00, 0x00, 0xFF, 
    0xFF, 0xFF, 0xFF, 0xFF, 0xFF, 0xFF, 0xFF, 0xFF, 0xFF, 0xFF, 0xFF, 0xFF, 
    0xFF, 0x00, 0x00, 0x00, 0x00, 0x00, 0xFF, 0x00, 0x00, 0x00, 0x00, 0x00, 
    0x00, 0xFF, 0xFF, 0xFF, 0xFF, 0xFF, 0xFF, 0xFF, 0xFF, 0xFF, 0x00, 0xFF, 
    0x00, 0xFF, 0xFF, 0xFF, 0x00, 0x00, 0x00, 0x00, 0x00, 0xFF, 0x00, 0x00, 
    0xFF, 0x00, 0xFF, 0x00, 0xFF, 0x00, 0x00, 0x00, 0xFF, 0xFF, 0xFF, 0xFF, 
    0x00, 0x00, 0x00, 0x00, 0x00, 0x00, 0x00, 0x00, 0x00, 0x00, 0x00, 0xFF, 
    0xFF, 0xFF, 0xFF, 0xFF, 0xFF, 0xFF, 0xFF, 0xFF, 0xFF, 0xFF, 0x00, 0x00, 
    0xFF, 0xFF, 0xFF, 0xFF, 0x00, 0x00, 0x00, 0xFF, 0xFF, 0xFF, 0xFF, 0x00, 
    0x00, 0x00, 0x00, 0x00, 0xFF, 0x00, 0x00, 0x00, 0x00, 0xFF, 0x00, 0xFF, 
    0x00, 0x00, 0x00, 0xFF, 0xFF, 0xFF, 0xFF, 0x00, 0x00, 0xFF, 0xFF, 0xFF, 
    0xFF, 0xFF, 0xFF, 0x00, 0xFF, 0x00, 0xFF, 0x00, 0x00, 0x00, 0x00, 0x00, 
    0x00, 0x00, 0x00, 0x00, 0x00, 0x00, 0x00, 0x00, 0xFF, 0xFF, 0xFF, 0xFF, 
    0xFF, 0x00, 0xFF, 0xFF, 0xFE, 0xFF, 0xFF, 0x00, 0x02, 0x00, 0x00, 0xFD, 
    0xFF, 0xFF, 0x01, 0x02, 0x00, 0xFF, 0xFE, 0xFF, 0x00, 0x01, 0x00, 0x00, 
    0xFF, 0xFE, 0xFF, 0x00, 0x00, 0x00, 0xFF, 0xFF, 0xFF, 0x00, 0x00, 0x00, 
    0x00, 0xFF, 0x00, 0xFF, 0xFF, 0xFF, 0xFF, 0x00, 0xFF, 0x00, 0xFF, 0x00, 
    0xFF, 0x00, 0x00, 0xFF, 0x00, 0xFF, 0x00, 0xFE, 0x00, 0xFF, 0xFF, 0xFF, 
    0xFE, 0xFF, 0xFF, 0x00, 0x00, 0x00, 0x00, 0x00, 0x01, 0x00, 0x01, 0x00, 
    0x00, 0x00, 0x00, 0x01, 0x00, 0x00, 0xFF, 0xFF, 0xFF, 0xFF, 0xFF, 0xFF, 
    0xFF, 0xFE, 0xFE, 0xFF, 0xFF, 0x00, 0xFF, 0xFF, 0xFF, 0xFF, 0x00, 0xFF, 
    0x00, 0xFF, 0xFF, 0xFF, 0x00, 0x00, 0x00, 0x00, 0xFF, 0xFF, 0xFF, 0x00, 
    0x00, 0x00, 0x00, 0xFF, 0x00, 0xFF, 0x00, 0x00, 0x00, 0x00, 0x00, 0xFF, 
    0xFF, 0x00, 0x00, 0xFF, 0xFF, 0xFF, 0x00, 0x00, 0x00, 0xFF, 0xFF, 0xFF, 
    0xFF, 0x00, 0x00, 0xFF, 0xFF, 0xFF, 0xFF, 0xFF, 0xFF, 0xFF, 0x00, 0xFF, 
    0x00, 0x00, 0x00, 0x00, 0x00, 0x00, 0x00, 0x00, 0x00, 0x00, 0xFF, 0xFF, 
    0x00, 0x00, 0x00, 0x00, 0x00, 0xFF, 0xFF, 0x00, 0x00, 0x00, 0xFF, 0xFF, 
    0xFF, 0xFF, 0x00, 0x00, 0x00, 0xFF, 0xFF, 0xFF, 0x00, 0x00, 0x00, 0x00, 
    0xFF, 0xFF, 0x00, 0x00, 0x00, 0x00, 0x00, 0xFF, 0x00, 0xFF, 0xFF, 0xFF, 
    0xFF, 0xFF, 0xFF, 0x00, 0x00, 0x00, 0x00, 0xFF, 0xFF, 0xFF, 0x00, 0x00, 
    0xFF, 0xFF, 0xFF, 0xFF, 0xFF, 0x00, 0xFF, 0xFF, 0xFF, 0xFF, 0x00, 0x00, 
    0xFF, 0x00, 0x00, 0x00, 0x00, 0x00, 0x00, 0x00, 0x00, 0x00, 0x00, 0xFF, 
    0x00, 0xFF, 0xFF, 0xFF, 0xFF, 0xFF, 0xFF, 0xFF, 0xFF, 0xFF, 0xFF, 0xFF, 
    0x00, 0xFF, 0x00, 0xFF, 0x00, 0x00, 0x00, 0x00, 0xFF, 0xFF, 0xFF, 0x00, 
    0x00, 0x00, 0xFF, 0xFF, 0xFF, 0xFF, 0xFF, 0xFF, 0xFF, 0xFF, 0xFF, 0xFF, 
    0xFF, 0x00, 0x00, 0x00, 0x00, 0x00, 0x00, 0x00, 0x00, 0x00, 0x00, 0x00, 
    0x00, 0x00, 0x00, 0xFF, 0x00, 0x00, 0x00, 0xFF, 0xFF, 0xFF, 0xFF, 0xFF, 
    0xFF, 0x00, 0xFF, 0xFF, 0xFF, 0xFF, 0x00, 0xFF, 0x00, 0x00, 0xFF, 0x00, 
    0xFF, 0x00, 0x00, 0x00, 0x00, 0x00, 0x00, 0x00, 0x00, 0x00, 0xFF, 0x00, 
    0xFF, 0xFF, 0x00, 0xFF, 0x00, 0x00, 0xFF, 0xFF, 0xFF, 0x00, 0x00, 0xFF, 
    0x00, 0xFF, 0xFF, 0xFF, 0x00, 0x00, 0x00, 0x00, 0x00, 0xFF, 0x00, 0x00, 
    0x00, 0x00, 0xFF, 0xFF, 0xFF, 0x00, 0x00, 0x00, 0x00, 0xFF, 0xFF, 0xFF, 
    0xFF, 0x00, 0xFF, 0xFF, 0xFF, 0xFF, 0x00, 0xFF, 0x00, 0x00, 0xFF, 0x00, 
    0xFF, 0x00, 0x00, 0x00, 0x00, 0x00, 0x00, 0x00, 0xFF, 0xFF, 0xFF, 0xFF, 
    0x00, 0xFF, 0x00, 0xFF, 0xFF, 0x00, 0xFF, 0x00, 0xFF, 0xFF, 0xFF, 0x00, 
    0x00, 0xFF, 0xFF, 0x00, 0x00, 0x00, 0x00, 0x00, 0x00, 0x00, 0xFF, 0x00, 
    0xFF, 0xFF, 0x00, 0xFF, 0xFF, 0xFF, 0xFF, 0x00, 0xFF, 0x00, 0x00, 0xFF, 
    0xFF, 0xFF, 0x00, 0x00, 0x00, 0x00, 0x00, 0xFF, 0x00, 0xFF, 0x00, 0x00, 
    0xFF, 0x00, 0xFF, 0xFF, 0xFF, 0xFF, 0xFF, 0xFF, 0x00, 0xFF, 0xFF, 0xFF, 
    0xFF, 0x00, 0x00, 0xFF, 0x00, 0xFF, 0xFF, 0x00, 0x00, 0x00, 0xFF, 0xFF, 
    0xFF, 0x00, 0x00, 0x00, 0x00, 0xFF, 0xFF, 0xFF, 0x00, 0x00, 0x00, 0x00, 
    0xFF, 0xFF, 0xFF, 0xFF, 0x00, 0x00, 0xFF, 0x00, 0xFF, 0x00, 0x00, 0x00, 
    0x00, 0xFF, 0x00, 0xFF, 0x00, 0x00, 0x00, 0xFF, 0xFF, 0xFF, 0x00, 0x00, 
    0xFF, 0xFF, 0xFF, 0xFF, 0x00, 0xFF, 0x00, 0x00, 0x00, 0x00, 0x00, 0x00, 
    0x00, 0x00, 0xFF, 0xFF, 0xFF, 0xFF, 0x00, 0xFF, 0x00, 0xFF, 0xFF, 0xFF, 
    0xFF, 0x00, 0xFF, 0xFF, 0xFF, 0xFF, 0x00, 0xFF, 0x00, 0x00, 0x00, 0x00, 
    0x00, 0x00, 0x00, 0x00, 0x00, 0x00, 0x00, 0x00, 0xFF, 0xFF, 0x00, 0x00, 
    0x00, 0xFF, 0xFF, 0xFF, 0xFF, 0xFF, 0xFF, 0xFF, 0xFF, 0xFF, 0x00, 0x00, 
    0x00, 0xFF, 0x00, 0xFF, 0xFF, 0x00, 0xFF, 0x00, 0xFF, 0xFF, 0xFF, 0xFF, 
    0x00, 0x00, 0x00, 0xFF, 0xFF, 0x00, 0x00, 0x00, 0x00, 0x00, 0x00, 0x00, 
    0xFF, 0x00, 0x00, 0x00, 0xFF, 0xFF, 0xFF, 0xFF, 0xFF, 0xFF, 0xFF, 0x00, 
    0xFF, 0xFF, 0xFF, 0xFF, 0x00, 0x00, 0xFF, 0x00, 0x00, 0xFF, 0xFF, 0x00, 
    0x00, 0x00, 0x00, 0xFF, 0xFF, 0xFF, 0x00, 0x00, 0xFF, 0xFF, 0xFF, 0x00, 
    0x00, 0x00, 0xFF, 0xFF, 0xFF, 0xFF, 0xFF, 0xFF, 0xFF, 0xFF, 0x00, 0x00, 
    0x00, 0x00, 0x00, 0x00, 0x00, 0x00, 0x00, 0x00, 0x00, 0x00, 0x00, 0x00, 
    0x00, 0x00, 0x00, 0x00, 0xFF, 0x00, 0x00, 0xFF, 0xFF, 0xFF, 0xFF, 0xFF, 
    0xFF, 0xFF, 0xFF, 0xFF, 0xFF, 0xFF, 0xFF, 0x00, 0x00, 0xFF, 0x00, 0x00, 
    0x00, 0x00, 0x00, 0x00, 0x00, 0x00, 0x00, 0x00, 0xFF, 0xFF, 0xFF, 0xFF, 
    0xFF, 0xFF, 0xFF, 0xFF, 0xFF, 0xFF, 0x00, 0xFF, 0xFF, 0xFF, 0x00, 0x00, 
    0x00, 0x00, 0x00, 0x00, 0x00, 0x00, 0x00, 0x00, 0xFF, 0x00, 0x00, 0x00, 
    0x00, 0xFF, 0xFF, 0xFF, 0x00, 0xFF, 0xFF, 0xFF, 0xFF, 0xFF, 0xFF, 0x00, 
    0x00, 0xFF, 0xFF, 0x00, 0x00, 0x00, 0x00, 0x00, 0xFF, 0x00, 0x00, 0x00, 
    0x00, 0xFF, 0xFF, 0xFF, 0x00, 0x00, 0x00, 0xFF, 0xFF, 0xFF, 0xFF, 0x00, 
    0x00, 0xFF, 0xFF, 0xFF, 0x00, 0x00, 0x00, 0x00, 0x00, 0x00, 0x00, 0x00, 
    0x00, 0x00, 0xFF, 0x00, 0x00, 0xFF, 0x00, 0xFF, 0xFF, 0xFF, 0x00, 0x00, 
    0x00, 0xFF, 0xFF, 0xFF, 0x00, 0xFF, 0x00, 0xFF, 0xFF, 0xFF, 0xFF, 0x00, 
    0x00, 0x00, 0xFF, 0x00, 0x00, 0x00, 0x00, 0xFF, 0xFF, 0xFF, 0x00, 0x00, 
    0x00, 0x00, 0xFF, 0xFF, 0xFF, 0x00, 0x00, 0xFF, 0xFF, 0xFF, 0x00, 0x00, 
    0x00, 0x00, 0x00, 0x00, 0xFF, 0x00, 0xFF, 0x00, 0xFF, 0xFF, 0x00, 0xFF, 
    0x00, 0xFF, 0x00, 0x00, 0x00, 0x00, 0xFF, 0xFF, 0xFF, 0xFF, 0xFF, 0xFF, 
    0xFF, 0xFF, 0xFF, 0xFF, 0xFF, 0xFF, 0xFF, 0x00, 0xFF, 0x00, 0x00, 0x00, 
    0x00, 0x00, 0x00, 0x00, 0x00, 0x00, 0x00, 0xFF, 0xFF, 0x00, 0xFF, 0x00, 
    0xFF, 0xFF, 0xFF, 0xFF, 0x00, 0xFF, 0xFF, 0xFF, 0xFF, 0xFF, 0xFF, 0x00, 
    0x00, 0x00, 0x00, 0x00, 0x00, 0x00, 0x00, 0x00, 0x00, 0x00, 0x00, 0xFF, 
    0x00, 0xFF, 0x00, 0xFF, 0xFF, 0xFF, 0xFF, 0xFF, 0xFF, 0xFF, 0xFF, 0xFF, 
    0xFF, 0xFF, 0xFF, 0xFF, 0x00, 0x00, 0xFF, 0x00, 0x00, 0x00, 0x00, 0x00, 
    0x00, 0xFF, 0x00, 0x00, 0x00, 0x00, 0x00, 0x00, 0xFF, 0xFF, 0x00, 0x00, 
    0xFF, 0x00, 0xFF, 0x00, 0x00, 0xFF, 0x00, 0xFF, 0xFF, 0xFF, 0xFF, 0xFF, 
    0xFF, 0x00, 0xFF, 0x00, 0xFF, 0x00, 0x00, 0x00, 0x00, 0x00, 0x00, 0x00, 
    0x00, 0x00, 0x00, 0x00, 0x00, 0x00, 0xFF, 0x00, 0xFF, 0xFF, 0xFF, 0xFF, 
    0xFF, 0xFF, 0xFF, 0xFF, 0xFF, 0xFF, 0xFF, 0xFF, 0xFF, 0x00, 0x00, 0x00, 
    0x00, 0x00, 0x00, 0x00, 0x00, 0x00, 0x00, 0x00, 0xFF, 0x00, 0xFF, 0x00, 
    0x00, 0xFF, 0x00, 0xFF, 0x00, 0xFF, 0xFF, 0xFF, 0xFF, 0xFF, 0xFF, 0xFF, 
    0xFF, 0xFF, 0xFF, 0xFF, 0x00, 0xFF, 0xFF, 0xFF, 0x00, 0x00, 0x00, 0x00, 
    0x00, 0x00, 0x00, 0x00, 0x00, 0x00, 0x00, 0x00, 0x00, 0x00, 0x00, 0x00, 
    0xFF, 0x00, 0xFF, 0x00, 0xFF, 0xFF, 0xFF, 0xFF, 0xFF, 0xFF, 0xFF, 0xFF, 
    0xFF, 0xFF, 0xFF, 0x00, 0x00, 0x00, 0x00, 0xFF, 0x00, 0x00, 0x00, 0x00, 
    0x00, 0x00, 0x00, 0x00, 0x00, 0x00, 0x00, 0xFF, 0x00, 0x00, 0x00, 0xFF, 
    0xFF, 0xFF, 0xFF, 0xFF, 0xFF, 0xFF, 0xFF, 0xFF, 0xFF, 0xFF, 0xFF, 0xFF, 
    0xFF, 0xFF, 0xFF, 0xFF, 0x00, 0x00, 0x00, 0x00, 0x00, 0x00, 0x00, 0x00, 
    0x00, 0x00, 0x00, 0x00, 0x00, 0x00, 0x00, 0x00, 0x00, 0x00, 0x00, 0x00, 
    0x00, 0xFF, 0xFF, 0xFF, 0xFF, 0xFF, 0xFF, 0xFF, 0xFF, 0xFF, 0xFF, 0x00, 
    0x00, 0x00, 0xFF, 0xFF, 0xFF, 0xFF, 0xFF, 0x00, 0x00, 0x00, 0x00, 0x00, 
    0x00, 0x00, 0x00, 0x00, 0x00, 0xFF, 0x00, 0xFF, 0xFF, 0x00, 0x00, 0x00, 
    0xFF, 0xFF, 0x00, 0x00, 0x00, 0xFF, 0xFF, 0xFF, 0xFF, 0xFF, 0xFF, 0xFF, 
    0xFF, 0xFF, 0xFF, 0xFF, 0xFF, 0x00, 0x00, 0x00, 0x00, 0x00, 0x00, 0x00, 
    0x00, 0x00, 0x00, 0x00, 0xFF, 0xFF, 0x00, 0xFF, 0x00, 0xFF, 0xFF, 0xFF, 
    0xFF, 0xFF, 0xFF, 0xFF, 0xFF, 0xFF, 0xFF, 0xFF, 0xFF, 0xFF, 0x00, 0x00, 
    0x00, 0x00, 0x00, 0x00, 0x00, 0x00, 0x00, 0x00, 0x00, 0x00, 0x00, 0x00, 
    0x00, 0x00, 0xFF, 0xFF, 0xFF, 0xFF, 0xFF, 0xFF, 0xFF, 0xFF, 0xFF, 0xFF, 
    0xFF, 0xFF, 0xFF, 0xFF, 0xFF, 0xFF, 0xFF, 0xFF, 0xFF, 0x00, 0x00, 0x00, 
    0x00, 0x00, 0x00, 0x00, 0x00, 0x00, 0x00, 0x00, 0xFF, 0xFF, 0xFF, 0xFF, 
    0x00, 0xFF, 0xFF, 0xFF, 0xFF, 0xFF, 0xFF, 0x00, 0xFF, 0xFF, 0xFF, 0xFF, 
    0x00, 0xFF, 0xFF, 0xFF, 0xFF, 0x00, 0xFF, 0x00, 0x00, 0x00, 0x00, 0x00, 
    0x00, 0x00, 0x00, 0x00, 0x00, 0x00, 0x00, 0xFF, 0x00, 0x00, 0x00, 0x00, 
    0xFF, 0x00, 0xFF, 0xFF, 0xFF, 0xFF, 0xFF, 0xFF, 0xFF, 0xFF, 0xFF, 0xFF, 
    0xFF, 0xFF, 0xFF, 0x00, 0xFF, 0xFF, 0x00, 0xFF, 0x00, 0xFF, 0xFF, 0xFF, 
    0xFF, 0x00, 0x00, 0x00, 0x00, 0x00, 0x00, 0x00, 0x00, 0x00, 0x00, 0x00, 
    0x00, 0xFF, 0xFF, 0xFF, 0xFF, 0x00, 0xFF, 0xFF, 0xFF, 0xFF, 0xFF, 0xFF, 
    0x00, 0x00, 0xFF, 0x00, 0x00, 0x00, 0x00, 0x00, 0x00, 0xFF, 0x00, 0x00, 
    0x00, 0x00, 0x00, 0x00, 0x00, 0x00, 0x00, 0x00, 0xFF, 0xFF, 0xFF, 0xFF, 
    0xFF, 0xFF, 0xFF, 0xFF, 0x00, 0xFF, 0xFF, 0xFF, 0xFF, 0xFF, 0xFF, 0xFF, 
    0xFF, 0xFF, 0xFF, 0xFF, 0xFF, 0x00, 0x00, 0x00, 0x00, 0x00, 0x00, 0x00, 
    0x00, 0x00, 0x00, 0x00, 0x00, 0x00, 0x00, 0x00, 0xFF, 0xFF, 0xFF, 0xFF, 
    0xFF, 0xFF, 0xFF, 0xFF, 0xFF, 0xFF, 0xFF, 0xFF, 0xFF, 0xFF, 0xFF, 0xFF, 
    0xFF, 0x00, 0x00, 0x00, 0x00, 0x00, 0x00, 0x00, 0x00, 0x00, 0x00, 0x00, 
    0x00, 0x00, 0x00, 0x00, 0x00, 0xFF, 0x00, 0xFF, 0xFF, 0xFF, 0xFF, 0xFF, 
    0xFF, 0xFF, 0xFF, 0xFF, 0xFF, 0xFF, 0xFF, 0xFF, 0xFF, 0x00, 0x00, 0x00, 
    0x00, 0x00, 0x00, 0x00, 0x00, 0x00, 0x00, 0x00, 0x00, 0x00, 0x00, 0x00, 
    0x00, 0x00, 0xFF, 0xFF, 0xFF, 0xFF, 0xFF, 0xFF, 0xFF, 0xFF, 0xFF, 0xFF, 
    0xFF, 0xFF, 0xFF, 0xFF, 0xFF, 0xFF, 0xFF, 0xFF, 0xFF, 0x00, 0x00, 0x00, 
    0x00, 0xFF, 0x00, 0x00, 0x00, 0x00, 0xFF, 0x00, 0x00, 0x00, 0x00, 0x00, 
    0xFF, 0xFF, 0x00, 0xFF, 0x00, 0xFF, 0xFF, 0xFF, 0xFF, 0xFF, 0xFF, 0xFF, 
    0xFF, 0xFF, 0x00, 0x00, 0x00, 0xFF, 0x00, 0x00, 0x00, 0x00, 0x00, 0x00, 
    0x00, 0x00, 0x00, 0x00, 0x00, 0x00, 0x00, 0x00, 0x00, 0x00, 0x00, 0xFF, 
    0xFF, 0xFF, 0xFF, 0xFF, 0xFF, 0xFF, 0xFF, 0xFF, 0xFF, 0xFF, 0xFF, 0xFF, 
    0xFF, 0xFF, 0xFF, 0x00, 0xFF, 0x00, 0x00, 0x00, 0x00, 0xFF, 0x00, 0x00, 
    0x00, 0x00, 0x00, 0x00, 0x00, 0x00, 0x00, 0x00, 0x00, 0x00, 0x00, 0x00, 
    0x00, 0x00, 0x00, 0xFF, 0xFF, 0xFF, 0xFF, 0xFF, 0xFF, 0xFF, 0xFF, 0xFF, 
    0xFF, 0xFF, 0xFF, 0xFF, 0x00, 0x00, 0x00, 0x00, 0x00, 0x00, 0x00, 0x00, 
    0x00, 0x00, 0x00, 0x00, 0x00, 0xFF, 0xFF, 0xFF, 0xFF, 0xFF, 0xFF, 0x00, 
    0xFF, 0xFF, 0xFF, 0xFF, 0x00, 0x00, 0x00, 0xFF, 0x00, 0x00, 0x00, 0x00, 
    0x00, 0x00, 0x00, 0x00, 0x00, 0x00, 0x00, 0x00, 0x00, 0x00, 0x00, 0x00, 
    0xFF, 0xFF, 0xFF, 0xFF, 0xFF, 0xFF, 0xFF, 0xFF, 0xFF, 0xFF, 0xFF, 0xFF, 
    0xFF, 0xFF, 0xFF, 0xFF, 0xFF, 0xFF, 0x00, 0x00, 0x00, 0x00, 0x00, 0x00, 
    0x00, 0x00, 0x00, 0x00, 0x00, 0x00, 0x00, 0xFF, 0xFF, 0xFF, 0xFF, 0xFF, 
    0xFF, 0xFF, 0xFF, 0xFF, 0xFF, 0xFF, 0xFF, 0xFF, 0xFF, 0xFF, 0x00, 0x00, 
    0x00, 0x00, 0x00, 0x00, 0x00, 0x00, 0x00, 0x00, 0x00, 0x00, 0x00, 0x00, 
    0x00, 0x00, 0x00, 0x00, 0x00, 0xFF, 0xFF, 0xFF, 0xFF, 0xFF, 0xFF, 0xFF, 
    0xFF, 0xFF, 0xFF, 0xFF, 0xFF, 0xFF, 0xFF, 0xFF, 0x00, 0x00, 0x00, 0x00, 
    0x00, 0x00, 0x00, 0xFF, 0xFF, 0xFF, 0xFF, 0xFF, 0xFF, 0xFF, 0xFF, 0x00, 
    0xFF, 0x00, 0x00, 0x00, 0x00, 0x00, 0x00, 0x00, 0x00, 0x00, 0x00, 0x00, 
    0xFF, 0xFF, 0xFF, 0xFF, 0x00, 0x00, 0x00, 0xFF, 0xFF, 0x00, 0x00, 0x00, 
    0x00, 0xFF, 0xFF, 0x00, 0x00, 0x00, 0xFF, 0xFF, 0xFF, 0xFF, 0x00, 0x00, 
    0xFF, 0xFF, 0xFF, 0x00, 0x00, 0x00, 0x00, 0xFF, 0xFF, 0x00, 0x00, 0x00, 
    0x00, 0x00, 0x00, 0x00, 0xFF, 0xFF, 0xFF, 0xFF, 0xFF, 0xFF, 0xFF, 0xFF, 
    0xFF, 0xFF, 0xFF, 0xFF, 0xFF, 0x00, 0x00, 0x00, 0x00, 0xFF, 0xFF, 0x00, 
    0x00, 0x00, 0x00, 0x00, 0x00, 0x00, 0x00, 0xFF, 0xFF, 0xFF, 0x00, 0xFF, 
    0xFF, 0xFF, 0xFF, 0x00, 0x00, 0x00, 0xFF, 0xFF, 0xFF, 0xFF, 0xFF, 0xFF, 
    0x00, 0x00, 0x00, 0x00, 0x00, 0x00, 0x00, 0x00, 0x00, 0x00, 0x00, 0x00, 
    0x00, 0x00, 0xFF, 0xFF, 0xFF, 0xFF, 0xFF, 0xFF, 0xFF, 0xFF, 0xFF, 0xFF, 
    0xFF, 0xFF, 0xFF, 0xFF, 0x00, 0x00, 0x00, 0x00, 0x00, 0x00, 0x00, 0x00, 
    0x00, 0x00, 0x00, 0x00, 0x00, 0x00, 0x00, 0x00, 0x00, 0xFF, 0xFF, 0xFF, 
    0xFF, 0xFF, 0xFF, 0xFF, 0xFF, 0xFF, 0xFF, 0xFF, 0xFF, 0xFF, 0xFF, 0xFF, 
    0xFF, 0x00, 0xFF, 0x00, 0x00, 0x00, 0x00, 0x00, 0x00, 0x00, 0x00, 0x00, 
    0x00, 0x00, 0x00, 0x00, 0x00, 0x00, 0x00, 0x00, 0xFF, 0xFF, 0xFF, 0xFF, 
    0xFF, 0xFF, 0xFF, 0xFF, 0xFF, 0xFF, 0xFF, 0xFF, 0xFF, 0xFF, 0xFF, 0xFF, 
    0x00, 0x00, 0x00, 0x00, 0x00, 0x00, 0x00, 0x00, 0x00, 0x00, 0x00, 0x00, 
    0x00, 0x00, 0x00, 0x00, 0xFF, 0xFF, 0xFF, 0xFF, 0xFF, 0xFF, 0xFF, 0xFF, 
    0xFF, 0xFF, 0xFF, 0xFF, 0xFF, 0xFF, 0xFF, 0xFF, 0xFF, 0xFF, 0xFF, 0x00, 
    0xFF, 0x00, 0x00, 0x00, 0x00, 0x00, 0x00, 0x00, 0x00, 0x00, 0x00, 0x00, 
    0x00, 0x00, 0x00, 0x00, 0x00, 0x00, 0xFF, 0x00, 0xFF, 0xFF, 0xFF, 0xFF, 
    0xFF, 0xFF, 0xFF, 0xFF, 0xFF, 0xFF, 0xFF, 0xFF, 0xFF, 0xFF, 0xFF, 0x00, 
    0x00, 0x00, 0x00, 0x00, 0x00, 0x00, 0x00, 0x00, 0x00, 0x00, 0x00, 0x00, 
    0x00, 0x00, 0xFF, 0xFF, 0xFF, 0xFF, 0xFF, 0xFF, 0xFF, 0xFF, 0xFF, 0xFF, 
    0xFF, 0xFF, 0xFF, 0xFF, 0xFF, 0xFF, 0xFF, 0xFF, 0xFF, 0x00, 0x00, 0x00, 
    0x00, 0x00, 0x00, 0x00, 0x00, 0x00, 0x00, 0x00, 0x00, 0x00, 0x00, 0x00, 
    0xFF, 0xFF, 0xFF, 0xFF, 0xFF, 0xFF, 0xFF, 0xFF, 0xFF, 0xFF, 0xFF, 0xFF, 
    0xFF, 0xFF, 0xFF, 0xFF, 0x00, 0x00, 0x00, 0x00, 0x00, 0x00, 0x00, 0x00, 
    0x00, 0x00, 0x00, 0x00, 0x00, 0x00, 0x00, 0x00, 0x00, 0x00, 0xFF, 0xFF, 
    0xFF, 0xFF, 0xFF, 0xFF, 0xFF, 0xFF, 0xFF, 0xFF, 0xFF, 0xFF, 0xFF, 0xFF, 
    0xFF, 0xFF, 0xFF, 0xFF, 0xFF, 0x00, 0x00, 0x00, 0x00, 0x00, 0x00, 0x00, 
    0x00, 0x00, 0x00, 0x00, 0x00, 0x00, 0xFF, 0xFF, 0xFF, 0xFF, 0xFF, 0xFF, 
    0xFF, 0xFF, 0xFF, 0xFF, 0xFF, 0xFF, 0xFF, 0x00, 0x00, 0x00, 0x00, 0x00, 
    0x00, 0x00, 0x00, 0x00, 0xFF, 0xFF, 0x00, 0xFF, 0xFF, 0x00, 0x00, 0x00, 
    0x00, 0x00, 0x00, 0x00, 0x00, 0x00, 0x00, 0xFF, 0xFF, 0xFF, 0xFF, 0xFF, 
    0xFF, 0xFF, 0xFF, 0xFF, 0xFF, 0x00, 0xFF, 0xFF, 0xFF, 0xFF, 0x00, 0x00, 
    0xFF, 0xFF, 0x00, 0x00, 0x00, 0x00, 0x00, 0x00, 0x00, 0x00, 0x00, 0x00, 
    0x00, 0xFF, 0xFF, 0xFF, 0xFF, 0xFF, 0xFF, 0xFF, 0xFF, 0xFF, 0xFF, 0xFF, 
    0xFF, 0xFF, 0xFF, 0xFF, 0x00, 0x00, 0x00, 0x00, 0x00, 0x00, 0x00, 0x00, 
    0x00, 0x00, 0x00, 0x00, 0x00, 0x00, 0x00, 0xFF, 0xFF, 0xFF, 0xFF, 0xFF, 
    0xFF, 0xFF, 0xFF, 0xFF, 0xFF, 0xFF, 0xFF, 0xFF, 0xFF, 0x00, 0x00, 0x00, 
    0x00, 0x00, 0x00, 0x00, 0x00, 0x00, 0xFF, 0xFF, 0xFF, 0xFF, 0xFF, 0xFF, 
    0xFF, 0x00, 0xFF, 0x00, 0x00, 0x00, 0x00, 0x00, 0x00, 0x00, 0x00, 0x00, 
    0x00, 0x00, 0xFF, 0xFF, 0xFF, 0xFF, 0xFF, 0xFF, 0xFF, 0xFF, 0xFF, 0xFF, 
    0xFF, 0xFF, 0xFF, 0xFF, 0xFF, 0xFF, 0x00, 0x00, 0x00, 0x00, 0x00, 0x00, 
    0x01, 0x01, 0x01, 0x00, 0x00, 0x00, 0x00, 0x00, 0x00, 0x00, 0xFF, 0xFF, 
    0xFF, 0xFF, 0xFF, 0xFF, 0xFF, 0xFF, 0xFF, 0xFF, 0xFF, 0xFF, 0xFF, 0xFF, 
    0x00, 0x00, 0x00, 0x00, 0x00, 0x00, 0x00, 0x00, 0x00, 0x00, 0x00, 0x00, 
    0x00, 0x00, 0xFF, 0xFF, 0xFF, 0xFF, 0xFF, 0xFF, 0xFF, 0xFF, 0xFF, 0xFF, 
    0xFF, 0xFF, 0xFF, 0xFF, 0xFF, 0xFF, 0x00, 0x00, 0x00, 0x00, 0x00, 0x00, 
    0x00, 0x00, 0x00, 0x00, 0x00, 0x00, 0x00, 0x00, 0x00, 0x00, 0x00, 0x00, 
    0x00, 0x00, 0xFF, 0xFF, 0xFF, 0x00, 0x00, 0xFF, 0xFF, 0xFF, 0x00, 0x00, 
    0x00, 0x00, 0x00, 0xFF, 0xFF, 0xFF, 0xFF, 0xFF, 0xFF, 0xFF, 0xFF, 0xFF, 
    0xFF, 0xFF, 0xFF, 0xFF, 0xFF, 0xFF, 0x00, 0x00, 0x00, 0x00, 0x00, 0x00, 
    0x00, 0x00, 0x00, 0x00, 0x00, 0x00, 0xFF, 0xFF, 0xFF, 0xFF, 0xFF, 0xFF, 
    0xFF, 0xFF, 0xFF, 0xFF, 0xFF, 0xFF, 0xFF, 0xFF, 0xFF, 0xFF, 0xFF, 0x00, 
    0x00, 0x00, 0x00, 0x00, 0x00, 0x00, 0x00, 0x00, 0x00, 0x00, 0x00, 0x00, 
    0x00, 0x00, 0x00, 0xFF, 0xFF, 0xFF, 0xFF, 0xFF, 0xFF, 0xFF, 0xFF, 0xFF, 
    0xFF, 0xFF, 0xFF, 0xFF, 0xFF, 0xFF, 0xFF, 0x00, 0x00, 0x00, 0x00, 0x00, 
    0x00, 0x00, 0x00, 0x00, 0x00, 0x00, 0x00, 0x00, 0x00, 0x00, 0x00, 0x00, 
    0x00, 0x00, 0x00, 0xFF, 0xFF, 0xFF, 0xFF, 0xFF, 0xFF, 0xFF, 0xFF, 0xFF, 
    0xFF, 0xFF, 0xFF, 0xFF, 0xFF, 0xFF, 0xFF, 0x00, 0x00, 0x00, 0x00, 0x00, 
    0x00, 0x00, 0x00, 0x00, 0x00, 0x00, 0x00, 0xFF, 0xFF, 0xFF, 0xFF, 0xFF, 
    0xFF, 0xFF, 0xFF, 0xFF, 0xFF, 0xFF, 0xFF, 0xFF, 0xFF, 0xFF, 0xFF, 0x00, 
    0x00, 0x00, 0x00, 0x00, 0x00, 0x00, 0x00, 0x00, 0x00, 0x00, 0x00, 0x00, 
    0x00, 0x00, 0x00, 0x00, 0x00, 0xFF, 0xFF, 0xFF, 0xFF, 0xFF, 0xFF, 0xFF, 
    0xFF, 0xFF, 0xFF, 0xFF, 0xFF, 0xFF, 0xFF, 0xFF, 0xFF, 0x00, 0x00, 0x00, 
    0x00, 0x00, 0x00, 0x00, 0x00, 0x00, 0x00, 0x00, 0x00, 0x00, 0x00, 0x00, 
    0x00, 0x00, 0xFF, 0xFF, 0xFF, 0xFF, 0xFF, 0xFF, 0xFF, 0xFF, 0xFF, 0xFF, 
    0xFF, 0xFF, 0xFF, 0xFF, 0xFF, 0xFF, 0xFF, 0x00, 0x00, 0x00, 0x00, 0x00, 
    0x00, 0x00, 0x00, 0x00, 0x00, 0x00, 0x00, 0x00, 0x00, 0x00, 0x00, 0x00, 
    0xFF, 0xFF, 0xFF, 0xFF, 0xFF, 0xFF, 0xFF, 0xFF, 0xFF, 0xFF, 0xFF, 0x00, 
    0x00, 0x00, 0x00, 0x00, 0x00, 0x00, 0x00, 0x00, 0x00, 0x00, 0x00, 0x00, 
    0x00, 0x00, 0x00, 0x00, 0x00, 0x00, 0x00, 0x00, 0xFF, 0xFF, 0xFF, 0xFF, 
    0xFF, 0xFF, 0xFF, 0xFF, 0xFF, 0xFF, 0xFF, 0xFF, 0xFF, 0xFF, 0xFF, 0xFF, 
    0xFF, 0x00, 0x00, 0x00, 0x00, 0x00, 0x00, 0x00, 0x00, 0x00, 0x00, 0x00, 
    0x00, 0x00, 0x00, 0x00, 0xFF, 0xFF, 0xFF, 0xFF, 0xFF, 0xFF, 0xFF, 0xFF, 
    0xFF, 0xFF, 0xFF, 0xFF, 0xFF, 0xFF, 0xFF, 0xFF, 0xFF, 0x00, 0x00, 0x00, 
    0x00, 0x00, 0x00, 0x00, 0x00, 0x00, 0x00, 0x00, 0x00, 0x00, 0x00, 0x00, 
    0x00, 0x00, 0x00, 0x00, 0x00, 0xFF, 0xFF, 0xFF, 0xFF, 0xFF, 0xFF, 0xFF, 
    0xFF, 0xFF, 0xFF, 0xFF, 0xFF, 0xFF, 0xFF, 0xFF, 0xFF, 0xFF, 0x00, 0x00, 
    0x00, 0x00, 0x00, 0x00, 0x00, 0x00, 0x00, 0x00, 0x00, 0x00, 0x00, 0x00, 
    0xFF, 0xFF, 0xFF, 0xFF, 0xFF, 0xFF, 0xFF, 0xFF, 0xFF, 0xFF, 0xFF, 0xFF, 
    0xFF, 0xFF, 0xFF, 0xFF, 0x00, 0x00, 0x00, 0x00, 0x00, 0x00, 0x00, 0x01, 
    0x01, 0x01, 0x01, 0x00, 0x00, 0x00, 0x00, 0x00, 0x00, 0xFF, 0xFF, 0xFF, 
    0xFF, 0xFF, 0xFE, 0xFF, 0xFF, 0xFF, 0xFF, 0xFF, 0xFF, 0xFF, 0xFF, 0xFF, 
    0x00, 0x00, 0x00, 0x00, 0x01, 0x01, 0x00, 0x00, 0x00, 0x00, 0x00, 0x00, 
    0x00, 0xFF, 0xFF, 0xFF, 0xFF, 0xFF, 0xFF, 0xFF, 0xFF, 0xFF, 0xFF, 0xFF, 
    0xFF, 0xFF, 0xFF, 0xFF, 0xFF, 0xFF, 0x00, 0x00, 0x00, 0x00, 0x00, 0x00, 
    0x00, 0x00, 0x00, 0x00, 0x00, 0x00, 0x00, 0x00, 0xFF, 0x00, 0x00, 0x00, 
    0x00, 0x00, 0x00, 0x00, 0x00, 0x00, 0x00, 0x00, 0x00, 0xFF, 0xFF, 0xFF, 
    0xFF, 0xFF, 0xFF, 0xFF, 0xFF, 0xFF, 0xFF, 0xFF, 0xFF, 0xFF, 0xFF, 0x00, 
    0x00, 0x00, 0x00, 0x00, 0x00, 0x00, 0x00, 0x00, 0x00, 0x00, 0x00, 0x00, 
    0x00, 0x00, 0x00, 0x00, 0x00, 0xFF, 0xFF, 0xFF, 0xFF, 0xFF, 0xFF, 0xFF, 
    0xFF, 0xFF, 0xFF, 0xFF, 0xFF, 0xFF, 0xFF, 0xFF, 0xFF, 0xFF, 0xFF, 0xFF, 
    0x00, 0x00, 0x00, 0x00, 0x00, 0x00, 0x00, 0x00, 0x00, 0x00, 0x00, 0x00, 
    0x00, 0x00, 0x00, 0x00, 0x00, 0x00, 0x00, 0x00, 0xFF, 0xFF, 0xFF, 0xFF, 
    0xFF, 0xFF, 0xFF, 0xFF, 0xFF, 0xFF, 0xFF, 0xFF, 0x00, 0x00, 0x00, 0x00, 
    0x00, 0x00, 0x00, 0x00, 0x00, 0x00, 0x00, 0x00, 0x00, 0x00, 0x00, 0x00, 
    0x00, 0x00, 0xFF, 0xFF, 0xFF, 0xFF, 0xFF, 0xFF, 0xFF, 0xFF, 0xFF, 0xFF, 
    0xFF, 0xFF, 0xFF, 0xFF, 0x00, 0x00, 0x00, 0x00, 0x00, 0x00, 0xFF, 0xFF, 
    0xFF, 0xFF, 0xFF, 0xFF, 0xFF, 0xFF, 0xFF, 0xFF, 0x00, 0x00, 0x00, 0x00, 
    0x00, 0x00, 0x00, 0x00, 0x00, 0x00, 0x00, 0xFF, 0xFF, 0xFF, 0xFF, 0xFF, 
    0xFF, 0xFF, 0xFF, 0xFF, 0xFF, 0xFF, 0x00, 0x00, 0x00, 0x00, 0x00, 0x00, 
    0x00, 0x00, 0x00, 0x00, 0x00, 0x00, 0x00, 0x00, 0x00, 0x00, 0x00, 0xFF, 
    0xFF, 0xFF, 0xFF, 0xFF, 0xFF, 0xFF, 0xFF, 0xFF, 0xFF, 0xFF, 0xFF, 0xFF, 
    0xFF, 0x00, 0x00, 0x00, 0x00, 0x00, 0x00, 0xFF, 0xFF, 0xFF, 0xFF, 0xFF, 
    0xFF, 0xFF, 0xFF, 0xFF, 0xFF, 0xFF, 0xFF, 0x00, 0x00, 0x00, 0x00, 0x00, 
    0xFF, 0xFF, 0xFF, 0xFF, 0xFF, 0xFF, 0xFF, 0xFF, 0xFF, 0xFF, 0xFF, 0xFF, 
    0xFF, 0x00, 0x00, 0x00, 0x00, 0x00, 0x00, 0x00, 0x00, 0x00, 0x00, 0x00, 
    0x00, 0x00, 0x00, 0xFF, 0xFF, 0xFF, 0xFF, 0xFF, 0xFF, 0xFF, 0xFF, 0xFF, 
    0xFF, 0xFF, 0xFF, 0xFF, 0xFF, 0xFF, 0x00, 0x00, 0x00, 0x00, 0x00, 0x00, 
    0x00, 0x00, 0x00, 0x00, 0x00, 0x00, 0x00, 0x00, 0x00, 0x00, 0x00, 0xFF, 
    0xFF, 0xFF, 0xFF, 0xFF, 0xFF, 0xFF, 0xFF, 0xFF, 0xFF, 0xFF, 0xFF, 0xFF, 
    0xFF, 0xFF, 0xFF, 0xFF, 0xFF, 0xFF, 0xFF, 0xFF, 0xFF, 0xFF, 0xFF, 0xFF, 
    0xFF, 0xFF, 0x00, 0x00, 0x00, 0x00, 0x00, 0x00, 0x00, 0x00, 0x00, 0x00, 
    0x00, 0x00, 0x00, 0xFF, 0xFF, 0xFF, 0xFF, 0xFF, 0xFF, 0xFF, 0xFF, 0xFF, 
    0xFF, 0xFF, 0xFF, 0xFF, 0xFF, 0xFF, 0xFF, 0xFF, 0x00, 0x00, 0x00, 0x00, 
    0x00, 0x00, 0x00, 0x00, 0x00, 0x00, 0x00, 0x00, 0x00, 0x00, 0xFF, 0xFF, 
    0xFF, 0xFF, 0xFF, 0xFF, 0xFF, 0xFF, 0xFF, 0xFF, 0xFF, 0xFF, 0xFF, 0xFF, 
    0x00, 0x00, 0x00, 0x00, 0x00, 0x00, 0x00, 0x00, 0x00, 0x00, 0xFF, 0xFF, 
    0xFF, 0x00, 0x00, 0x00, 0x00, 0x00, 0x00, 0x00, 0x00, 0x00, 0x00, 0x00, 
    0xFF, 0xFF, 0xFF, 0xFF, 0xFF, 0xFF, 0xFF, 0xFF, 0xFF, 0xFF, 0xFF, 0xFF, 
    0xFF, 0xFF, 0xFF, 0xFF, 0xFF, 0x00, 0x00, 0x00, 0x00, 0x00, 0x00, 0x00, 
    0x00, 0x00, 0x00, 0x00, 0x00, 0x00, 0x00, 0x00, 0x00, 0xFF, 0xFF, 0xFF, 
    0xFF, 0xFF, 0xFF, 0xFF, 0xFF, 0xFF, 0xFF, 0xFF, 0xFF, 0xFF, 0xFF, 0xFF, 
    0xFF, 0x00, 0x00, 0x00, 0x00, 0x00, 0x00, 0x00, 0x00, 0x00, 0x00, 0x00, 
    0x00, 0x00, 0x00, 0x00, 0x00, 0x00, 0x00, 0x00, 0xFF, 0xFF, 0xFF, 0xFF, 
    0xFF, 0xFF, 0xFF, 0xFF, 0xFF, 0xFF, 0xFF, 0xFF, 0xFF, 0xFF, 0xFF, 0x00, 
    0x00, 0x00, 0x00, 0x00, 0x00, 0x00, 0x00, 0x00, 0x00, 0x00, 0x00, 0x00, 
    0x00, 0x00, 0xFF, 0xFF, 0xFF, 0xFF, 0xFF, 0xFF, 0xFF, 0xFF, 0xFF, 0xFF, 
    0xFF, 0xFF, 0xFF, 0xFF, 0xFF, 0xFF, 0xFF, 0xFF, 0xFF, 0xFF, 0x00, 0x00, 
    0x00, 0x00, 0x00, 0x00, 0x00, 0x00, 0x00, 0x00, 0x00, 0x00, 0x00, 0x00, 
    0x00, 0x00, 0x00, 0xFF, 0xFF, 0xFF, 0xFF, 0xFF, 0xFF, 0xFF, 0xFF, 0xFF, 
    0xFF, 0xFF, 0xFF, 0xFF, 0xFF, 0xFF, 0x00, 0x00, 0x00, 0x00, 0x00, 0x00, 
    0x00, 0x00, 0x00, 0x00, 0x00, 0x00, 0x00, 0x00, 0x00, 0xFF, 0xFF, 0xFF, 
    0xFF, 0xFF, 0xFF, 0xFF, 0xFF, 0xFF, 0xFF, 0xFF, 0xFF, 0xFF, 0xFF, 0x00, 
    0x00, 0x00, 0x00, 0x00, 0x00, 0x00, 0x00, 0x00, 0x00, 0x00, 0x00, 0x00, 
    0x00, 0x00, 0x00, 0x00, 0x00, 0x00, 0x00, 0x00, 0x00, 0x00, 0xFF, 0xFF, 
    0xFF, 0xFF, 0xFF, 0xFF, 0xFF, 0xFF, 0xFF, 0xFF, 0xFF, 0xFF, 0xFF, 0xFF, 
    0x00, 0x00, 0x00, 0x00, 0x00, 0x00, 0x00, 0x00, 0x00, 0x00, 0x00, 0x00, 
    0x00, 0x00, 0x00, 0x00, 0x00, 0xFF, 0xFF, 0xFF, 0xFF, 0xFF, 0xFF, 0xFF, 
    0xFF, 0xFF, 0xFF, 0xFF, 0xFF, 0xFF, 0xFF, 0xFF, 0xFF, 0xFF, 0xFF, 0xFF, 
    0x00, 0x00, 0x00, 0x00, 0x00, 0x00, 0x00, 0x00, 0x00, 0x00, 0x00, 0x00, 
    0x00, 0x00, 0x00, 0x00, 0x00, 0x00, 0x00, 0x00, 0xFF, 0xFF, 0xFF, 0xFF, 
    0xFF, 0xFF, 0xFF, 0xFF, 0xFF, 0xFF, 0xFF, 0xFF, 0xFF, 0xFF, 0xFF, 0xFF, 
    0x00, 0x00, 0x00, 0x00, 0x00, 0x00, 0x00, 0x00, 0x00, 0x00, 0x00, 0x00, 
    0x00, 0x00, 0x00, 0xFF, 0xFF, 0xFF, 0xFF, 0xFF, 0xFF, 0xFF, 0xFF, 0xFF, 
    0xFF, 0xFF, 0xFF, 0xFF, 0xFF, 0xFF, 0xFF, 0x00, 0x00, 0x00, 0x00, 0x00, 
    0x00, 0x00, 0x00, 0x00, 0x00, 0x00, 0x00, 0x00, 0x00, 0x00, 0x00, 0xFF, 
    0xFF, 0xFF, 0xFF, 0xFF, 0xFF, 0xFF, 0xFF, 0xFF, 0xFF, 0xFF, 0xFF, 0xFF, 
    0x00, 0x00, 0x00, 0x00, 0x00, 0xFF, 0xFF, 0xFF, 0x00, 0x00, 0x00, 0x00, 
    0x00, 0x00, 0x00, 0x00, 0x00, 0x00, 0x00, 0x00, 0x00, 0x00, 0xFF, 0xFF, 
    0xFF, 0xFF, 0xFF, 0xFF, 0xFF, 0xFF, 0xFF, 0xFF, 0xFF, 0xFF, 0xFF, 0x00, 
    0x00, 0x00, 0x00, 0x00, 0x00, 0x00, 0x00, 0x00, 0x00, 0x00, 0x00, 0x00, 
    0x00, 0x00, 0x00, 0x00, 0x00, 0x00, 0xFF, 0xFF, 0xFF, 0xFF, 0xFF, 0xFF, 
    0xFF, 0xFF, 0xFF, 0xFF, 0xFF, 0xFF, 0xFF, 0xFF, 0xFF, 0xFF, 0xFF, 0xFF, 
    0xFF, 0xFF, 0x00, 0x00, 0x00, 0x00, 0x00, 0x00, 0x00, 0x00, 0x00, 0x00, 
    0x00, 0x00, 0x00, 0x00, 0xFF, 0xFF, 0xFF, 0xFF, 0xFF, 0xFF, 0xFF, 0xFF, 
    0xFF, 0xFF, 0xFF, 0xFF, 0xFF, 0xFF, 0xFF, 0x00, 0x00, 0x00, 0x00, 0x00, 
    0x00, 0x00, 0x00, 0xFF, 0x00, 0x00, 0x00, 0x00, 0x00, 0x00, 0x00, 0x00, 
    0x00, 0x00, 0x00, 0x00, 0x00, 0xFF, 0xFF, 0xFF, 0xFF, 0xFF, 0xFF, 0xFF, 
    0xFF, 0xFF, 0xFF, 0xFF, 0xFF, 0xFF, 0xFF, 0x00, 0x00, 0x00, 0x00, 0x00, 
    0x00, 0x00, 0x00, 0x00, 0x00, 0xFF, 0xFF, 0xFF, 0xFF, 0xFF, 0xFF, 0xFF, 
    0xFF, 0xFF, 0xFF, 0xFF, 0xFF, 0xFF, 0xFF, 0xFF, 0xFF, 0xFF, 0xFF, 0xFF, 
    0xFF, 0xFF, 0xFF, 0xFF, 0xFF, 0x00, 0x00, 0x00, 0x00, 0x00, 0x00, 0x00, 
    0x00, 0x00, 0x00, 0x00, 0x00, 0x00, 0x00, 0x00, 0x00, 0x00, 0x00, 0x00, 
    0xFF, 0xFF, 0xFF, 0xFF, 0xFF, 0xFF, 0xFF, 0xFF, 0xFF, 0xFF, 0xFF, 0xFF, 
    0x00, 0x00, 0x00, 0x00, 0x00, 0x00, 0x00, 0x00, 0x00, 0x00, 0x00, 0x00, 
    0x00, 0x00, 0x00, 0x00, 0x00, 0x00, 0x00, 0x00, 0x00, 0x00, 0xFF, 0xFF, 
    0xFF, 0xFF, 0xFF, 0xFF, 0xFF, 0xFF, 0xFF, 0xFF, 0xFF, 0xFF, 0xFF, 0xFF, 
    0xFF, 0xFF, 0xFF, 0xFF, 0xFF, 0x00, 0x00, 0x00, 0x00, 0x00, 0x00, 0x00, 
    0x00, 0x00, 0x00, 0x00, 0x00, 0x00, 0x00, 0xFF, 0xFF, 0x00, 0x00, 0xFF, 
    0xFF, 0xFF, 0xFF, 0xFF, 0xFF, 0xFF, 0xFF, 0xFF, 0xFF, 0xFF, 0xFF, 0xFF, 
    0xFF, 0x00, 0x00, 0x00, 0x00, 0x00, 0x00, 0x00, 0x00, 0x00, 0x00, 0x00, 
    0x00, 0x00, 0x00, 0x00, 0xFF, 0xFF, 0xFF, 0x00, 0x00, 0x00, 0xFF, 0xFF, 
    0xFF, 0xFF, 0xFF, 0xFF, 0xFF, 0xFF, 0xFF, 0xFF, 0xFF, 0xFF, 0xFF, 0xFF, 
    0xFF, 0x00, 0x00, 0x00, 0x00, 0x00, 0x00, 0x00, 0x00, 0x00, 0x00, 0x00, 
    0x00, 0x00, 0xFF, 0xFF, 0xFF, 0xFF, 0xFF, 0xFF, 0xFF, 0xFF, 0xFF, 0xFF, 
    0xFF, 0xFF, 0xFF, 0x00, 0x00, 0x00, 0x00, 0x00, 0x00, 0x00, 0x00, 0x00, 
    0x00, 0x00, 0x00, 0x00, 0x00, 0x00, 0x00, 0x00, 0x00, 0xFF, 0xFF, 0xFF, 
    0xFF, 0xFF, 0xFF, 0xFF, 0xFF, 0xFF, 0xFF, 0xFF, 0xFF, 0xFF, 0xFF, 0xFF, 
    0xFF, 0xFF, 0xFF, 0xFF, 0x00, 0x00, 0x00, 0x00, 0x01, 0x01, 0x01, 0x01, 
    0x01, 0x00, 0x00, 0x00, 0xFF, 0xFF, 0xFF, 0xFF, 0xFE, 0xFF, 0xFF, 0xFF, 
    0xFF, 0xFF, 0xFF, 0xFF, 0xFF, 0xFF, 0xFF, 0xFF, 0x00, 0x00, 0x00, 0x00, 
    0x00, 0x00, 0x00, 0x00, 0x00, 0x00, 0x00, 0x00, 0x00, 0x00, 0x00, 0x00, 
    0x00, 0x00, 0x00, 0x00, 0x00, 0x00, 0xFF, 0xFF, 0xFF, 0xFF, 0xFF, 0xFF, 
    0xFF, 0xFF, 0xFF, 0xFF, 0xFF, 0xFF, 0xFF, 0xFF, 0xFF, 0xFF, 0x00, 0x00, 
    0x00, 0x00, 0x00, 0x00, 0x00, 0x00, 0x00, 0x00, 0x00, 0x00, 0x00, 0x00, 
    0x00, 0x00, 0x00, 0x00, 0xFF, 0xFF, 0xFF, 0xFF, 0xFF, 0xFF, 0xFF, 0xFF, 
    0xFF, 0xFF, 0xFF, 0xFF, 0xFF, 0xFF, 0xFF, 0xFF, 0x00, 0x00, 0x00, 0x00, 
    0x00, 0x00, 0x00, 0x00, 0x00, 0x00, 0x00, 0x00, 0x00, 0x00, 0x00, 0x00, 
    0xFF, 0xFF, 0xFF, 0xFF, 0xFF, 0xFF, 0xFF, 0xFF, 0xFF, 0xFF, 0x00, 0x00, 
    0x00, 0x00, 0x00, 0x00, 0x00, 0x00, 0x00, 0x00, 0x00, 0x00, 0x00, 0x00, 
    0x00, 0x00, 0x00, 0x00, 0x00, 0x00, 0x00, 0x00, 0x00, 0x00, 0x00, 0x00, 
    0xFF, 0xFF, 0xFF, 0xFF, 0xFF, 0xFF, 0xFF, 0xFE, 0xFE, 0xFE, 0xFF, 0xFF, 
    0xFF, 0xFF, 0x00, 0x00, 0x00, 0x00, 0x00, 0x00, 0x00, 0x00, 0x00, 0x00, 
    0x00, 0xFF, 0xFF, 0xFF, 0xFF, 0xFF, 0xFF, 0xFF, 0x00, 0xFF, 0xFF, 0xFF, 
    0xFF, 0xFF, 0xFF, 0xFF, 0xFF, 0xFF, 0xFF, 0x00, 0x00, 0x00, 0x00, 0x00, 
    0x00, 0x00, 0x00, 0x00, 0x00, 0x00, 0x00, 0x00, 0x00, 0xFF, 0xFF, 0xFF, 
    0xFF, 0xFF, 0xFF, 0xFF, 0xFF, 0xFF, 0xFF, 0xFF, 0xFF, 0xFF, 0xFF, 0xFF, 
    0xFF, 0xFF, 0xFF, 0xFF, 0xFF, 0xFF, 0x00, 0x00, 0x00, 0x00, 0x00, 0x00, 
    0x00, 0x00, 0x00, 0x00, 0x00, 0xFF, 0xFF, 0x00, 0x00, 0xFF, 0xFF, 0xFF, 
    0x00, 0x00, 0x00, 0xFF, 0x00, 0xFF, 0xFF, 0xFF, 0xFF, 0xFF, 0xFF, 0xFF, 
    0xFF, 0xFF, 0xFF, 0xFF, 0xFF, 0xFF, 0x00, 0xFF, 0xFF, 0xFF, 0x00, 0x00, 
    0xFF, 0x00, 0x00, 0x00, 0x00, 0x00, 0x00, 0x00, 0x00, 0x00, 0x00, 0x00, 
    0x00, 0x00, 0x00, 0x00, 0x00, 0xFF, 0xFF, 0xFF, 0xFF, 0xFF, 0xFF, 0xFF, 
    0xFF, 0xFF, 0xFF, 0xFF, 0xFF, 0x00, 0xFF, 0xFF, 0x00, 0x00, 0x00, 0xFF, 
    0x00, 0x00, 0x00, 0x00, 0x01, 0x01, 0x00, 0x00, 0x00, 0x00, 0xFF, 0xFF, 
    0xFF, 0xFF, 0xFF, 0xFF, 0xFF, 0xFF, 0xFF, 0xFF, 0xFF, 0xFF, 0xFF, 0xFF, 
    0xFF, 0x00, 0x00, 0x00, 0xFF, 0xFF, 0x00, 0x00, 0x00, 0x00, 0x00, 0x00, 
    0x00, 0x00, 0x00, 0x00, 0x00, 0xFF, 0x00, 0x00, 0xFF, 0xFF, 0x00, 0x00, 
    0xFF, 0xFF, 0xFF, 0xFF, 0xFF, 0xFF, 0xFF, 0x00, 0xFF, 0xFF, 0xFF, 0xFF, 
    0xFF, 0xFF, 0xFF, 0xFF, 0xFF, 0x00, 0xFF, 0x00, 0x01, 0x00, 0x00, 0x00, 
    0x00, 0x00, 0x00, 0x00, 0x01, 0x00, 0x00, 0xFF, 0xFF, 0x00, 0xFF, 0xFF, 
    0xFF, 0xFF, 0xFF, 0xFF, 0x00, 0xFF, 0xFE, 0xFF, 0x00, 0xFF, 0xFF, 0xFF, 
    0xFF, 0xFF, 0x00, 0xFF, 0xFF, 0x01, 0x00, 0xFF, 0x00, 0x00, 0x00, 0x00, 
    0x00, 0x01, 0x00, 0xFF, 0x00, 0x00, 0xFF, 0x00, 0xFF, 0xFF, 0xFF, 0xFF, 
    0xFF, 0xFF, 0xFF, 0xFF, 0xFF, 0xFF, 0xFF, 0xFF, 0xFF, 0xFF, 0x00, 0x00, 
    0x00, 0xFF, 0xFF, 0x01, 0xFF, 0x00, 0x00, 0x00, 0x00, 0x00, 0x00, 0x00, 
    0x00, 0x00, 0x00, 0x00, 0x00, 0x00, 0xFF, 0x00, 0x00, 0xFF, 0xFF, 0xFF, 
    0xFF, 0xFF, 0xFE, 0xFE, 0xFF, 0xFE, 0xFE, 0xFF, 0x00, 0xFF, 0xFF, 0xFF, 
    0xFF, 0xFF, 0x00, 0x00, 0x00, 0xFF, 0x00, 0xFF, 0x00, 0x01, 0x00, 0x00, 
    0xFF, 0x00, 0xFF, 0x00, 0x00, 0x00, 0x00, 0x00, 0x00, 0xFF, 0x00, 0xFE, 
    0xFF, 0xFF, 0xFF, 0xFF, 0xFE, 0xFF, 0xFF, 0xFF, 0xFF, 0xFF, 0x00, 0xFF, 
    0x00, 0xFF, 0x00, 0xFF, 0x00, 0x00, 0x00, 0x01, 0x00, 0x00, 0x01, 0x00, 
    0xFF, 0x00, 0x01, 0x00, 0xFE, 0x00, 0x01, 0xFE, 0xFE, 0xFF, 0x00, 0xFF, 
    0xFE, 0xFF, 0xFF, 0xFF, 0xFF, 0x00, 0x01, 0x00, 0xFE, 0x00, 0x00, 0xFF, 
    0xFF, 0xFF, 0x01, 0x00, 0xFF, 0x00, 0x00, 0x00, 0xFF, 0xFF, 0x00, 0xFF, 
    0xFE, 0xFF, 0x01, 0x00, 0xFF, 0xFF, 0x01, 0x00, 0xFE, 0xFF, 0x00, 0xFF, 
    0xFD, 0xFF, 0x01, 0xFE, 0xFE, 0xFF, 0x01, 0xFF, 0xFE, 0x01, 0x00, 0xFF, 
    0xFF, 0x01, 0x01, 0xFF, 0x00, 0x01, 0x01, 0xFF, 0x00, 0x01, 0x00, 0xFF, 
    0xFE, 0x00, 0xFD, 0xFE, 0xFF, 0x00, 0xFE, 0xFE, 0x00, 0xFF, 0xFF, 0xFE, 
    0x00, 0x00, 0xFE, 0xFF, 0x01, 0xFF, 0xFF, 0x01, 0x00, 0xFF, 0xFF, 0x01, 
    0x00, 0x00, 0xFF, 0x00, 0x00, 0xFF, 0x00, 0x00, 0x01, 0xFF, 0xFE, 0x00, 
    0xFF, 0xFE, 0xFF, 0x00, 0x00, 0xFF, 0xFF, 0x01, 0x00, 0xFF, 0xFE, 0x00, 
    0xFF, 0xFE, 0xFF, 0x01, 0x00, 0xFF, 0x00, 0x01, 0x01, 0xFF, 0x02, 0x01, 
    0x00, 0x00, 0xFF, 0x00, 0xFD, 0xFF, 0xFF, 0xFF, 0xFF, 0xFE, 0x01, 0xFF, 
    0x00, 0xFF, 0xFF, 0xFF, 0xFE, 0x00, 0xFF, 0xFF, 0x00, 0xFF, 0x01, 0x01, 
    0x00, 0xFF, 0xFF, 0x00, 0xFF, 0xFF, 0x00, 0x00, 0x00, 0x00, 0xFF, 0x00, 
    0xFF, 0xFF, 0xFF, 0xFF, 0x01, 0xFE, 0xFF, 0x01, 0x01, 0x00, 0xFF, 0x00, 
    0x00, 0xFF, 0xFE, 0xFF, 0x00, 0xFE, 0xFF, 0xFF, 0xFF, 0x00, 0xFD, 0x00, 
    0xFF, 0x00, 0x00, 0xFF, 0x03, 0xFF, 0xFE, 0xFF, 0x01, 0x03, 0x00, 0x01, 
    0x00, 0xFE, 0xFE, 0xFF, 0x00, 0x01, 0xFF, 0xFE, 0xFE, 0xFF, 0x00, 0x00, 
    0x01, 0x00, 0xFF, 0xFF, 0xFF, 0x00, 0x00, 0xFE, 0xFF, 0xFE, 0x00, 0xFF, 
    0x00, 0x01, 0x00, 0x00, 0xFF, 0x01, 0xFF, 0x00, 0x01, 0x00, 0xFF, 0xFF, 
    0x00, 0x01, 0x00, 0xFF, 0x01, 0x00, 0xFF, 0xFD, 0x00, 0xFF, 0xFE, 0xFF, 
    0xFE, 0x00, 0xFE, 0xFE, 0x01, 0xFE, 0x01, 0x00, 0x01, 0x01, 0xFE, 0x02, 
    0xFF, 0xFE, 0xFE, 0xFE, 0x00, 0xFC, 0x00, 0x00, 0x00, 0xFF, 0xFE, 0x01, 
    0xFF, 0x01, 0x00, 0x01, 0x02, 0xFF, 0x00, 0x00, 0x00, 0xFF, 0xFF, 0x00, 
    0x00, 0xFF, 0xFF, 0xFF, 0xFE, 0xFE, 0x00, 0x00, 0xFF, 0x00, 0x01, 0xFF, 
    0x00, 0x00, 0x00, 0x00, 0xFF, 0xFF, 0xFF, 0x00, 0x00, 0xFF, 0x00, 0x00, 
    0x00, 0x00, 0x01, 0x00, 0xFF, 0x00, 0x00, 0xFF, 0xFF, 0x00, 0xFF, 0xFF, 
    0xFF, 0x01, 0xFF, 0xFF, 0x00, 0xFF, 0x00, 0xFF, 0xFF, 0x00, 0x00, 0x00, 
    0xFE, 0x01, 0xFF, 0xFF, 0xFF, 0xFD, 0x00, 0xFD, 0x00, 0xFF, 0xFF, 0xFE, 
    0xFE, 0x00, 0xFE, 0x01, 0x01, 0xFF, 0x01, 0x01, 0x00, 0x01, 0x01, 0x01, 
    0xFE, 0x01, 0xFF, 0x01, 0xFF, 0xFF, 0x00, 0xFE, 0xFF, 0xFE, 0x00, 0x00, 
    0x00, 0xFF, 0x00, 0xFF, 0xFF, 0xFF, 0x01, 0x00, 0xFE, 0xFF, 0xFF, 0xFF, 
    0x00, 0xFF, 0xFF, 0xFF, 0xFE, 0xFF, 0xFF, 0x00, 0x00, 0x00, 0x00, 0x00, 
    0x01, 0x00, 0x00, 0x01, 0x00, 0x00, 0xFF, 0x00, 0x00, 0x00, 0x00, 0x00, 
    0xFE, 0xFE, 0xFE, 0x00, 0xFE, 0xFE, 0xFF, 0xFF, 0x00, 0xFF, 0xFF, 0xFF, 
    0x00, 0x00, 0x00, 0x00, 0x00, 0xFF, 0x00, 0xFF, 0x00, 0xFF, 0xFF, 0xFF, 
    0xFF, 0xFF, 0xFF, 0x00, 0xFF, 0xFF, 0x00, 0x00, 0x00, 0x01, 0x00, 0x00, 
    0xFF, 0x00, 0x00, 0x00, 0x00, 0x00, 0x01, 0xFF, 0xFE, 0xFF, 0xFF, 0xFF, 
    0xFF, 0xFF, 0xFE, 0xFF, 0x00, 0x00, 0x00, 0x00, 0xFF, 0x00, 0x00, 0x00, 
    0x00, 0x00, 0x01, 0xFF, 0x00, 0x00, 0x00, 0xFF, 0xFF, 0x00, 0xFF, 0xFF, 
    0xFF, 0xFF, 0xFF, 0x00, 0xFF, 0x00, 0xFF, 0xFF, 0x00, 0x00, 0x00, 0x00, 
    0x01, 0x00, 0x00, 0x00, 0x01, 0xFF, 0xFF, 0x00, 0x00, 0x00, 0xFD, 0xFE, 
    0xFF, 0xFF, 0xFE, 0xFF, 0xFF, 0xFE, 0xFF, 0xFF, 0x01, 0x00, 0xFF, 0xFF, 
    0x01, 0x00, 0x00, 0x01, 0x00, 0xFF, 0xFF, 0xFF, 0x00, 0xFF, 0xFE, 0x00, 
    0x00, 0xFF, 0xFF, 0x00, 0x01, 0x00, 0x00, 0x00, 0x00, 0x00, 0x00, 0x01, 
    0x01, 0x00, 0x00, 0xFF, 0xFF, 0xFF, 0xFF, 0xFF, 0xFE, 0xFF, 0xFE, 0xFE, 
    0x00, 0xFE, 0xFF, 0xFF, 0x00, 0x00, 0xFF, 0x01, 0x00, 0x00, 0x00, 0x00, 
    0x00, 0x00, 0x00, 0x01, 0xFE, 0x00, 0x00, 0xFF, 0xFF, 0xFF, 0x00, 0xFE, 
    0xFF, 0x00, 0xFF, 0x00, 0xFF, 0xFF, 0xFF, 0xFE, 0x01, 0x00, 0x00, 0xFF, 
    0xFF, 0x00, 0xFF, 0xFF, 0xFF, 0xFE, 0xFF, 0xFE, 0xFF, 0x00, 0xFF, 0x00, 
    0xFF, 0x00, 0xFF, 0x00, 0x01, 0x00, 0x01, 0xFF, 0x00, 0x01, 0x00, 0x01, 
    0xFF, 0xFF, 0x00, 0xFF, 0xFF, 0xFF, 0xFF, 0x00, 0xFF, 0xFF, 0xFF, 0xFF, 
    0x00, 0x00, 0x01, 0x00, 0x00, 0x00, 0x00, 0x01, 0x00, 0xFF, 0x00, 0xFF, 
    0xFF, 0xFE, 0xFF, 0x00, 0xFE, 0xFF, 0x00, 0xFF, 0xFF, 0xFF, 0x00, 0x00, 
    0xFF, 0xFF, 0x00, 0x00, 0xFE, 0x00, 0x00, 0x00, 0xFF, 0x00, 0x01, 0x00, 
    0x00, 0x00, 0x01, 0xFF, 0x00, 0x00, 0xFF, 0x00, 0x00, 0x00, 0x00, 0x00, 
    0xFF, 0xFF, 0xFE, 0x01, 0xFE, 0xFE, 0xFF, 0x00, 0xFE, 0xFE, 0x00, 0xFF, 
    0xFF, 0xFE, 0x01, 0xFF, 0x00, 0x00, 0x01, 0x00, 0xFF, 0x01, 0x01, 0x01, 
    0xFF, 0x00, 0x01, 0x00, 0xFF, 0x00, 0x00, 0xFF, 0xFE, 0x00, 0xFF, 0x00, 
    0xFF, 0xFF, 0xFF, 0xFF, 0x00, 0xFE, 0xFE, 0x00, 0xFF, 0xFE, 0xFD, 0x01, 
    0x00, 0xFF, 0x00, 0x00, 0x00, 0xFE, 0x01, 0x01, 0x00, 0x00, 0xFF, 0xFF, 
    0x00, 0x00, 0x01, 0x00, 0xFF, 0xFF, 0xFF, 0x00, 0x00, 0x00, 0x00, 0xFF, 
    0xFF, 0xFF, 0x00, 0xFF, 0xFE, 0x00, 0xFF, 0xFF, 0xFF, 0x00, 0xFF, 0x00, 
    0xFF, 0x00, 0xFF, 0x00, 0x00, 0xFF, 0xFF, 0x00, 0x00, 0xFF, 0xFF, 0x01, 
    0x00, 0xFF, 0x01, 0x00, 0xFF, 0xFF, 0x00, 0x01, 0xFE, 0xFE, 0x00, 0xFF, 
    0x00, 0xFF, 0x01, 0xFF, 0x00, 0x00, 0xFF, 0x00, 0xFE, 0xFF, 0xFF, 0x01, 
    0xFF, 0x00, 0xFF, 0xFF, 0xFF, 0x00, 0xFF, 0x00, 0xFF, 0xFF, 0x00, 0xFF, 
    0x01, 0xFE, 0x00, 0x00, 0x01, 0xFF, 0xFF, 0x00, 0x00, 0xFF, 0xFF, 0x00, 
    0xFF, 0xFF, 0xFF, 0x00, 0xFF, 0xFF, 0xFF, 0xFF, 0x01, 0x00, 0xFF, 0xFF, 
    0x01, 0x01, 0xFF, 0xFF, 0x01, 0x01, 0xFF, 0xFF, 0x01, 0x00, 0xFE, 0xFF, 
    0xFF, 0x00, 0xFE, 0xFE, 0xFF, 0x00, 0xFF, 0xFF, 0xFF, 0x00, 0xFF, 0xFF, 
    0x00, 0x01, 0x00, 0xFE, 0x01, 0x01, 0x00, 0x00, 0x00, 0x00, 0x00, 0xFF, 
    0x01, 0x00, 0x00, 0xFE, 0xFF, 0x00, 0xFD, 0xFF, 0x00, 0xFF, 0xFE, 0xFF, 
    0x00, 0xFF, 0xFF, 0x01, 0x00, 0x00, 0xFF, 0x01, 0x00, 0xFF, 0x00, 0xFF, 
    0x00, 0xFF, 0x01, 0x00, 0x00, 0xFF, 0xFE, 0x00, 0xFF, 0x00, 0xFF, 0xFF, 
    0xFF, 0xFF, 0xFF, 0x00, 0xFF, 0xFF, 0xFF, 0xFF, 0xFF, 0xFF, 0xFF, 0x00, 
    0x00, 0x00, 0xFF, 0x00, 0x01, 0x00, 0x00, 0x00, 0x00, 0xFF, 0xFF, 0x00, 
    0x00, 0xFF, 0x00, 0x01, 0x00, 0x01, 0x00, 0x01, 0x00, 0xFF, 0x00, 0xFF, 
    0xFF, 0x00, 0xFF, 0xFF, 0xFF, 0xFF, 0xFF, 0x00, 0x00, 0xFF, 0x00, 0x00, 
    0x01, 0x01, 0x00, 0x00, 0x00, 0x00, 0x00, 0x00, 0x00, 0x00, 0xFF, 0x01, 
    0xFF, 0x00, 0xFE, 0xFF, 0x00, 0xFE, 0xFE, 0xFE, 0xFE, 0xFF, 0xFE, 0xFF, 
    0xFE, 0xFE, 0xFF, 0xFF, 0xFE, 0xFF, 0xFF, 0xFE, 0x00, 0xFF, 0x01, 0xFE, 
    0xFE, 0x01, 0xFF, 0xFF, 0x00, 0xFE, 0xFE, 0xFF, 0xFE, 0xFF, 0xFE, 0xFF, 
    0xFF, 0x00, 0xFE, 0x01, 0x00, 0x01, 0x01, 0xFF, 0x00, 0x00, 0x01, 0xFE, 
    0x02, 0x00, 0xFF, 0x01, 0x00, 0x01, 0x00, 0x00, 0x01, 0x00, 0xFF, 0x02, 
    0x01, 0x01, 0x00, 0x00, 0x00, 0x00, 0x00, 0xFF, 0xFF, 0xFF, 0xFF, 0xFF, 
    0x02, 0xFE, 0x00, 0x00, 0x00, 0x00, 0x00, 0x02, 0x01, 0xFF, 0x01, 0x02, 
    0x01, 0x01, 0x00, 0x04, 0xFF, 0xFF, 0x02, 0xFF, 0x00, 0xFD, 0x00, 0xFE, 
    0xFB, 0xFE, 0xFD, 0xFD, 0xFC, 0xFB, 0xFE, 0xFD, 0xFC, 0xFD, 0xFE, 0xFD, 
    0xFF, 0xFF, 0x00, 0x00, 0x00, 0x01, 0x01, 0x00, 0x02, 0xFF, 0x00, 0x01, 
    0x00, 0xFF, 0xFE, 0xFF, 0xFE, 0xFD, 0xFD, 0xFF, 0xFE, 0xFE, 0xFE, 0xFE, 
    0x00, 0xFE, 0x00, 0xFF, 0x00, 0x00, 0x00, 0x02, 0x01, 0x01, 0x01, 0x01, 
    0x01, 0x01, 0x01, 0x01, 0x00, 0x01, 0x01, 0x00, 0x02, 0x01, 0x01, 0x01, 
    0x00, 0x01, 0x00, 0x02, 0x00, 0x00, 0x00, 0xFF, 0x01, 0x00, 0xFF, 0x00, 
    0xFE, 0xFF, 0xFF, 0x01, 0xFF, 0xFD, 0x00, 0xFD, 0x01, 0xFD, 0xFF, 0x00, 
    0xFD, 0x01, 0xFE, 0x00, 0xFE, 0xFF, 0xFE, 0xFE, 0xFF, 0xFC, 0x01, 0xFD, 
    0x00, 0xFE, 0x00, 0xFE, 0xFE, 0x00, 0xFE, 0xFF, 0xFE, 0x00, 0xFE, 0xFF, 
    0x00, 0xFF, 0xFF, 0xFE, 0x00, 0x01, 0xFF, 0x01, 0xFE, 0x01, 0x00, 0xFF, 
    0x01, 0xFF, 0x01, 0x00, 0x00, 0x01, 0xFF, 0xFF, 0x01, 0xFF, 0xFF, 0x00, 
    0xFF, 0x00, 0xFF, 0xFF, 0x02, 0xFF, 0x01, 0xFF, 0x01, 0x01, 0xFF, 0x03, 
    0xFF, 0x02, 0xFF, 0x01, 0x01, 0x00, 0x02, 0xFE, 0x02, 0xFC, 0x00, 0xFF, 
    0xFF, 0x00, 0xFC, 0xFF, 0xFF, 0xFF, 0x01, 0xFF, 0xFE, 0x01, 0xFF, 0x01, 
    0xFF, 0x01, 0xFF, 0xFF, 0xFF, 0xFE, 0x00, 0xFD, 0xFF, 0xFF, 0xFE, 0xFE, 
    0xFE, 0xFD, 0x00, 0xFD, 0xFD, 0x01, 0xFD, 0x00, 0xFF, 0xFF, 0x01, 0xFF, 
    0x01, 0x01, 0x02, 0xFE, 0x02, 0x01, 0xFF, 0x02, 0x00, 0xFF, 0x02, 0xFF, 
    0x01, 0x01, 0xFC, 0x03, 0xFE, 0x00, 0xFF, 0x00, 0x00, 0xFF, 0x00, 0xFE, 
    0x02, 0xFF, 0x00, 0x01, 0x00, 0x00, 0x01, 0xFF, 0x01, 0xFF, 0xFD, 0x02, 
    0xFE, 0xFF, 0x00, 0xFE, 0x00, 0xFE, 0xFF, 0x01, 0xFE, 0xFF, 0xFF, 0xFF, 
    0xFF, 0xFF, 0xFE, 0x00, 0x00, 0xFE, 0xFF, 0xFF, 0xFF, 0xFF, 0xFE, 0xFF, 
    0x00, 0xFE, 0x00, 0xFF, 0x00, 0x00, 0xFF, 0x01, 0x01, 0x00, 0x03, 0xFF, 
    0x02, 0x02, 0xFE, 0x02, 0xFF, 0x00, 0xFF, 0xFF, 0xFF, 0xFF, 0xFE, 0xFE, 
    0x00, 0xFF, 0xFE, 0xFF, 0xFE, 0xFF, 0xFF, 0xFE, 0xFF, 0xFF, 0xFF, 0xFF, 
    0x00, 0xFF, 0x00, 0x00, 0xFF, 0x01, 0x00, 0x00, 0x00, 0xFF, 0xFF, 0xFF, 
    0xFF, 0xFE, 0x00, 0xFE, 0xFF, 0xFF, 0xFF, 0x00, 0xFF, 0x00, 0x00, 0x00, 
    0x00, 0x00, 0xFF, 0x02, 0x00, 0x00, 0x01, 0x00, 0x02, 0x00, 0x01, 0x00, 
    0x00, 0xFE, 0xFF, 0x00, 0xFF, 0x01, 0xFE, 0xFF, 0xFE, 0xFF, 0xFE, 0xFF, 
    0x00, 0xFE, 0xFF, 0xFD, 0xFF, 0x00, 0xFE, 0x00, 0xFF, 0x00, 0xFF, 0xFF, 
    0x01, 0x00, 0x01, 0xFE, 0x00, 0x00, 0x00, 0x01, 0xFF, 0x02, 0xFE, 0xFF, 
    0x02, 0xFF, 0x02, 0xFF, 0x00, 0x01, 0xFE, 0x00, 0xFF, 0x01, 0xFE, 0xFF, 
    0xFF, 0xFD, 0x00, 0xFF, 0xFF, 0x00, 0xFF, 0xFF, 0x00, 0x00, 0x00, 0x00, 
    0xFF, 0x01, 0xFF, 0x00, 0x00, 0x00, 0x01, 0xFF, 0x00, 0x00, 0xFF, 0x00, 
    0xFF, 0x01, 0xFF, 0x00, 0xFF, 0x00, 0x01, 0xFF, 0x00, 0xFF, 0xFF, 0x00, 
    0xFE, 0xFF, 0xFF, 0xFF, 0xFF, 0xFE, 0xFF, 0xFE, 0xFF, 0x00, 0xFF, 0x01, 
    0xFE, 0x00, 0x00, 0xFF, 0x01, 0xFF, 0x00, 0x00, 0x00, 0x01, 0x00, 0x00, 
    0x00, 0xFF, 0x01, 0xFF, 0x00, 0x00, 0xFE, 0x00, 0xFF, 0xFF, 0x00, 0xFF, 
    0xFF, 0x00, 0xFF, 0xFF, 0x00, 0xFF, 0x00, 0xFF, 0x00, 0xFF, 0x00, 0xFF, 
    0xFF, 0x01, 0x00, 0xFF, 0xFF, 0xFF, 0x00, 0xFF, 0x00, 0xFF, 0xFF, 0xFF, 
    0xFF, 0x00, 0xFF, 0xFF, 0xFF, 0xFF, 0xFF, 0xFF, 0xFF, 0x00, 0xFF, 0x00, 
    0xFE, 0x01, 0xFF, 0x00, 0x00, 0xFF, 0x01, 0xFE, 0x01, 0xFE, 0x01, 0xFF, 
    0x00, 0x00, 0xFF, 0x01, 0xFF, 0x01, 0xFF, 0xFF, 0x00, 0x00, 0x01, 0xFF, 
    0xFF, 0x00, 0xFF, 0x00, 0xFE, 0x00, 0xFF, 0xFF, 0x00, 0xFF, 0x01, 0xFF, 
    0x00, 0x00, 0xFF, 0xFF, 0xFF, 0x01, 0xFF, 0x01, 0xFF, 0xFF, 0x00, 0xFF, 
    0x00, 0xFF, 0x00, 0x00, 0x00, 0xFF, 0xFF, 0x00, 0xFF, 0xFF, 0x00, 0xFF, 
    0x00, 0xFF, 0xFF, 0x00, 0xFF, 0xFF, 0xFF, 0xFF, 0x00, 0x00, 0x00, 0x00, 
    0x00, 0x00, 0x00, 0x01, 0xFF, 0x00, 0x00, 0xFF, 0x00, 0xFF, 0xFF, 0xFF, 
    0xFE, 0x00, 0xFE, 0xFF, 0x00, 0xFE, 0xFF, 0xFF, 0x00, 0xFF, 0x00, 0xFF, 
    0x00, 0x00, 0x00, 0x00, 0xFF, 0x01, 0xFF, 0x00, 0x00, 0xFF, 0x00, 0xFF, 
    0x01, 0xFF, 0x00, 0xFF, 0x00, 0xFF, 0xFF, 0x00, 0xFF, 0xFF, 0xFF, 0x00, 
    0x00, 0xFF, 0xFF, 0x00, 0xFF, 0x01, 0xFE, 0x02, 0xFF, 0xFF, 0x01, 0xFE, 
    0x01, 0xFE, 0x01, 0xFF, 0xFF, 0x01, 0xFF, 0x01, 0xFF, 0x00, 0x00, 0x00, 
    0xFF, 0xFF, 0x00, 0xFF, 0xFF, 0xFF, 0xFF, 0xFE, 0xFF, 0xFE, 0xFF, 0xFE, 
    0xFF, 0xFF, 0xFF, 0x00, 0xFE, 0xFF, 0x00, 0xFF, 0x00, 0x00, 0x00, 0x01, 
    0xFF, 0x01, 0x00, 0x01, 0x00, 0xFF, 0x01, 0xFE, 0x01, 0xFF, 0x00, 0x00, 
    0xFF, 0x01, 0xFF, 0x00, 0x00, 0xFF, 0x00, 0xFF, 0x00, 0xFF, 0xFE, 0x00, 
    0xFF, 0x00, 0xFF, 0xFF, 0x00, 0xFE, 0x00, 0xFF, 0x00, 0x00, 0x00, 0xFF, 
    0xFF, 0x00, 0xFF, 0x00, 0xFF, 0xFF, 0x00, 0xFF, 0x00, 0xFF, 0x01, 0xFF, 
    0x00, 0xFF, 0x01, 0xFF, 0xFD, 0x00, 0xFE, 0x01, 0xFE, 0xFD, 0x00, 0xFF, 
    0x02, 0xFF, 0xFF, 0xFF, 0xFE, 0x02, 0x00, 0x00, 0xFF, 0xFE, 0x00, 0xFF, 
    0x01, 0x00, 0xFF, 0x00, 0xFD, 0x01, 0xFF, 0x00, 0x00, 0xFF, 0x00, 0xFE, 
    0xFF, 0x00, 0xFF, 0x00, 0xFF, 0xFE, 0xFF, 0xFE, 0x01, 0x00, 0x00, 0xFE, 
    0xFE, 0x01, 0x01, 0x01, 0x00, 0x00, 0x00, 0x00, 0x01, 0x01, 0x00, 0x00, 
    0xFF, 0xFF, 0xFF, 0x00, 0x00, 0xFF, 0xFF, 0xFE, 0xFE, 0xFF, 0xFF, 0xFF, 
    0x00, 0xFF, 0xFF, 0xFF, 0x00, 0x00, 0x00, 0x01, 0xFF, 0x00, 0xFF, 0x00, 
    0x01, 0x00, 0x00, 0xFF, 0xFF, 0xFF, 0xFF, 0x01, 0xFF, 0x00, 0xFF, 0xFF, 
    0x01, 0xFE, 0x01, 0xFF, 0xFF, 0xFF, 0xFF, 0x00, 0x00, 0xFF, 0xFF, 0xFF, 
    0x00, 0xFF, 0xFF, 0x00, 0x00, 0xFF, 0x00, 0x00, 0x00, 0x00, 0xFF, 0x01, 
    0xFF, 0x01, 0xFF, 0x00, 0x00, 0xFD, 0x02, 0xFE, 0x00, 0x00, 0x00, 0x01, 
    0xFF, 0x01, 0x00, 0xFF, 0xFF, 0xFF, 0x00, 0x00, 0xFF, 0x00, 0xFF, 0x01, 
    0xFE, 0x00, 0xFF, 0xFE, 0x00, 0xFE, 0x01, 0xFF, 0x00, 0x00, 0xFF, 0x00, 
    0x00, 0xFF, 0x00, 0xFE, 0x01, 0xFE, 0xFF, 0x00, 0xFD, 0x02, 0xFE, 0x01, 
    0x01, 0xFE, 0x02, 0xFD, 0x00, 0xFF, 0xFF, 0x00, 0xFE, 0x00, 0xFE, 0xFF, 
    0xFF, 0xFF, 0x00, 0xFE, 0xFF, 0xFF, 0xFF, 0xFF, 0xFF, 0x01, 0xFE, 0x00, 
    0x00, 0x01, 0x01, 0x00, 0x01, 0xFE, 0x01, 0xFF, 0x01, 0x00, 0xFF, 0x00, 
    0xFE, 0x00, 0xFE, 0x00, 0xFF, 0x00, 0x01, 0xFE, 0x00, 0xFE, 0xFF, 0xFF, 
    0xFE, 0x00, 0xFD, 0x00, 0xFF, 0xFF, 0x00, 0xFF, 0x01, 0xFF, 0x01, 0xFF, 
    0x00, 0x00, 0x00, 0x01, 0x00, 0x01, 0xFE, 0x01, 0xFF, 0xFF, 0xFF, 0xFE, 
    0x00, 0xFE, 0x00, 0xFF, 0x00, 0x00, 0xFE, 0x00, 0xFE, 0xFF, 0x00, 0xFF, 
    0x00, 0xFF, 0x00, 0x00, 0xFF, 0xFF, 0x00, 0xFF, 0x00, 0x00, 0xFE, 0x01, 
    0xFF, 0x01, 0x00, 0xFF, 0x01, 0x00, 0x00, 0x00, 0xFF, 0xFF, 0xFF, 0x00, 
    0x00, 0xFF, 0xFF, 0x00, 0xFE, 0x00, 0x00, 0xFE, 0x01, 0xFF, 0x00, 0xFF, 
    0xFF, 0x01, 0xFF, 0x00, 0x00, 0x00, 0x00, 0x00, 0x00, 0x00, 0x00, 0x00, 
    0x00, 0xFF, 0x01, 0x00, 0xFF, 0x01, 0xFF, 0xFF, 0x00, 0xFF, 0x00, 0xFE, 
    0x00, 0xFF, 0xFE, 0x01, 0xFE, 0xFF, 0x00, 0xFF, 0x00, 0xFF, 0x00, 0x00, 
    0xFF, 0x00, 0xFF, 0xFF, 0x00, 0xFE, 0x00, 0x00, 0xFF, 0x00, 0xFF, 0xFF, 
    0x00, 0xFF, 0x00, 0xFF, 0xFF, 0xFF, 0xFE, 0x00, 0xFE, 0xFF, 0x00, 0xFF, 
    0x00, 0xFF, 0xFF, 0x00, 0xFF, 0x01, 0x00, 0xFF, 0x00, 0x00, 0x00, 0xFF, 
    0x00, 0x00, 0xFF, 0xFF, 0x00, 0x00, 0xFF, 0x00, 0x00, 0x00, 0x00, 0x00, 
    0x01, 0xFF, 0x00, 0xFF, 0xFF, 0xFF, 0xFF, 0xFF, 0x00, 0xFF, 0xFF, 0xFF, 
    0xFE, 0x00, 0xFF, 0x00, 0xFF, 0xFF, 0x00, 0x00, 0x00, 0x00, 0xFF, 0x00, 
    0xFE, 0x01, 0x00, 0xFF, 0x01, 0xFE, 0x00, 0xFF, 0xFF, 0x01, 0xFF, 0x01, 
    0xFE, 0xFF, 0x00, 0xFE, 0x00, 0xFF, 0x00, 0x00, 0xFF, 0xFF, 0x00, 0xFF, 
    0xFF, 0xFF, 0xFF, 0xFF, 0xFF, 0x00, 0x00, 0x00, 0x00, 0xFE, 0x00, 0x00, 
    0x00, 0x00, 0x00, 0x00, 0x00, 0xFF, 0x00, 0x00, 0xFF, 0x00, 0xFF, 0x01, 
    0xFF, 0xFE, 0x01, 0xFD, 0x00, 0xFF, 0xFF, 0x01, 0xFE, 0x01, 0xFF, 0xFF, 
    0x01, 0xFF, 0x00, 0x00, 0xFF, 0x00, 0xFF, 0x00, 0x00, 0xFF, 0x02, 0xFF, 
    0x00, 0x00, 0xFE, 0x00, 0xFE, 0x00, 0xFF, 0xFF, 0x00, 0xFE, 0xFF, 0x00, 
    0xFF, 0x00, 0xFF, 0xFF, 0xFF, 0xFF, 0x00, 0x00, 0xFF, 0x00, 0xFF, 0x00, 
    0xFF, 0xFF, 0x00, 0x01, 0x01, 0xFF, 0x00, 0xFF, 0xFF, 0x00, 0xFF, 0x00, 
    0x00, 0xFF, 0x00, 0xFE, 0x01, 0xFF, 0xFF, 0x00, 0x00, 0x01, 0xFF, 0x01, 
    0xFF, 0x00, 0xFF, 0xFF, 0x00, 0xFE, 0x01, 0x00, 0x00, 0xFF, 0xFE, 0xFF, 
    0xFF, 0xFF, 0x01, 0xFF, 0x01, 0xFF, 0xFF, 0x01, 0xFF, 0x01, 0x00, 0x00, 
    0x00, 0xFE, 0xFF, 0x00, 0xFF, 0xFF, 0xFE, 0xFE, 0xFF, 0xFF, 0xFF, 0x00, 
    0xFF, 0xFE, 0xFF, 0xFF, 0x00, 0x00, 0xFF, 0x01, 0xFF, 0x00, 0xFE, 0x00, 
    0x01, 0xFE, 0x00, 0xFF, 0xFF, 0x01, 0xFE, 0x00, 0xFF, 0xFF, 0x00, 0xFE, 
    0x01, 0xFF, 0x00, 0x01, 0xFF, 0x01, 0xFF, 0x00, 0x02, 0xFF, 0x00, 0x00, 
    0x00, 0x01, 0xFF, 0x00, 0xFF, 0xFF, 0x00, 0xFF, 0xFF, 0x00, 0xFF, 0x00, 
    0xFE, 0xFF, 0xFF, 0xFE, 0x02, 0xFF, 0xFF, 0x00, 0xFF, 0x00, 0xFF, 0x00, 
    0xFF, 0xFF, 0x00, 0xFE, 0xFF, 0x00, 0xFF, 0x00, 0xFF, 0x01, 0xFF, 0xFF, 
    0x01, 0xFF, 0x00, 0xFF, 0x01, 0x00, 0xFF, 0x00, 0x00, 0xFF, 0xFE, 0xFF, 
    0x00, 0xFF, 0xFE, 0xFF, 0x00, 0x00, 0xFE, 0x00, 0x01, 0x01, 0xFF, 0xFF, 
    0x00, 0xFF, 0xFF, 0xFF, 0x01, 0x00, 0xFE, 0xFF, 0x00, 0xFE, 0x00, 0x00, 
    0x00, 0x00, 0xFE, 0x00, 0x00, 0x00, 0x01, 0xFF, 0x00, 0x00, 0xFF, 0x00, 
    0xFF, 0x00, 0x00, 0xFF, 0x00, 0x00, 0x00, 0x01, 0x00, 0x00, 0xFE, 0xFE, 
    0xFF, 0xFE, 0xFF, 0xFF, 0xFE, 0x00, 0xFF, 0xFF, 0x00, 0x00, 0x01, 0xFF, 
    0x00, 0x01, 0xFF, 0x00, 0x01, 0x00, 0x01, 0x00, 0xFF, 0xFF, 0x00, 0xFF, 
    0xFF, 0xFF, 0xFF, 0xFD, 0xFD, 0xFE, 0x00, 0xFF, 0xFF, 0xFF, 0xFE, 0xFF, 
    0xFF, 0xFF, 0x01, 0xFF, 0xFF, 0x00, 0xFF, 0x01, 0x00, 0x01, 0x02, 0x00, 
    0xFF, 0x00, 0x01, 0x00, 0x00, 0x00, 0x00, 0xFF, 0xFE, 0x00, 0x00, 0xFF, 
    0x00, 0xFF, 0xFF, 0xFE, 0xFE, 0xFE, 0xFF, 0x00, 0x00, 0xFF, 0xFF, 0xFE, 
    0x00, 0x00, 0x00, 0x01, 0xFF, 0x00, 0x00, 0xFF, 0x00, 0x00, 0xFF, 0xFF, 
    0x00, 0xFF, 0xFF, 0xFF, 0xFF, 0xFF, 0xFF, 0x00, 0x00, 0x00, 0xFF, 0x00, 
    0x00, 0x00, 0x00, 0xFF, 0xFE, 0xFF, 0xFF, 0x00, 0x00, 0xFF, 0xFE, 0xFE, 
    0xFF, 0xFE, 0xFE, 0xFF, 0xFF, 0xFF, 0xFE, 0xFF, 0x00, 0x00, 0x01, 0x02, 
    0x02, 0x01, 0x00, 0x01, 0x00, 0x00, 0x01, 0x00, 0xFF, 0xFE, 0xFF, 0xFE, 
    0xFF, 0xFE, 0x00, 0xFF, 0xFE, 0xFE, 0xFE, 0x00, 0xFF, 0xFF, 0x01, 0x00, 
    0x00, 0x00, 0x00, 0x01, 0x00, 0x00, 0x01, 0x00, 0xFF, 0x00, 0x00, 0xFF, 
    0xFF, 0xFF, 0xFF, 0xFF, 0xFF, 0xFF, 0xFE, 0x00, 0xFF, 0x00, 0x01, 0x01, 
    0x01, 0xFF, 0x00, 0x00, 0xFF, 0xFF, 0xFF, 0xFF, 0xFE, 0xFD, 0xFE, 0xFE, 
    0xFF, 0x00, 0xFF, 0x00, 0xFF, 0xFF, 0x01, 0x01, 0x00, 0x00, 0x00, 0x00, 
    0x01, 0x00, 0x00, 0x00, 0x00, 0xFF, 0xFF, 0xFF, 0xFF, 0xFF, 0xFE, 0x00, 
    0x00, 0xFF, 0xFF, 0xFF, 0x00, 0xFF, 0xFF, 0x00, 0x00, 0x00, 0x00, 0x00, 
    0xFF, 0xFE, 0xFF, 0xFF, 0xFF, 0x00, 0xFE, 0xFF, 0xFF, 0xFF, 0x00, 0x00, 
    0x00, 0xFF, 0x00, 0xFF, 0x00, 0x01, 0x00, 0x00, 0x00, 0x00, 0xFF, 0xFE, 
    0xFF, 0x00, 0xFF, 0x00, 0xFF, 0xFE, 0xFF, 0xFF, 0xFF, 0x00, 0x00, 0x00, 
    0x00, 0x00, 0x00, 0xFF, 0x00, 0xFF, 0xFF, 0x00, 0xFF, 0xFF, 0xFE, 0x00, 
    0xFF, 0xFF, 0xFF, 0xFE, 0xFF, 0x00, 0x00, 0xFF, 0x00, 0x01, 0x00, 0x01, 
    0x02, 0x00, 0x00, 0x00, 0xFF, 0xFF, 0xFF, 0x00, 0x00, 0xFF, 0xFF, 0xFF, 
    0xFE, 0xFF, 0xFF, 0x00, 0xFF, 0xFF, 0xFF, 0x00, 0x00, 0x00, 0x01, 0x00, 
    0xFF, 0x00, 0x01, 0x00, 0xFF, 0xFF, 0x00, 0xFF, 0xFE, 0xFF, 0xFF, 0xFF, 
    0xFF, 0x00, 0x00, 0x00, 0x00, 0xFF, 0xFF, 0xFF, 0xFF, 0x00, 0x00, 0x00, 
    0xFF, 0xFF, 0xFF, 0xFF, 0x01, 0x00, 0x00, 0x00, 0xFF, 0xFF, 0xFF, 0x00, 
    0x01, 0x00, 0xFF, 0xFF, 0xFF, 0xFF, 0xFF, 0x00, 0x01, 0x00, 0xFF, 0xFF, 
    0xFE, 0xFE, 0xFF, 0x00, 0x00, 0x00, 0xFF, 0xFF, 0xFF, 0xFF, 0x01, 0x01, 
    0x01, 0xFF, 0xFF, 0xFF, 0xFF, 0x00, 0x00, 0x00, 0xFF, 0xFE, 0xFF, 0x00, 
    0xFF, 0x01, 0x00, 0x01, 0x00, 0x00, 0x00, 0xFF, 0x00, 0x00, 0x00, 0xFF, 
    0xFE, 0xFF, 0xFE, 0xFD, 0xFE, 0x00, 0xFF, 0xFF, 0xFF, 0xFF, 0xFF, 0xFF, 
    0x00, 0x01, 0x01, 0x01, 0x00, 0x00, 0x00, 0xFF, 0x00, 0x00, 0x00, 0x00, 
    0x00, 0xFF, 0xFE, 0xFF, 0xFF, 0xFF, 0xFF, 0xFF, 0xFF, 0xFE, 0xFF, 0x00, 
    0x00, 0x00, 0x00, 0xFF, 0xFE, 0xFF, 0x00, 0x00, 0x01, 0x01, 0x00, 0x00, 
    0xFF, 0x00, 0xFF, 0x01, 0x01, 0x00, 0xFF, 0xFF, 0xFF, 0xFE, 0x00, 0x00, 
    0xFF, 0xFF, 0xFF, 0xFE, 0xFE, 0x00, 0x00, 0x01, 0x01, 0xFF, 0xFF, 0xFF, 
    0xFF, 0xFF, 0x00, 0x00, 0xFF, 0xFF, 0xFE, 0xFF, 0x00, 0x00, 0x00, 0xFF, 
    0xFF, 0xFF, 0xFF, 0x00, 0x01, 0x02, 0x00, 0x00, 0x00, 0xFF, 0xFE, 0xFF, 
    0x00, 0x00, 0x00, 0x00, 0xFF, 0xFE, 0xFF, 0xFF, 0x00, 0x00, 0x00, 0xFF, 
    0xFE, 0x00, 0x00, 0x00, 0x01, 0x00, 0xFF, 0xFF, 0xFF, 0xFF, 0x00, 0x01, 
    0x00, 0xFF, 0xFF, 0xFF, 0xFE, 0xFF, 0x00, 0x00, 0x00, 0x00, 0xFF, 0xFF, 
    0x00, 0x00, 0x00, 0x00, 0x00, 0xFE, 0xFF, 0xFF, 0xFF, 0x00, 0x00, 0x00, 
    0xFF, 0x00, 0xFF, 0x00, 0x01, 0x00, 0x00, 0x00, 0xFF, 0x00, 0xFF, 0xFF, 
    0x00, 0x00, 0xFF, 0xFF, 0xFF, 0xFF, 0xFE, 0xFF, 0x00, 0xFF, 0xFF, 0xFF, 
    0xFF, 0xFF, 0xFF, 0x00, 0x00, 0xFF, 0x00, 0xFF, 0x00, 0x00, 0xFF, 0x00, 
    0x00, 0xFF, 0xFF, 0xFF, 0xFF, 0xFF, 0x00, 0x00, 0xFF, 0xFF, 0xFF, 0xFF, 
    0xFF, 0xFF, 0x00, 0xFF, 0xFF, 0xFF, 0xFF, 0x00, 0x00, 0x00, 0x00, 0x00, 
    0xFF, 0x00, 0x00, 0x00, 0x00, 0x00, 0xFF, 0xFF, 0xFF, 0x00, 0xFF, 0x00, 
    0x00, 0xFF, 0x00, 0xFF, 0x00, 0x00, 0x00, 0x00, 0xFF, 0xFF, 0xFF, 0xFF, 
    0xFF, 0xFF, 0xFF, 0xFF, 0xFF, 0xFF, 0xFF, 0xFF, 0x00, 0xFF, 0x00, 0x00, 
    0x00, 0xFF, 0xFF, 0x00, 0x00, 0x00, 0x00, 0x00, 0x00, 0x00, 0xFF, 0x00, 
    0x00, 0x00, 0x00, 0xFF, 0x00, 0xFF, 0xFF, 0x00, 0x00, 0xFF, 0xFF, 0xFF, 
    0xFE, 0xFE, 0xFF, 0x00, 0x00, 0xFF, 0x00, 0x00, 0xFF, 0x00, 0x00, 0x00, 
    0x00, 0x00, 0x00, 0x00, 0x00, 0x00, 0x00, 0x01, 0x00, 0x00, 0x00, 0x00, 
    0xFF, 0xFF, 0x00, 0x00, 0xFE, 0xFF, 0xFF, 0x00, 0xFF, 0x00, 0x00, 0x00, 
    0x00, 0xFF, 0x00, 0x00, 0x00, 0xFF, 0xFF, 0x00, 0x00, 0xFF, 0xFF, 0x00, 
    0xFF, 0xFF, 0x00, 0x00, 0xFF, 0xFF, 0xFF, 0xFF, 0x00, 0x00, 0xFF, 0xFF, 
    0xFF, 0xFF, 0xFF, 0x00, 0x00, 0x00, 0x00, 0xFF, 0x00, 0xFF, 0xFF, 0x00, 
    0x00, 0x00, 0xFF, 0xFF, 0xFF, 0xFF, 0xFF, 0x00, 0x00, 0xFF, 0xFF, 0xFF, 
    0xFF, 0xFF, 0xFF, 0x00, 0x00, 0x00, 0x00, 0x00, 0xFF, 0x00, 0x00, 0x01, 
    0x00, 0x00, 0xFF, 0xFF, 0xFF, 0xFF, 0x00, 0xFF, 0xFF, 0x00, 0xFF, 0xFF, 
    0x00, 0x00, 0xFF, 0x00, 0x00, 0xFF, 0xFF, 0xFF, 0x00, 0x00, 0x00, 0x01, 
    0x00, 0xFF, 0xFF, 0x00, 0x00, 0xFF, 0xFF, 0xFF, 0xFF, 0xFF, 0xFF, 0xFF, 
    0xFF, 0x00, 0x00, 0x00, 0x00, 0x00, 0xFF, 0xFF, 0x00, 0xFF, 0xFF, 0x00, 
    0xFF, 0xFF, 0x00, 0x00, 0xFF, 0x00, 0x01, 0x00, 0xFF, 0x00, 0x00, 0xFF, 
    0xFF, 0xFF, 0xFF, 0xFF, 0xFF, 0x00, 0x00, 0xFF, 0x00, 0xFF, 0xFF, 0x00, 
    0x00, 0x00, 0x00, 0xFF, 0xFF, 0xFF, 0x00, 0x00, 0x00, 0x00, 0xFF, 0xFF, 
    0xFF, 0x00, 0x00, 0x00, 0x00, 0x00, 0xFF, 0xFF, 0xFF, 0x00, 0x00, 0xFF, 
    0x00, 0x00, 0xFF, 0xFF, 0xFF, 0x00, 0x00, 0x00, 0xFF, 0xFF, 0xFF, 0xFF, 
    0x00, 0x00, 0x00, 0x00, 0x00, 0xFF, 0xFF, 0x00, 0x00, 0xFF, 0x00, 0x00, 
    0xFF, 0xFF, 0x00, 0x00, 0xFF, 0xFF, 0x00, 0xFF, 0xFF, 0xFF, 0xFF, 0xFF, 
    0xFF, 0x00, 0xFF, 0xFF, 0xFF, 0xFF, 0xFF, 0x00, 0x00, 0x00, 0x00, 0x00, 
    0xFF, 0xFF, 0x00, 0x00, 0x00, 0x00, 0x00, 0xFF, 0xFF, 0x00, 0x00, 0x00, 
    0x00, 0x00, 0xFF, 0xFF, 0xFF, 0xFF, 0xFF, 0x00, 0x00, 0xFF, 0xFF, 0xFF, 
    0xFF, 0xFF, 0xFF, 0x00, 0xFF, 0xFF, 0xFF, 0x00, 0x00, 0x00, 0x00, 0x01, 
    0x00, 0x00, 0xFF, 0x00, 0x00, 0xFF, 0x00, 0x01, 0xFF, 0xFE, 0xFF, 0xFF, 
    0xFF, 0xFF, 0xFF, 0x00, 0xFF, 0xFF, 0xFE, 0xFF, 0x00, 0x00, 0x00, 0x00, 
    0xFF, 0xFF, 0x00, 0x00, 0x00, 0x01, 0x00, 0xFF, 0xFF, 0xFF, 0xFF, 0x00, 
    0x00, 0x00, 0xFF, 0xFE, 0xFF, 0xFF, 0xFF, 0x00, 0x00, 0x00, 0xFF, 0xFF, 
    0xFF, 0x00, 0xFF, 0x00, 0x00, 0xFF, 0xFF, 0x00, 0x00, 0x00, 0x00, 0x01, 
    0x00, 0xFF, 0xFF, 0xFF, 0x00, 0x00, 0x00, 0x01, 0x00, 0xFF, 0xFF, 0x00, 
    0x00, 0xFF, 0x00, 0x00, 0xFF, 0xFE, 0xFF, 0x00, 0x00, 0x00, 0x00, 0x00, 
    0xFE, 0xFF, 0x00, 0x00, 0x00, 0x00, 0xFF, 0xFF, 0xFF, 0x00, 0x00, 0xFF, 
    0xFF, 0x00, 0xFF, 0xFE, 0xFF, 0x00, 0x00, 0x00, 0x00, 0xFF, 0xFF, 0xFF, 
    0x00, 0x00, 0x00, 0xFF, 0xFF, 0xFF, 0xFF, 0xFF, 0x00, 0x01, 0x00, 0xFF, 
    0xFF, 0xFF, 0xFF, 0x00, 0x00, 0x00, 0x00, 0xFF, 0xFF, 0xFF, 0x00, 0x00, 
    0x00, 0xFF, 0x00, 0xFF, 0xFF, 0x00, 0x00, 0x00, 0x00, 0xFF, 0xFF, 0xFF, 
    0xFF, 0x00, 0x00, 0x00, 0xFF, 0xFF, 0x00, 0xFF, 0xFF, 0x00, 0x00, 0xFF, 
    0xFF, 0xFF, 0xFF, 0xFF, 0xFF, 0x00, 0x00, 0x00, 0xFF, 0xFF, 0xFF, 0xFF, 
    0xFF, 0xFF, 0x00, 0xFF, 0xFF, 0xFF, 0xFF, 0xFF, 0x00, 0x00, 0x00, 0x00, 
    0xFF, 0xFF, 0xFF, 0xFF, 0x00, 0x00, 0x00, 0xFF, 0xFF, 0xFF, 0xFF, 0xFF, 
    0x00, 0x00, 0xFF, 0xFF, 0xFF, 0x00, 0x00, 0x00, 0x01, 0x00, 0x00, 0xFF, 
    0x00, 0x00, 0x00, 0x00, 0x00, 0x00, 0xFF, 0xFF, 0x00, 0x00, 0xFF, 0xFF, 
    0xFF, 0x00, 0xFF, 0xFF, 0xFF, 0xFF, 0xFF, 0xFF, 0x00, 0x00, 0x00, 0x00, 
    0x00, 0xFF, 0x00, 0x00, 0x00, 0x00, 0x00, 0x00, 0xFF, 0x00, 0xFF, 0x00, 
    0x00, 0xFF, 0xFE, 0xFF, 0xFF, 0xFF, 0xFF, 0x00, 0x00, 0xFF, 0xFF, 0xFF, 
    0xFF, 0xFF, 0x00, 0x00, 0xFF, 0xFF, 0xFF, 0xFF, 0xFF, 0xFF, 0x00, 0x00, 
    0xFF, 0xFF, 0xFF, 0xFF, 0x00, 0x00, 0x01, 0x00, 0xFF, 0xFF, 0x00, 0x00, 
    0x00, 0x00, 0x00, 0xFF, 0xFE, 0xFF, 0x00, 0x00, 0xFF, 0xFF, 0xFF, 0xFF, 
    0xFE, 0xFF, 0x00, 0x00, 0x01, 0x00, 0xFF, 0x00, 0x00, 0x00, 0x00, 0x01, 
    0x00, 0x00, 0x00, 0x00, 0x00, 0x00, 0x00, 0xFF, 0x00, 0xFF, 0xFF, 0xFF, 
    0xFF, 0xFF, 0xFF, 0xFF, 0xFF, 0x00, 0xFF, 0xFE, 0xFF, 0x00, 0xFF, 0xFF, 
    0x00, 0x00, 0xFF, 0xFE, 0x00, 0x00, 0xFF, 0xFF, 0x00, 0x00, 0xFF, 0xFF, 
    0x00, 0x01, 0x00, 0x00, 0x00, 0xFF, 0xFF, 0x00, 0x00, 0x00, 0x00, 0x00, 
    0xFF, 0xFE, 0xFF, 0x00, 0x00, 0xFF, 0x00, 0xFF, 0xFE, 0xFF, 0xFF, 0x00, 
    0xFF, 0xFF, 0xFF, 0xFF, 0xFF, 0x00, 0x00, 0x00, 0x00, 0x00, 0x00, 0xFF, 
    0xFF, 0x00, 0x00, 0x00, 0x00, 0x00, 0xFF, 0xFF, 0xFF, 0x00, 0x00, 0xFF, 
    0xFF, 0x00, 0x00, 0x00, 0xFF, 0x00, 0x00, 0xFF, 0xFF, 0xFF, 0xFF, 0xFF, 
    0xFF, 0xFF, 0x00, 0xFF, 0xFF, 0x00, 0x00, 0xFF, 0xFF, 0x00, 0x00, 0x00, 
    0x00, 0x00, 0xFF, 0xFF, 0x00, 0x00, 0xFF, 0x00, 0x00, 0xFF, 0xFF, 0xFF, 
    0x00, 0xFF, 0xFE, 0x00, 0xFF, 0xFE, 0xFF, 0x01, 0xFF, 0xFE, 0x00, 0x00, 
    0xFF, 0xFF, 0x00, 0x00, 0xFF, 0x00, 0x01, 0x01, 0x00, 0x01, 0x01, 0xFF, 
    0x00, 0x00, 0x00, 0xFF, 0xFF, 0x00, 0x00, 0xFF, 0xFF, 0x01, 0x00, 0xFF, 
    0xFF, 0x00, 0xFF, 0xFF, 0xFF, 0x00, 0xFF, 0xFE, 0x00, 0xFF, 0xFF, 0xFF, 
    0x00, 0x00, 0x00, 0x00, 0x00, 0xFF, 0xFF, 0xFF, 0xFF, 0x00, 0x00, 0xFF, 
    0xFF, 0x00, 0x00, 0xFF, 0xFF, 0x00, 0x00, 0xFF, 0x00, 0x00, 0xFF, 0xFF, 
    0x00, 0xFF, 0xFF, 0xFF, 0xFF, 0xFF, 0xFF, 0x00, 0x00, 0xFF, 0xFF, 0x00, 
    0xFF, 0xFE, 0x00, 0x00, 0x00, 0xFF, 0xFF, 0x01, 0x00, 0x00, 0x01, 0x01, 
    0x00, 0xFF, 0x00, 0x00, 0x00, 0xFF, 0x00, 0xFF, 0xFF, 0xFF, 0x00, 0x00, 
    0xFF, 0xFF, 0xFF, 0xFE, 0xFE, 0x00, 0x00, 0xFF, 0x00, 0x00, 0xFF, 0xFF, 
    0x00, 0x01, 0x00, 0xFF, 0x00, 0xFF, 0xFF, 0xFF, 0x00, 0x00, 0xFF, 0xFF, 
    0xFF, 0xFF, 0xFF, 0x00, 0x00, 0xFF, 0xFF, 0xFF, 0xFF, 0x00, 0xFF, 0x00, 
    0xFF, 0xFF, 0xFF, 0xFF, 0x00, 0xFF, 0xFF, 0x00, 0x00, 0xFF, 0x00, 0x00, 
    0x00, 0xFF, 0x00, 0x00, 0xFF, 0x00, 0x00, 0xFF, 0xFF, 0x00, 0x00, 0x00, 
    0xFF, 0x00, 0x00, 0xFF, 0xFF, 0xFF, 0x00, 0xFF, 0xFE, 0x00, 0x01, 0x00, 
    0xFF, 0xFF, 0x00, 0xFF, 0xFF, 0x00, 0x01, 0x00, 0x00, 0x00, 0x00, 0xFF, 
    0xFF, 0x00, 0x00, 0xFF, 0xFF, 0x00, 0xFF, 0xFF, 0x00, 0x00, 0xFF, 0xFF, 
    0xFF, 0xFF, 0xFF, 0xFF, 0x00, 0x00, 0xFF, 0x00, 0x00, 0x00, 0xFF, 0xFF, 
    0x00, 0x00, 0x00, 0xFF, 0xFF, 0xFF, 0x00, 0x00, 0x00, 0x00, 0xFF, 0xFF, 
    0xFF, 0xFF, 0xFF, 0x00, 0x00, 0xFF, 0xFF, 0xFF, 0xFF, 0xFF, 0x00, 0x01, 
    0x00, 0xFF, 0x00, 0xFF, 0xFF, 0x00, 0x00, 0x00, 0xFF, 0xFE, 0xFF, 0xFF, 
    0xFF, 0x00, 0x01, 0x00, 0xFF, 0xFF, 0xFF, 0xFF, 0xFF, 0x01, 0x01, 0xFF, 
    0xFF, 0xFF, 0x00, 0x00, 0x00, 0x01, 0x00, 0xFF, 0xFF, 0x00, 0x00, 0x00, 
    0x00, 0x00, 0xFF, 0xFE, 0xFF, 0x00, 0x00, 0x00, 0x00, 0x00, 0xFF, 0xFE, 
    0xFF, 0x00, 0x00, 0xFF, 0x00, 0xFF, 0xFE, 0xFE, 0x00, 0x01, 0xFF, 0xFF, 
    0xFF, 0x00, 0xFE, 0xFF, 0x01, 0x00, 0xFF, 0xFF, 0x00, 0x00, 0xFF, 0x00, 
    0x01, 0x00, 0xFF, 0xFF, 0x00, 0x00, 0xFF, 0x00, 0x01, 0x00, 0xFF, 0xFF, 
    0x00, 0xFF, 0xFF, 0x00, 0x00, 0xFF, 0xFF, 0xFF, 0x00, 0xFF, 0x01, 0x01, 
    0xFF, 0xFF, 0xFF, 0x00, 0x00, 0xFF, 0x00, 0xFF, 0xFF, 0xFF, 0xFF, 0x00, 
    0x00, 0xFF, 0xFF, 0xFF, 0xFF, 0xFF, 0x00, 0x00, 0xFF, 0xFF, 0x00, 0xFF, 
    0xFF, 0x00, 0x00, 0x00, 0xFF, 0x00, 0xFF, 0xFF, 0xFF, 0x00, 0x00, 0x00, 
    0xFF, 0xFF, 0xFF, 0xFF, 0x00, 0x00, 0x00, 0xFF, 0xFF, 0x00, 0x00, 0x00, 
    0xFF, 0xFF, 0xFF, 0xFF, 0xFF, 0xFF, 0x00, 0x00, 0x00, 0x00, 0x00, 0x00, 
    0xFF, 0xFF, 0x00, 0x00, 0x00, 0x00, 0x00, 0xFF, 0x00, 0x00, 0x00, 0x00, 
    0x00, 0xFF, 0xFF, 0x00, 0x00, 0xFF, 0xFF, 0xFF, 0xFF, 0xFF, 0xFF, 0xFF, 
    0xFF, 0xFF, 0xFF, 0x00, 0xFF, 0xFF, 0xFF, 0x00, 0xFF, 0xFF, 0x00, 0x00, 
    0x00, 0x00, 0x00, 0x00, 0x00, 0xFF, 0xFF, 0xFF, 0x00, 0xFF, 0x00, 0x00, 
    0xFF, 0xFF, 0xFF, 0xFF, 0xFF, 0x00, 0xFF, 0xFF, 0xFF, 0xFF, 0xFF, 0xFF, 
    0xFF, 0xFF, 0xFF, 0xFF, 0x00, 0x00, 0x00, 0x00, 0x00, 0xFF, 0x00, 0x00, 
    0x00, 0x00, 0x00, 0x00, 0xFF, 0x00, 0x00, 0x00, 0x00, 0x00, 0x00, 0xFF, 
    0x00, 0x00, 0x00, 0x00, 0xFF, 0xFF, 0xFF, 0xFF, 0x00, 0xFF, 0xFF, 0xFF, 
    0xFF, 0xFE, 0xFF, 0x00, 0x00, 0xFF, 0xFF, 0xFF, 0xFF, 0xFF, 0x00, 0x01, 
    0x01, 0xFF, 0xFF, 0x00, 0x00, 0x00, 0x01, 0x01, 0x00, 0xFF, 0xFF, 0x00, 
    0xFF, 0x00, 0x00, 0xFF, 0xFE, 0xFE, 0xFF, 0xFE, 0xFF, 0xFF, 0xFF, 0xFE, 
    0xFF, 0xFF, 0xFF, 0xFF, 0xFF, 0x00, 0xFF, 0x00, 0x00, 0x00, 0x00, 0x01, 
    0x00, 0x01, 0x00, 0x01, 0x01, 0x00, 0x00, 0x00, 0x00, 0xFF, 0xFF, 0xFF, 
    0xFF, 0xFF, 0xFF, 0xFF, 0xFF, 0xFF, 0xFE, 0xFF, 0xFF, 0xFF, 0xFF, 0xFF, 
    0x00, 0x00, 0xFF, 0xFF, 0x01, 0x01, 0x00, 0xFF, 0x00, 0x01, 0x00, 0xFF, 
    0x01, 0x01, 0xFF, 0xFF, 0x00, 0x01, 0xFF, 0xFF, 0x00, 0x00, 0xFF, 0xFE, 
    0xFF, 0x00, 0xFF, 0xFE, 0xFF, 0x00, 0xFF, 0xFE, 0xFF, 0x00, 0x00, 0xFF, 
    0xFF, 0x00, 0x00, 0xFF, 0xFF, 0x00, 0x00, 0xFF, 0xFF, 0x01, 0x01, 0xFF, 
    0xFF, 0x00, 0x00, 0xFF, 0xFF, 0x00, 0xFF, 0xFF, 0xFF, 0x00, 0x00, 0xFE, 
    0xFF, 0xFF, 0xFF, 0xFF, 0xFF, 0x00, 0x00, 0xFF, 0xFF, 0x00, 0x00, 0x00, 
    0x00, 0x01, 0x01, 0x00, 0x00, 0x00, 0x00, 0xFF, 0xFF, 0x00, 0x00, 0xFF, 
    0xFF, 0x00, 0x00, 0xFF, 0xFF, 0xFF, 0xFF, 0xFF, 0xFF, 0xFF, 0xFF, 0xFF, 
    0xFF, 0xFF, 0xFF, 0xFF, 0xFF, 0xFF, 0x00, 0x00, 0xFF, 0x00, 0x00, 0x00, 
    0xFF, 0x00, 0x00, 0xFF, 0xFF, 0x00, 0x00, 0xFF, 0xFF, 0x00, 0x00, 0xFF, 
    0x00, 0x00, 0x00, 0xFF, 0xFF, 0x00, 0x00, 0x00, 0xFF, 0xFF, 0xFF, 0x00, 
    0x00, 0x00, 0x00, 0xFF, 0xFF, 0xFF, 0xFF, 0xFF, 0x00, 0x00, 0xFF, 0xFF, 
    0xFF, 0xFF, 0x00, 0x00, 0x00, 0x00, 0x00, 0xFF, 0xFF, 0x00, 0x00, 0x00, 
    0x00, 0x00, 0x00, 0x00, 0xFF, 0x00, 0x00, 0x00, 0xFF, 0xFF, 0x00, 0x00, 
    0xFF, 0xFF, 0x00, 0x00, 0xFF, 0xFF, 0xFF, 0xFF, 0xFF, 0xFF, 0xFF, 0x00, 
    0xFF, 0xFF, 0xFF, 0x00, 0xFF, 0xFF, 0x00, 0x00, 0x00, 0xFF, 0xFF, 0x00, 
    0xFF, 0xFF, 0x00, 0x00, 0x00, 0xFF, 0x00, 0x00, 0x00, 0xFF, 0xFF, 0x00, 
    0xFF, 0xFF, 0x00, 0x00, 0x00, 0x00, 0x00, 0x00, 0xFF, 0xFF, 0xFF, 0x00, 
    0x00, 0xFF, 0xFF, 0x00, 0x00, 0xFF, 0x00, 0x01, 0x00, 0xFF, 0xFF, 0x00, 
    0x00, 0xFF, 0x00, 0x00, 0x00, 0xFF, 0xFF, 0x00, 0x00, 0xFF, 0xFF, 0xFF, 
    0xFF, 0xFE, 0xFE, 0xFF, 0x00, 0xFF, 0xFF, 0x00, 0x00, 0xFF, 0xFF, 0x00, 
    0x00, 0xFF, 0xFF, 0xFF, 0xFF, 0xFF, 0xFF, 0x00, 0x00, 0xFF, 0x00, 0x00, 
    0xFF, 0xFF, 0x00, 0x00, 0x00, 0xFF, 0xFF, 0xFF, 0xFF, 0xFF, 0x00, 0x00, 
    0xFF, 0xFF, 0x00, 0x00, 0x00, 0x00, 0x00, 0x00, 0x00, 0x00, 0x00, 0x00, 
    0x00, 0x00, 0xFF, 0xFF, 0x00, 0x00, 0xFF, 0xFF, 0xFF, 0xFF, 0xFF, 0xFF, 
    0xFF, 0xFF, 0xFF, 0xFF, 0xFF, 0xFF, 0x00, 0xFF, 0x00, 0x00, 0x00, 0x00, 
    0x00, 0x00, 0x00, 0x00, 0x00, 0x00, 0x00, 0x00, 0x00, 0x00, 0xFF, 0xFF, 
    0xFF, 0xFF, 0xFF, 0xFF, 0xFF, 0xFF, 0xFF, 0xFF, 0xFF, 0x00, 0x00, 0x00, 
    0x00, 0xFF, 0xFF, 0xFF, 0x00, 0x00, 0x00, 0xFF, 0xFF, 0xFF, 0xFF, 0xFF, 
    0xFF, 0xFF, 0xFF, 0xFF, 0xFF, 0xFF, 0x00, 0x00, 0x00, 0x00, 0x00, 0x00, 
    0x00, 0x00, 0x00, 0x00, 0x00, 0x00, 0x00, 0x00, 0x00, 0x00, 0x00, 0x00, 
    0x00, 0xFF, 0xFF, 0xFF, 0xFF, 0xFF, 0xFF, 0x00, 0x00, 0xFF, 0xFF, 0xFF, 
    0xFF, 0x00, 0x00, 0x00, 0x00, 0xFF, 0xFF, 0xFF, 0x00, 0x00, 0xFF, 0xFF, 
    0xFF, 0xFF, 0xFF, 0x00, 0x00, 0x00, 0xFF, 0xFF, 0xFF, 0xFF, 0x00, 0x00, 
    0x00, 0xFF, 0xFF, 0xFF, 0x00, 0x00, 0x00, 0x00, 0x00, 0xFF, 0xFF, 0xFF, 
    0xFF, 0xFF, 0x00, 0x00, 0xFF, 0x00, 0x00, 0x00, 0x00, 0x00, 0x00, 0xFF, 
    0xFF, 0x00, 0x00, 0x00, 0x00, 0x00, 0x00, 0xFF, 0x00, 0x00, 0x00, 0x00, 
    0xFF, 0xFF, 0xFF, 0xFF, 0x00, 0x00, 0xFF, 0xFF, 0xFF, 0xFF, 0xFF, 0xFF, 
    0xFF, 0xFF, 0xFF, 0xFF, 0xFF, 0xFF, 0xFF, 0x00, 0x00, 0xFF, 0xFF, 0x00, 
    0x00, 0x00, 0xFF, 0xFF, 0x00, 0x00, 0x00, 0x00, 0x00, 0x00, 0xFF, 0x00, 
    0x00, 0x00, 0x00, 0x00, 0xFF, 0xFF, 0xFF, 0x00, 0x00, 0x00, 0xFF, 0xFF, 
    0xFE, 0xFF, 0xFF, 0x00, 0x00, 0xFF, 0xFF, 0xFF, 0xFF, 0xFF, 0x00, 0x00, 
    0x00, 0xFF, 0xFF, 0xFF, 0x00, 0x00, 0x00, 0x00, 0xFF, 0xFF, 0x00, 0x00, 
    0x00, 0x00, 0x00, 0xFF, 0xFF, 0xFF, 0x00, 0x00, 0x00, 0x00, 0x00, 0xFF, 
    0xFF, 0x00, 0x00, 0x00, 0x00, 0xFF, 0xFF, 0xFF, 0x00, 0x00, 0x00, 0x00, 
    0xFF, 0xFF, 0xFF, 0xFF, 0xFF, 0x00, 0xFF, 0xFF, 0xFF, 0xFF, 0xFF, 0xFF, 
    0x00, 0x00, 0xFF, 0xFF, 0xFF, 0x00, 0x00, 0x00, 0x00, 0x00, 0xFF, 0xFF, 
    0xFF, 0x00, 0x00, 0x00, 0x00, 0x00, 0xFF, 0xFF, 0xFF, 0xFF, 0x00, 0x00, 
    0xFF, 0xFF, 0xFF, 0xFF, 0xFF, 0x00, 0x00, 0x00, 0x00, 0xFF, 0xFF, 0x00, 
    0x00, 0x01, 0x01, 0x00, 0x00, 0xFF, 0x00, 0x00, 0x00, 0x00, 0xFF, 0xFF, 
    0xFE, 0xFF, 0xFF, 0x00, 0x00, 0xFF, 0xFE, 0xFE, 0xFF, 0xFF, 0x00, 0x00, 
    0x00, 0xFF, 0xFF, 0xFF, 0x00, 0x00, 0x01, 0x00, 0xFF, 0xFF, 0xFF, 0x00, 
    0x00, 0x00, 0x00, 0x00, 0xFF, 0xFF, 0xFF, 0xFF, 0xFF, 0xFF, 0xFF, 0xFF, 
    0xFF, 0xFF, 0xFF, 0xFF, 0x00, 0x00, 0x00, 0x00, 0x00, 0x00, 0x00, 0x00, 
    0x00, 0x00, 0x00, 0x00, 0x00, 0x00, 0x00, 0x00, 0x00, 0x00, 0x00, 0xFF, 
    0xFF, 0xFF, 0xFF, 0x00, 0x00, 0xFF, 0xFF, 0xFF, 0xFF, 0xFF, 0x00, 0x00, 
    0xFF, 0xFF, 0xFF, 0xFF, 0x00, 0x00, 0x00, 0x00, 0xFF, 0xFF, 0xFF, 0x00, 
    0x00, 0x01, 0x00, 0x00, 0x00, 0x00, 0x00, 0x00, 0x00, 0x00, 0x00, 0xFF, 
    0xFF, 0xFF, 0xFF, 0xFF, 0xFF, 0x00, 0xFF, 0xFF, 0xFF, 0xFF, 0xFF, 0xFF, 
    0xFF, 0xFF, 0xFF, 0xFF, 0xFF, 0xFF, 0xFF, 0x00, 0x00, 0x00, 0xFF, 0xFF, 
    0xFF, 0x00, 0x00, 0x00, 0x00, 0x00, 0x00, 0x00, 0x00, 0x00, 0x00, 0x00, 
    0x00, 0x00, 0xFF, 0xFF, 0x00, 0x00, 0x00, 0xFF, 0xFF, 0xFF, 0xFF, 0xFF, 
    0x00, 0x00, 0xFF, 0xFF, 0xFF, 0xFF, 0x00, 0x00, 0x01, 0x00, 0x00, 0xFF, 
    0xFF, 0xFF, 0x00, 0x00, 0x00, 0xFF, 0xFF, 0xFF, 0xFF, 0xFF, 0xFF, 0xFF, 
    0xFF, 0xFE, 0xFE, 0xFF, 0xFF, 0x00, 0x00, 0x00, 0x00, 0xFF, 0xFF, 0x00, 
    0x00, 0x00, 0x00, 0x00, 0x00, 0xFF, 0x00, 0x00, 0x00, 0x00, 0x00, 0xFF, 
    0xFF, 0xFF, 0xFF, 0x00, 0x00, 0xFF, 0xFF, 0xFF, 0xFF, 0xFF, 0xFF, 0x00, 
    0x00, 0xFF, 0xFF, 0xFF, 0xFF, 0x00, 0x00, 0x00, 0xFF, 0xFF, 0xFF, 0x00, 
    0x00, 0x00, 0x00, 0x00, 0x00, 0xFF, 0x00, 0x00, 0x00, 0x00, 0x00, 0x00, 
    0x00, 0x00, 0x00, 0x00, 0x00, 0xFF, 0xFF, 0xFF, 0xFF, 0x00, 0x00, 0xFF, 
    0xFF, 0xFF, 0xFF, 0xFF, 0x00, 0x00, 0xFF, 0xFF, 0xFF, 0xFF, 0xFF, 0xFF, 
    0xFF, 0xFF, 0xFF, 0x00, 0x00, 0x00, 0x00, 0x00, 0xFF, 0xFF, 0x00, 0x00, 
    0x00, 0x00, 0xFF, 0xFF, 0xFF, 0xFF, 0x00, 0x00, 0xFF, 0xFF, 0xFF, 0xFF, 
    0x00, 0x00, 0x00, 0xFF, 0xFF, 0xFF, 0xFF, 0x00, 0x00, 0x00, 0x00, 0x00, 
    0x00, 0x00, 0x01, 0x01, 0x01, 0x00, 0x00, 0x00, 0x00, 0x00, 0x00, 0x00, 
    0xFF, 0xFF, 0xFF, 0xFF, 0xFF, 0xFF, 0xFF, 0xFF, 0xFF, 0xFF, 0xFF, 0xFF, 
    0xFF, 0xFF, 0x00, 0x00, 0xFF, 0x00, 0x00, 0x00, 0x00, 0x00, 0x00, 0x00, 
    0x00, 0x00, 0x00, 0x00, 0x00, 0x00, 0x00, 0x00, 0xFF, 0xFF, 0xFF, 0xFF, 
    0x00, 0x00, 0x00, 0xFF, 0xFF, 0xFF, 0xFF, 0xFF, 0x00, 0x00, 0xFF, 0xFF, 
    0xFF, 0xFF, 0xFF, 0x00, 0xFF, 0xFF, 0xFF, 0xFF, 0xFF, 0xFF, 0x00, 0xFF, 
    0xFF, 0xFF, 0xFF, 0xFF, 0xFF, 0x00, 0x00, 0x00, 0x00, 0x00, 0x00, 0x00, 
    0x00, 0x00, 0x00, 0x00, 0x00, 0x00, 0x00, 0xFF, 0xFF, 0xFF, 0xFF, 0x00, 
    0x00, 0x00, 0xFF, 0xFF, 0xFF, 0xFF, 0xFF, 0x00, 0x00, 0xFF, 0xFF, 0xFF, 
    0xFF, 0x00, 0x00, 0x00, 0x00, 0xFF, 0xFF, 0xFF, 0xFF, 0x00, 0x00, 0x00, 
    0xFF, 0xFF, 0xFF, 0xFF, 0x00, 0x00, 0x00, 0x00, 0xFF, 0xFF, 0x00, 0x00, 
    0x00, 0x00, 0xFF, 0xFF, 0xFF, 0xFF, 0x00, 0x00, 0x00, 0xFF, 0xFF, 0xFF, 
    0xFF, 0xFF, 0x00, 0x00, 0xFF, 0xFF, 0xFF, 0xFF, 0xFF, 0x00, 0x00, 0x00, 
    0xFF, 0xFF, 0xFF, 0xFF, 0x00, 0x00, 0x00, 0x00, 0x00, 0x00, 0x00, 0x00, 
    0x00, 0x00, 0x00, 0x00, 0x00, 0x00, 0x00, 0x00, 0x00, 0xFF, 0xFF, 0xFF, 
    0xFF, 0xFF, 0x00, 0x00, 0xFF, 0xFF, 0xFF, 0xFF, 0xFF, 0xFF, 0xFF, 0xFF, 
    0xFF, 0xFF, 0xFF, 0x00, 0x00, 0x00, 0x00, 0xFF, 0xFF, 0x00, 0x00, 0x00, 
    0x00, 0x00, 0xFF, 0xFF, 0x00, 0x00, 0x00, 0x00, 0x00, 0xFF, 0xFF, 0xFF, 
    0x00, 0x00, 0x00, 0xFF, 0xFF, 0xFF, 0xFF, 0xFF, 0x00, 0x00, 0x00, 0x00, 
    0xFF, 0xFF, 0x00, 0x00, 0x00, 0x00, 0xFF, 0xFF, 0xFF, 0xFF, 0x00, 0x00, 
    0xFF, 0xFF, 0xFF, 0xFF, 0xFF, 0x00, 0x00, 0x00, 0xFF, 0xFF, 0xFF, 0xFF, 
    0x00, 0x00, 0x00, 0x00, 0x00, 0x00, 0x00, 0x00, 0x00, 0x00, 0xFF, 0xFF, 
    0xFF, 0xFF, 0xFF, 0x00, 0x00, 0xFF, 0xFF, 0xFF, 0xFF, 0xFF, 0xFF, 0xFF, 
    0xFF, 0xFF, 0xFF, 0xFF, 0xFF, 0x00, 0x00, 0x00, 0x00, 0x00, 0xFF, 0xFF, 
    0xFF, 0xFF, 0xFF, 0xFF, 0xFF, 0xFF, 0xFF, 0xFF, 0xFF, 0x00, 0x00, 0x00, 
    0x00, 0x00, 0x00, 0x00, 0x00, 0x00, 0x00, 0x00, 0x00, 0x00, 0x00, 0x00, 
    0x00, 0x00, 0x00, 0xFF, 0xFF, 0xFF, 0xFF, 0xFF, 0xFF, 0xFF, 0xFF, 0xFF, 
    0xFF, 0xFF, 0xFF, 0xFF, 0xFF, 0x00, 0x00, 0x00, 0x00, 0x00, 0x00, 0x00, 
    0x00, 0x00, 0x01, 0x01, 0x00, 0x00, 0x00, 0x00, 0xFF, 0xFF, 0xFF, 0xFF, 
    0xFF, 0xFF, 0xFE, 0xFE, 0xFE, 0xFE, 0xFE, 0xFF, 0xFE, 0xFE, 0xFF, 0xFF, 
    0xFF, 0x00, 0x00, 0x00, 0x00, 0x00, 0x00, 0x00, 0x01, 0x01, 0x00, 0x00, 
    0x00, 0x00, 0x00, 0x00, 0x00, 0x00, 0xFF, 0xFF, 0xFF, 0xFF, 0xFF, 0xFF, 
    0xFF, 0xFF, 0xFF, 0xFF, 0xFF, 0xFF, 0x00, 0xFF, 0xFF, 0xFF, 0xFF, 0xFF, 
    0x00, 0x00, 0x00, 0x00, 0x00, 0x00, 0xFF, 0x00, 0x00, 0x00, 0x00, 0xFF, 
    0xFF, 0xFF, 0xFF, 0xFF, 0x00, 0x00, 0xFF, 0xFF, 0xFF, 0xFF, 0xFF, 0xFF, 
    0xFF, 0x00, 0xFF, 0xFF, 0xFF, 0xFF, 0xFF, 0xFF, 0xFF, 0xFF, 0xFF, 0xFF, 
    0xFF, 0xFF, 0xFF, 0xFF, 0xFF, 0xFF, 0xFF, 0xFF, 0xFF, 0x00, 0x00, 0x00, 
    0x00, 0x00, 0x00, 0x00, 0x00, 0x00, 0x00, 0x00, 0xFF, 0xFF, 0xFF, 0xFF, 
    0xFF, 0xFF, 0xFF, 0xFF, 0xFF, 0xFF, 0xFF, 0xFF, 0x00, 0x00, 0x00, 0x00, 
    0x00, 0x00, 0x00, 0x00, 0x00, 0x00, 0x00, 0x00, 0x00, 0x00, 0x00, 0x00, 
    0x00, 0x00, 0x00, 0x00, 0x00, 0xFF, 0xFF, 0xFF, 0xFF, 0xFF, 0xFF, 0xFF, 
    0xFF, 0xFF, 0xFF, 0xFF, 0xFF, 0xFF, 0xFF, 0xFF, 0xFF, 0xFF, 0xFF, 0xFF, 
    0x00, 0x00, 0x00, 0x00, 0x00, 0x00, 0x00, 0x00, 0x00, 0x00, 0x00, 0x00, 
    0x00, 0xFF, 0xFF, 0xFF, 0xFF, 0xFF, 0xFF, 0xFF, 0xFF, 0xFF, 0xFF, 0xFF, 
    0xFF, 0xFF, 0x00, 0x00, 0xFF, 0xFF, 0x00, 0x00, 0x00, 0x00, 0x00, 0x00, 
    0xFF, 0x00, 0x00, 0x00, 0x00, 0x00, 0x00, 0x00, 0x00, 0x00, 0x00, 0x00, 
    0x00, 0x00, 0xFF, 0xFF, 0xFF, 0xFF, 0xFF, 0xFF, 0xFF, 0xFF, 0xFF, 0xFF, 
    0xFF, 0xFF, 0xFF, 0xFF, 0xFF, 0xFF, 0xFF, 0xFF, 0xFF, 0xFF, 0xFF, 0xFF, 
    0xFF, 0x00, 0x00, 0x00, 0x00, 0x00, 0x00, 0x00, 0x00, 0x00, 0x00, 0x00, 
    0x00, 0x00, 0x00, 0x00, 0x00, 0x00, 0xFF, 0xFF, 0xFF, 0xFF, 0xFF, 0xFF, 
    0xFF, 0xFF, 0xFF, 0xFF, 0xFF, 0xFF, 0xFF, 0xFF, 0x00, 0x00, 0x00, 0x00, 
    0x00, 0x00, 0x00, 0x00, 0x00, 0x00, 0x00, 0x00, 0x00, 0x00, 0x00, 0x00, 
    0x00, 0x00, 0x00, 0x00, 0x00, 0x00, 0x00, 0x00, 0xFF, 0xFF, 0xFF, 0xFF, 
    0xFF, 0xFF, 0xFF, 0xFF, 0xFF, 0xFF, 0xFF, 0xFF, 0xFF, 0x00, 0x00, 0x00, 
    0xFF, 0xFF, 0x00, 0x00, 0x00, 0x00, 0x00, 0x00, 0x00, 0x00, 0x00, 0x00, 
    0x00, 0x00, 0x00, 0xFF, 0xFF, 0x00, 0xFF, 0xFF, 0xFF, 0xFF, 0xFF, 0xFF, 
    0xFF, 0xFF, 0xFF, 0xFF, 0xFF, 0xFF, 0xFF, 0xFF, 0xFF, 0x00, 0x00, 0x00, 
    0x00, 0x00, 0x00, 0x00, 0x00, 0x00, 0x00, 0x00, 0x00, 0x00, 0x00, 0x00, 
    0x00, 0x00, 0x00, 0x00, 0xFF, 0xFF, 0xFF, 0xFF, 0xFF, 0xFF, 0xFF, 0xFF, 
    0xFF, 0x00, 0x00, 0xFF, 0xFF, 0xFF, 0xFF, 0xFF, 0x00, 0x00, 0x00, 0x00, 
    0x00, 0x00, 0x00, 0x00, 0x00, 0x00, 0xFF, 0xFF, 0xFF, 0xFF, 0xFF, 0xFF, 
    0xFF, 0xFF, 0xFF, 0xFF, 0xFF, 0xFF, 0xFF, 0xFF, 0xFF, 0xFF, 0xFF, 0xFF, 
    0x00, 0x00, 0x00, 0x00, 0x00, 0x00, 0xFF, 0x00, 0x00, 0x00, 0x00, 0x00, 
    0x00, 0xFF, 0xFF, 0xFF, 0xFF, 0xFF, 0xFF, 0xFF, 0xFF, 0xFF, 0xFF, 0x00, 
    0x00, 0x00, 0x00, 0x00, 0x00, 0x00, 0x00, 0x00, 0x00, 0x00, 0xFF, 0xFF, 
    0xFF, 0xFF, 0xFF, 0xFF, 0xFF, 0xFF, 0xFF, 0xFF, 0xFF, 0xFF, 0x00, 0x00, 
    0x00, 0x00, 0x00, 0x00, 0x00, 0x00, 0x00, 0x00, 0x00, 0x00, 0xFF, 0xFF, 
    0xFF, 0xFF, 0xFF, 0xFF, 0xFF, 0xFF, 0xFF, 0xFF, 0xFF, 0xFF, 0xFF, 0xFF, 
    0xFF, 0xFF, 0xFF, 0x00, 0x00, 0x00, 0xFF, 0xFF, 0xFF, 0x00, 0x00, 0x00, 
    0x00, 0x00, 0x00, 0x00, 0x00, 0x00, 0x00, 0x00, 0x00, 0x00, 0x00, 0x00, 
    0x00, 0xFF, 0xFF, 0xFF, 0xFF, 0xFF, 0xFF, 0x00, 0x00, 0x00, 0x00, 0x00, 
    0x00, 0x00, 0x00, 0x00, 0x00, 0x00, 0x00, 0x00, 0x00, 0x00, 0x00, 0x00, 
    0x00, 0xFF, 0xFF, 0xFF, 0xFF, 0xFF, 0xFF, 0xFF, 0xFF, 0xFF, 0xFF, 0xFF, 
    0xFF, 0xFF, 0xFF, 0xFF, 0xFF, 0x00, 0x00, 0x00, 0x00, 0x00, 0x00, 0x00, 
    0x00, 0x00, 0x00, 0x00, 0x00, 0x00, 0x00, 0xFF, 0xFF, 0xFF, 0xFF, 0xFF, 
    0xFF, 0xFF, 0xFF, 0xFF, 0xFF, 0xFF, 0xFF, 0xFF, 0xFF, 0xFF, 0xFF, 0x00, 
    0x00, 0x00, 0x00, 0x00, 0x00, 0x00, 0x00, 0x00, 0x00, 0x00, 0x00, 0x00, 
    0x00, 0x00, 0x00, 0x00, 0x00, 0x00, 0x00, 0x00, 0x00, 0xFF, 0xFF, 0xFF, 
    0xFF, 0xFF, 0xFF, 0xFF, 0xFF, 0xFF, 0xFF, 0xFF, 0xFF, 0xFF, 0xFF, 0xFF, 
    0xFF, 0xFF, 0x00, 0x00, 0x00, 0x00, 0x00, 0x00, 0x00, 0x00, 0x00, 0x00, 
    0x00, 0x00, 0xFF, 0xFF, 0xFF, 0xFF, 0xFF, 0xFF, 0xFF, 0xFF, 0xFF, 0xFF, 
    0xFF, 0xFF, 0xFF, 0xFF, 0xFF, 0xFF, 0x00, 0x00, 0x00, 0x00, 0x00, 0x00, 
    0x00, 0x00, 0x00, 0x00, 0x00, 0x00, 0x00, 0x00, 0x00, 0xFF, 0xFF, 0xFF, 
    0xFF, 0xFF, 0xFF, 0xFF, 0xFF, 0xFF, 0xFF, 0x00, 0x00, 0x00, 0xFF, 0xFF, 
    0x00, 0x00, 0x00, 0x00, 0x00, 0x00, 0x00, 0x00, 0x00, 0x00, 0x00, 0x00, 
    0x00, 0xFF, 0xFF, 0xFF, 0xFF, 0xFF, 0xFF, 0xFF, 0xFF, 0xFF, 0xFF, 0xFF, 
    0xFF, 0xFF, 0xFF, 0xFF, 0xFF, 0xFF, 0xFF, 0xFF, 0x00, 0x00, 0x00, 0x00, 
    0x00, 0x00, 0x00, 0x00, 0x00, 0x00, 0x00, 0x00, 0x00, 0x00, 0x00, 0x00, 
    0xFF, 0xFF, 0xFF, 0xFF, 0xFF, 0xFF, 0xFF, 0xFF, 0xFF, 0xFF, 0xFF, 0xFF, 
    0xFF, 0xFF, 0xFF, 0xFF, 0x00, 0x00, 0x00, 0x00, 0x00, 0x00, 0x00, 0x00, 
    0x00, 0x00, 0x00, 0x00, 0x00, 0x00, 0x00, 0x00, 0x00, 0x00, 0x00, 0x00, 
    0x00, 0x00, 0x00, 0x00, 0x00, 0x00, 0x00, 0x00, 0x00, 0xFF, 0xFF, 0xFF, 
    0xFF, 0xFF, 0xFF, 0xFF, 0xFF, 0x00, 0x00, 0x00, 0x00, 0x00, 0x00, 0x00, 
    0x00, 0xFF, 0xFF, 0xFF, 0xFF, 0xFF, 0xFF, 0xFF, 0xFF, 0xFF, 0xFF, 0xFF, 
    0xFF, 0xFF, 0xFF, 0xFF, 0xFF, 0xFF, 0xFF, 0xFF, 0xFF, 0x00, 0x00, 0x00, 
    0x00, 0x00, 0x00, 0x00, 0x00, 0x00, 0x00, 0x00, 0x00, 0x00, 0x00, 0x00, 
    0x00, 0x00, 0xFF, 0xFF, 0xFF, 0xFF, 0xFF, 0xFF, 0xFF, 0xFF, 0xFF, 0xFF, 
    0xFF, 0xFF, 0x00, 0xFF, 0xFF, 0xFF, 0xFF, 0xFF, 0xFF, 0xFF, 0x00, 0xFF, 
    0xFF, 0xFF, 0xFF, 0xFF, 0xFF, 0xFF, 0xFF, 0xFF, 0xFF, 0x00, 0xFF, 0xFF, 
    0xFF, 0xFF, 0x00, 0x00, 0x00, 0x00, 0x00, 0x00, 0xFF, 0xFF, 0xFF, 0xFF, 
    0xFF, 0xFF, 0xFF, 0xFF, 0xFF, 0xFF, 0xFF, 0xFF, 0xFF, 0xFF, 0x00, 0x00, 
    0x00, 0x00, 0x00, 0x00, 0x00, 0x00, 0x00, 0x00, 0x00, 0x00, 0x00, 0x00, 
    0x00, 0x00, 0x00, 0xFF, 0xFF, 0xFF, 0xFF, 0xFF, 0xFF, 0xFF, 0xFF, 0xFF, 
    0xFF, 0xFF, 0xFF, 0xFF, 0xFF, 0xFF, 0xFF, 0xFF, 0xFF, 0xFF, 0xFF, 0xFF, 
    0xFF, 0xFF, 0xFF, 0xFF, 0x00, 0x00, 0x00, 0x00, 0x00, 0x00, 0x00, 0x00, 
    0x00, 0x00, 0x00, 0x00, 0x00, 0x00, 0x00, 0x00, 0xFF, 0xFF, 0xFF, 0xFF, 
    0xFF, 0xFF, 0xFF, 0xFF, 0xFF, 0xFF, 0xFF, 0xFF, 0xFF, 0xFF, 0xFF, 0xFF, 
    0xFF, 0xFF, 0xFF, 0xFF, 0x00, 0x00, 0x00, 0x00, 0x00, 0x00, 0x00, 0x00, 
    0x00, 0x00, 0x00, 0xFF, 0xFF, 0xFF, 0xFF, 0xFF, 0xFF, 0xFF, 0xFF, 0xFF, 
    0x00, 0x00, 0x00, 0x00, 0x00, 0x00, 0x00, 0x00, 0x00, 0x00, 0xFF, 0xFF, 
    0xFF, 0x00, 0x00, 0x00, 0x00, 0x00, 0x00, 0x00, 0x00, 0xFF, 0xFF, 0xFF, 
    0xFF, 0xFF, 0xFF, 0xFF, 0xFF, 0xFF, 0xFF, 0xFF, 0xFF, 0x00, 0x00, 0x00, 
    0x00, 0xFF, 0xFF, 0xFF, 0xFF, 0xFF, 0xFF, 0xFF, 0xFF, 0xFF, 0x00, 0x00, 
    0x00, 0x00, 0x00, 0x00, 0x00, 0x00, 0x00, 0x00, 0x00, 0xFF, 0xFF, 0xFF, 
    0xFF, 0xFF, 0x00, 0x00, 0xFF, 0x00, 0xFF, 0xFF, 0xFF, 0x00, 0xFF, 0x00, 
    0xFF, 0xFF, 0x00, 0x00, 0x00, 0x00, 0x00, 0x00, 0x00, 0x00, 0x00, 0x00, 
    0x00, 0x00, 0x00, 0x00, 0x00, 0x00, 0xFF, 0xFF, 0xFF, 0xFF, 0xFF, 0xFF, 
    0xFF, 0xFF, 0xFF, 0xFF, 0xFF, 0xFF, 0xFF, 0xFF, 0xFF, 0xFF, 0xFF, 0xFF, 
    0x00, 0x00, 0x00, 0x00, 0x00, 0x00, 0x00, 0x00, 0x00, 0x00, 0x00, 0x00, 
    0x00, 0x00, 0x00, 0x00, 0x00, 0x00, 0x00, 0x00, 0x00, 0x00, 0x00, 0x00, 
    0x00, 0x00, 0x00, 0x00, 0xFF, 0xFF, 0xFF, 0xFF, 0xFF, 0xFF, 0xFF, 0xFF, 
    0xFF, 0xFF, 0xFF, 0xFF, 0xFF, 0xFF, 0xFF, 0xFF, 0xFF, 0xFF, 0xFF, 0x00, 
    0xFF, 0xFF, 0xFF, 0x00, 0x00, 0x00, 0x00, 0x00, 0x00, 0x00, 0x00, 0x00, 
    0xFF, 0xFF, 0xFF, 0xFF, 0xFF, 0xFF, 0xFF, 0xFF, 0xFF, 0x00, 0x00, 0x00, 
    0x00, 0xFF, 0xFF, 0xFF, 0xFF, 0x00, 0x00, 0x00, 0x00, 0x00, 0x00, 0x00, 
    0x00, 0xFF, 0xFF, 0xFF, 0x00, 0x00, 0x00, 0x00, 0x00, 0xFF, 0xFF, 0xFF, 
    0xFF, 0xFF, 0xFF, 0xFF, 0xFF, 0x00, 0x00, 0x00, 0x00, 0x00, 0x00, 0x00, 
    0x00, 0x00, 0x00, 0x00, 0x00, 0x00, 0x00, 0x00, 0x00, 0x00, 0x00, 0x00, 
    0x00, 0x00, 0x00, 0x00, 0xFF, 0xFF, 0xFF, 0xFF, 0xFF, 0xFF, 0xFF, 0xFF, 
    0xFF, 0xFF, 0xFF, 0xFF, 0x00, 0x00, 0x00, 0x00, 0x00, 0x00, 0x00, 0x00, 
    0x00, 0x00, 0x00, 0x00, 0x00, 0x00, 0x00, 0x00, 0xFF, 0xFF, 0xFF, 0x00, 
    0x00, 0xFF, 0xFF, 0xFF, 0xFF, 0xFF, 0xFF, 0xFF, 0xFF, 0xFF, 0x00, 0x00, 
    0x00, 0x00, 0x00, 0x00, 0x00, 0x00, 0x00, 0xFF, 0xFF, 0x00, 0x00, 0x00, 
    0x00, 0x00, 0xFF, 0xFF, 0x00, 0x00, 0x00, 0x00, 0x00, 0x00, 0x00, 0x00, 
    0x00, 0x00, 0x00, 0xFF, 0xFF, 0xFF, 0x00, 0x00, 0xFF, 0xFF, 0xFF, 0xFF, 
    0xFF, 0xFF, 0xFF, 0xFF, 0xFF, 0xFF, 0xFF, 0xFF, 0xFF, 0xFF, 0x00, 0xFF, 
    0xFF, 0xFF, 0xFF, 0xFF, 0x00, 0x00, 0x00, 0x00, 0xFF, 0xFF, 0xFF, 0xFF, 
    0x00, 0x00, 0x00, 0xFF, 0xFF, 0xFF, 0xFF, 0xFF, 0x00, 0xFF, 0xFF, 0xFF, 
    0xFF, 0xFF, 0x00, 0x00, 0x00, 0xFF, 0xFF, 0xFF, 0x00, 0x00, 0x00, 0x00, 
    0x00, 0x00, 0x00, 0x00, 0x00, 0x00, 0x00, 0x00, 0x00, 0x00, 0xFF, 0x00, 
    0x00, 0x00, 0xFF, 0xFF, 0xFF, 0xFF, 0xFF, 0xFF, 0xFF, 0xFF, 0xFF, 0xFF, 
    0xFF, 0xFF, 0x00, 0x00, 0x00, 0x00, 0x00, 0x00, 0x00, 0x00, 0x00, 0x00, 
    0x00, 0x00, 0x00, 0x00, 0x00, 0x00, 0xFF, 0xFF, 0xFF, 0xFF, 0xFF, 0xFF, 
    0xFF, 0xFF, 0xFF, 0xFF, 0xFF, 0x00, 0x00, 0x00, 0xFF, 0xFF, 0x00, 0x00, 
    0x00, 0x00, 0x00, 0x00, 0x00, 0x00, 0x00, 0x00, 0x00, 0x00, 0xFF, 0xFF, 
    0xFF, 0xFF, 0x00, 0x00, 0x00, 0x00, 0x00, 0x00, 0x00, 0x00, 0xFF, 0xFF, 
    0xFF, 0xFF, 0xFF, 0xFF, 0xFF, 0xFF, 0xFF, 0xFF, 0xFF, 0xFF, 0xFF, 0xFF, 
    0xFF, 0xFF, 0xFF, 0x00, 0x00, 0x00, 0x00, 0x00, 0x00, 0x00, 0x00, 0x00, 
    0xFF, 0x00, 0x00, 0x00, 0x00, 0x00, 0x00, 0x00, 0x00, 0xFF, 0xFF, 0xFF, 
    0xFF, 0xFF, 0xFF, 0xFF, 0xFF, 0xFF, 0xFF, 0xFF, 0xFF, 0xFF, 0x00, 0x00, 
    0x00, 0x00, 0x00, 0x00, 0x00, 0x00, 0x00, 0x00, 0x00, 0x00, 0xFF, 0xFF, 
    0xFF, 0xFF, 0xFF, 0xFF, 0xFF, 0xFF, 0xFF, 0xFF, 0xFF, 0xFF, 0xFE, 0xFF, 
    0xFF, 0xFF, 0xFF, 0xFF, 0xFF, 0x00, 0x00, 0x01, 0x01, 0x01, 0x01, 0x01, 
    0x01, 0x01, 0x00, 0x00, 0x00, 0x00, 0x00, 0x00, 0x00, 0x00, 0xFF, 0xFF, 
    0xFF, 0xFF, 0xFF, 0xFF, 0xFF, 0xFF, 0xFF, 0xFF, 0xFF, 0xFF, 0xFF, 0xFF, 
    0xFF, 0xFF, 0xFF, 0xFF, 0x00, 0x00, 0x00, 0x00, 0x00, 0x00, 0x00, 0x00, 
    0x00, 0x00, 0x00, 0x00, 0x00, 0x00, 0x00, 0x00, 0xFF, 0xFF, 0xFF, 0xFF, 
    0xFF, 0xFF, 0xFF, 0xFF, 0xFF, 0xFF, 0xFF, 0xFF, 0xFF, 0xFF, 0x00, 0x00, 
    0x00, 0x00, 0x00, 0x00, 0x01, 0x01, 0x01, 0x01, 0x00, 0x00, 0x00, 0x00, 
    0x00, 0xFF, 0xFF, 0xFF, 0xFF, 0xFF, 0xFF, 0xFF, 0xFF, 0xFF, 0xFF, 0xFF, 
    0xFF, 0xFF, 0xFF, 0x00, 0x00, 0x00, 0x00, 0x00, 0x00, 0x00, 0x00, 0x00, 
    0x00, 0x00, 0x00, 0x00, 0x00, 0x00, 0x00, 0x00, 0x00, 0xFF, 0xFF, 0xFF, 
    0xFF, 0xFF, 0xFF, 0xFF, 0xFF, 0xFF, 0xFF, 0xFF, 0xFF, 0xFF, 0xFF, 0xFF, 
    0xFF, 0xFF, 0xFF, 0xFF, 0xFF, 0xFF, 0x00, 0x00, 0x00, 0x00, 0x00, 0x00, 
    0x00, 0x00, 0x00, 0x00, 0x00, 0x00, 0x00, 0x00, 0x00, 0x00, 0xFF, 0xFF, 
    0xFF, 0xFF, 0xFF, 0xFF, 0xFF, 0xFF, 0xFF, 0xFF, 0xFF, 0xFF, 0x00, 0x00, 
    0x00, 0x00, 0x00, 0x00, 0x00, 0x00, 0x00, 0x00, 0x00, 0x00, 0x00, 0x00, 
    0x00, 0x00, 0x00, 0x00, 0x00, 0x00, 0x00, 0xFF, 0xFF, 0xFF, 0xFF, 0xFF, 
    0xFF, 0xFF, 0xFF, 0xFF, 0xFF, 0xFF, 0xFF, 0xFF, 0xFF, 0xFF, 0xFF, 0xFF, 
    0xFF, 0xFF, 0x00, 0x00, 0x00, 0x00, 0x00, 0x00, 0x00, 0x00, 0x00, 0x00, 
    0x00, 0x00, 0x00, 0x00, 0x00, 0x00, 0xFF, 0xFF, 0xFF, 0xFF, 0xFF, 0xFF, 
    0xFF, 0xFF, 0xFF, 0xFF, 0xFF, 0xFF, 0x00, 0x00, 0x00, 0x00, 0x00, 0x00, 
    0x00, 0x00, 0x00, 0x00, 0x00, 0x00, 0x00, 0x00, 0x00, 0x00, 0xFF, 0xFF, 
    0xFF, 0xFF, 0xFF, 0xFF, 0xFF, 0xFF, 0xFF, 0xFF, 0xFF, 0xFF, 0xFF, 0xFF, 
    0xFF, 0xFF, 0xFF, 0xFF, 0xFF, 0x00, 0x00, 0x00, 0x00, 0x00, 0x00, 0x00, 
    0x00, 0x00, 0x00, 0x00, 0x00, 0x00, 0x00, 0x00, 0x00, 0x00, 0x00, 0xFF, 
    0xFF, 0xFF, 0xFF, 0xFF, 0xFF, 0xFF, 0xFF, 0xFF, 0xFF, 0xFF, 0xFF, 0xFF, 
    0xFF, 0xFF, 0xFF, 0x00, 0x00, 0x00, 0x00, 0x00, 0x00, 0x00, 0x00, 0x00, 
    0x00, 0x00, 0x00, 0x00, 0x00, 0x00, 0xFF, 0xFF, 0xFF, 0xFF, 0xFF, 0xFF, 
    0xFF, 0xFF, 0xFF, 0xFF, 0xFF, 0xFF, 0xFF, 0xFF, 0xFF, 0xFF, 0x00, 0xFF, 
    0xFF, 0xFF, 0xFF, 0x00, 0x00, 0x00, 0x00, 0x00, 0x00, 0x00, 0x00, 0x00, 
    0x00, 0x00, 0x00, 0x00, 0x00, 0x00, 0x00, 0xFF, 0xFF, 0xFF, 0xFF, 0xFF, 
    0xFF, 0xFF, 0xFF, 0xFF, 0xFF, 0xFF, 0xFF, 0xFF, 0xFF, 0xFF, 0xFF, 0xFF, 
    0x00, 0x00, 0x00, 0x00, 0x01, 0x01, 0x01, 0x01, 0x01, 0x00, 0x00, 0x00, 
    0x00, 0x00, 0xFF, 0xFF, 0xFF, 0xFF, 0xFF, 0xFF, 0xFF, 0xFF, 0xFF, 0xFF, 
    0xFF, 0xFF, 0xFF, 0x00, 0x00, 0x00, 0x00, 0x00, 0x00, 0x00, 0x00, 0x00, 
    0x00, 0x00, 0x00, 0x00, 0x00, 0xFF, 0xFF, 0xFF, 0xFF, 0xFF, 0xFF, 0xFF, 
    0xFF, 0xFF, 0xFF, 0xFF, 0xFF, 0xFF, 0xFF, 0xFF, 0xFF, 0xFF, 0xFF, 0xFF, 
    0x00, 0x00, 0x00, 0x00, 0x00, 0x00, 0x00, 0x00, 0x00, 0x00, 0x00, 0x00, 
    0x00, 0x00, 0x00, 0x00, 0x00, 0x00, 0x00, 0x00, 0xFF, 0xFF, 0xFF, 0xFF, 
    0xFF, 0xFF, 0xFF, 0xFF, 0xFF, 0xFF, 0xFF, 0xFF, 0xFF, 0xFF, 0xFF, 0x00, 
    0x00, 0x00, 0x00, 0x00, 0x00, 0x00, 0x00, 0x00, 0x00, 0x00, 0x00, 0x00, 
    0x00, 0xFF, 0xFF, 0xFF, 0xFF, 0xFF, 0xFF, 0xFF, 0xFF, 0xFF, 0xFF, 0xFF, 
    0xFF, 0xFF, 0xFF, 0xFF, 0xFF, 0xFF, 0xFF, 0xFF, 0xFF, 0xFF, 0xFF, 0xFF, 
    0xFF, 0x00, 0x00, 0x00, 0x00, 0x00, 0x00, 0x00, 0x01, 0x01, 0x01, 0x00, 
    0x00, 0x00, 0x00, 0x00, 0x00, 0x00, 0x00, 0x00, 0xFF, 0xFF, 0xFF, 0xFF, 
    0xFF, 0xFE, 0xFE, 0xFE, 0xFE, 0xFE, 0xFF, 0xFF, 0xFF, 0xFF, 0xFF, 0x00, 
    0x00, 0x00, 0x00, 0x00, 0x00, 0x00, 0x00, 0x00, 0x00, 0x00, 0x00, 0x00, 
    0x00, 0xFF, 0xFF, 0xFF, 0xFF, 0xFF, 0xFF, 0xFF, 0xFF, 0xFF, 0xFF, 0xFF, 
    0xFF, 0xFF, 0xFF, 0xFF, 0xFF, 0xFF, 0xFF, 0xFF, 0x00, 0x00, 0x00, 0x00, 
    0x00, 0x00, 0x00, 0x00, 0x00, 0x00, 0x00, 0x00, 0x00, 0x00, 0x00, 0x00, 
    0x00, 0x00, 0x00, 0x00, 0xFF, 0xFF, 0xFF, 0xFF, 0xFF, 0xFF, 0xFF, 0xFF, 
    0xFF, 0xFF, 0xFF, 0xFF, 0xFF, 0xFF, 0xFF, 0xFF, 0x00, 0x00, 0x00, 0x00, 
    0x00, 0x00, 0x00, 0x00, 0x00, 0x00, 0x00, 0x00, 0x00, 0x00, 0x00, 0x00, 
    0x00, 0x00, 0x00, 0xFF, 0xFF, 0xFF, 0xFF, 0xFF, 0xFF, 0xFF, 0xFF, 0xFF, 
    0xFF, 0xFF, 0xFF, 0xFF, 0xFF, 0xFF, 0xFF, 0x00, 0x00, 0x00, 0x00, 0x00, 
    0x00, 0x00, 0x00, 0x00, 0x00, 0x00, 0x00, 0x00, 0x00, 0x00, 0x00, 0x00, 
    0xFF, 0xFF, 0xFF, 0xFF, 0xFF, 0xFF, 0xFF, 0xFF, 0xFF, 0xFF, 0xFF, 0xFF, 
    0xFF, 0xFF, 0xFF, 0xFF, 0x00, 0x00, 0x00, 0x00, 0x00, 0x00, 0x00, 0x00, 
    0x00, 0x00, 0x00, 0x00, 0x00, 0x00, 0x00, 0x00, 0x00, 0x00, 0x00, 0x00, 
    0x00, 0xFF, 0xFF, 0xFF, 0xFF, 0xFF, 0xFF, 0xFF, 0xFF, 0xFF, 0xFF, 0xFF, 
    0xFF, 0xFF, 0xFF, 0xFF, 0xFF, 0x00, 0x00, 0x00, 0x00, 0x00, 0x00, 0x00, 
    0x00, 0x00, 0x00, 0x00, 0x00, 0x00, 0x00, 0x00, 0x00, 0x00, 0xFF, 0xFF, 
    0xFF, 0xFF, 0xFF, 0xFF, 0xFF, 0xFF, 0xFF, 0xFF, 0xFF, 0xFF, 0xFF, 0xFF, 
    0x00, 0x00, 0x00, 0x00, 0x00, 0x00, 0x00, 0x00, 0x00, 0x00, 0x00, 0x00, 
    0x00, 0x00, 0x00, 0x00, 0x00, 0xFF, 0xFF, 0xFF, 0xFF, 0xFF, 0xFF, 0xFF, 
    0xFF, 0xFF, 0xFF, 0xFF, 0xFF, 0xFF, 0xFF, 0xFF, 0xFF, 0xFF, 0xFF, 0x00, 
    0x00, 0x00, 0x00, 0x00, 0x00, 0x00, 0x00, 0x00, 0x00, 0x00, 0x00, 0x00, 
    0x00, 0x00, 0xFF, 0xFF, 0x00, 0xFF, 0xFF, 0xFF, 0xFF, 0xFF, 0xFF, 0xFF, 
    0xFF, 0xFF, 0xFF, 0xFF, 0xFF, 0xFF, 0xFF, 0xFF, 0xFF, 0xFF, 0xFF, 0x00, 
    0x00, 0x00, 0x00, 0x00, 0x00, 0x00, 0x00, 0x00, 0x00, 0x00, 0x00, 0x00, 
    0xFF, 0xFF, 0xFF, 0xFF, 0xFF, 0xFF, 0xFF, 0xFF, 0xFF, 0xFF, 0xFF, 0xFF, 
    0xFF, 0xFF, 0xFF, 0xFF, 0x00, 0x00, 0x00, 0x00, 0x00, 0x00, 0x00, 0x00, 
    0x00, 0x00, 0x00, 0x00, 0x00, 0x00, 0x00, 0x00, 0x00, 0x00, 0xFF, 0xFF, 
    0xFF, 0xFF, 0xFF, 0xFF, 0xFF, 0xFF, 0xFF, 0xFF, 0xFF, 0xFF, 0xFF, 0xFF, 
    0xFF, 0xFF, 0xFF, 0xFF, 0x00, 0x00, 0x00, 0x00, 0x00, 0x00, 0x00, 0x00, 
    0x00, 0x00, 0x00, 0x00, 0x00, 0x00, 0x00, 0xFF, 0xFF, 0xFF, 0xFF, 0xFF, 
    0xFF, 0xFF, 0xFF, 0xFF, 0xFF, 0xFF, 0xFF, 0xFF, 0xFF, 0xFF, 0x00, 0x00, 
    0x00, 0x00, 0x00, 0x00, 0x00, 0x00, 0x00, 0x00, 0x00, 0x00, 0x00, 0x00, 
    0xFF, 0xFF, 0xFF, 0xFF, 0xFF, 0xFF, 0xFF, 0xFF, 0xFF, 0xFF, 0xFF, 0xFF, 
    0xFF, 0xFF, 0xFF, 0xFF, 0x00, 0x00, 0x00, 0x00, 0x00, 0x00, 0x00, 0x00, 
    0x00, 0x00, 0x00, 0x00, 0x00, 0x00, 0x00, 0x00, 0x00, 0x00, 0xFF, 0xFF, 
    0xFF, 0xFF, 0xFF, 0xFF, 0xFF, 0xFF, 0xFF, 0xFF, 0xFF, 0xFF, 0xFF, 0xFF, 
    0xFF, 0xFF, 0xFF, 0xFF, 0xFF, 0xFF, 0xFF, 0xFF, 0xFF, 0x00, 0x00, 0x00, 
    0x00, 0x00, 0x00, 0x00, 0x00, 0x00, 0x00, 0x00, 0x00, 0x00, 0x00, 0xFF, 
    0xFF, 0xFF, 0xFF, 0xFF, 0xFF, 0xFF, 0xFF, 0xFF, 0xFF, 0xFF, 0xFF, 0xFF, 
    0xFF, 0xFF, 0xFF, 0x00, 0x00, 0x00, 0x00, 0x00, 0x00, 0x01, 0x00, 0x00, 
    0x00, 0x00, 0x00, 0x00, 0x00, 0x00, 0x00, 0x00, 0x00, 0x00, 0x00, 0xFF, 
    0xFF, 0xFF, 0xFF, 0xFF, 0xFF, 0xFF, 0xFF, 0xFF, 0xFF, 0xFF, 0xFF, 0xFF, 
    0xFF, 0x00, 0x00, 0x00, 0x00, 0x00, 0x00, 0x00, 0x00, 0x00, 0x00, 0x00, 
    0x00, 0x00, 0x00, 0x00, 0xFF, 0xFF, 0xFF, 0xFF, 0xFF, 0xFF, 0xFF, 0xFF, 
    0xFF, 0xFF, 0xFF, 0xFF, 0xFF, 0xFF, 0xFF, 0xFF, 0x00, 0x00, 0x00, 0x00, 
    0x00, 0x00, 0x00, 0x00, 0x00, 0x00, 0x00, 0x00, 0x00, 0x00, 0x00, 0x00, 
    0xFF, 0xFF, 0xFF, 0xFF, 0xFF, 0xFF, 0xFF, 0xFF, 0xFF, 0xFF, 0xFF, 0xFF, 
    0x00, 0x00, 0x00, 0x00, 0x00, 0x00, 0x00, 0x00, 0x00, 0x00, 0x00, 0x00, 
    0x00, 0x00, 0x00, 0x00, 0x00, 0xFF, 0xFF, 0xFF, 0xFF, 0xFF, 0xFF, 0xFF, 
    0xFF, 0xFF, 0xFF, 0xFF, 0xFF, 0xFF, 0xFF, 0xFF, 0xFF, 0xFF, 0xFF, 0xFF, 
    0xFF, 0xFF, 0xFF, 0xFF, 0x00, 0x00, 0x00, 0x00, 0x00, 0x00, 0x00, 0x00, 
    0x00, 0x00, 0x00, 0x00, 0x00, 0x00, 0x00, 0x00, 0x00, 0x00, 0x00, 0x00, 
    0x00, 0x00, 0x00, 0xFF, 0xFF, 0xFF, 0xFF, 0xFF, 0xFF, 0xFF, 0xFF, 0xFF, 
    0xFF, 0xFF, 0xFF, 0xFF, 0xFF, 0xFF, 0xFF, 0xFF, 0xFF, 0xFF, 0xFF, 0xFF, 
    0x00, 0x00, 0x00, 0x00, 0x00, 0x00, 0x00, 0x00, 0x00, 0xFF, 0xFF, 0xFF, 
    0xFF, 0xFF, 0xFF, 0xFF, 0xFF, 0xFF, 0xFF, 0xFF, 0xFF, 0xFF, 0xFF, 0xFF, 
    0x00, 0x00, 0x00, 0x00, 0x00, 0x00, 0x00, 0x00, 0x00, 0x00, 0x00, 0x00, 
    0x00, 0x00, 0x00, 0x00, 0xFF, 0xFF, 0xFF, 0xFF, 0xFF, 0xFF, 0xFF, 0xFF, 
    0xFF, 0xFF, 0x00, 0x00, 0x00, 0x00, 0x00, 0x00, 0x00, 0x00, 0x00, 0x00, 
    0x00, 0x00, 0x00, 0x00, 0x00, 0x00, 0x00, 0x00, 0x00, 0x00, 0xFF, 0xFF, 
    0xFF, 0xFF, 0xFF, 0xFF, 0xFF, 0xFF, 0xFF, 0xFF, 0xFF, 0xFF, 0xFF, 0xFF, 
    0xFF, 0xFF, 0xFF, 0xFF, 0xFF, 0xFF, 0x00, 0x00, 0x00, 0x00, 0x00, 0x00, 
    0x00, 0x00, 0x00, 0x00, 0x00, 0x00, 0x00, 0x00, 0x00, 0x00, 0x00, 0x00, 
    0x00, 0xFF, 0xFF, 0xFF, 0xFF, 0xFF, 0xFF, 0xFF, 0xFF, 0xFF, 0xFF, 0xFF, 
    0xFF, 0xFF, 0xFF, 0xFF, 0x00, 0x00, 0x00, 0x00, 0x00, 0x00, 0x00, 0x00, 
    0xFF, 0xFF, 0x00, 0x00, 0x00, 0x00, 0x00, 0x00, 0x00, 0x00, 0x00, 0x00, 
    0x00, 0x00, 0x00, 0x00, 0x00, 0x00, 0xFF, 0xFF, 0xFF, 0xFF, 0xFF, 0xFF, 
    0xFF, 0xFF, 0xFF, 0xFF, 0xFF, 0xFF, 0xFF, 0xFF, 0xFF, 0x00, 0x00, 0x00, 
    0x00, 0x00, 0x00, 0x00, 0x00, 0x00, 0x00, 0x00, 0x00, 0x00, 0x00, 0xFF, 
    0xFF, 0xFF, 0xFF, 0xFF, 0xFF, 0xFF, 0xFF, 0xFF, 0xFF, 0xFF, 0xFF, 0xFF, 
    0x00, 0x00, 0x00, 0x00, 0x00, 0x00, 0x00, 0x00, 0x00, 0x00, 0x00, 0x00, 
    0x00, 0x00, 0x00, 0x00, 0x00, 0x00, 0x00, 0xFF, 0xFF, 0xFF, 0xFF, 0xFF, 
    0xFF, 0xFF, 0xFF, 0xFF, 0xFF, 0xFF, 0xFF, 0xFF, 0xFF, 0xFF, 0x00, 0x00, 
    0x00, 0x00, 0x00, 0x00, 0x00, 0x00, 0x00, 0x00, 0x00, 0x00, 0xFF, 0xFF, 
    0xFF, 0xFF, 0xFF, 0xFF, 0xFF, 0xFF, 0xFF, 0xFF, 0xFF, 0xFF, 0xFF, 0xFF, 
    0x00, 0x00, 0x00, 0x00, 0x00, 0x00, 0x00, 0x00, 0x00, 0x00, 0x00, 0x00, 
    0x00
};

